tweet_id,created_at,date,hour,weekday,username,tweet_text_raw,text_clean,likes,retweets,views,sentiment_negative,sentiment_neutral,sentiment_positive,sentiment_confidence,sentiment_score,sentiment
1769420471983100278,2024-03-17T10:48:09Z,2024-03-17,10,Sunday,dreamwieber,"Almost forgot to share this – my app Vibescape for #AppleVisionPro made it onto Apple's 'best of spatial computing' list 🤯 I'm getting close to finished with the update, which I've been working so hard on. Thanks so much for everyone who's supported this indie app! ✨ https://t.co/WDEOuMdWyt",almost forgot share app vibescape applevisionpro made onto apple best spatial computing list getting close finished update working hard thanks much everyone supported indie app URL,4,1,246,0.0021238347981125,0.0114649189636111,0.9864112734794616,0.9864112734794616,0.9842874386813492,Positive
1769416672518226109,2024-03-17T10:33:03Z,2024-03-17,10,Sunday,vikrantnyc,"Trying to install @solflare_wallet on the #AppleVisionPro mid flight so I can continue my #Solana meme-ing. @cakewallet has Solana and Solana tokens, but we haven’t linked it to Jupiter or Raydium yet. I guess we need to do that. https://t.co/aeN0dm8eND",trying install USER applevisionpro mid flight continue solana USER solana solana token linked jupiter raydium yet guess need URL,15,2,1945,0.0185408778488636,0.710322916507721,0.2711361944675445,0.710322916507721,0.2525953166186809,Neutral
1769415288242557044,2024-03-17T10:27:33Z,2024-03-17,10,Sunday,marrrklawson,"I’ve said this since day one, and was almost burned at the stake for it. 😂 But, it’s just common sense. It’ll take quite some time, if ever before something like Apple Vision Pro and the others will be anywhere close to mainstream. #AppleVisionPro 🥽",said since day one almost burned stake common sense take quite time ever something like apple vision pro others anywhere close mainstream applevisionpro,0,0,57,0.158764973282814,0.3414791226387024,0.4997559785842895,0.4997559785842895,0.3409910053014755,Positive
1769393400682283017,2024-03-17T09:00:35Z,2024-03-17,9,Sunday,billionsbits,Breaking💥 Apple purchases AI firm DarwinAI. #apple #ai #darwinai #AppleJack #AppleTV #iphone #mac #iPad #AppleWatch #AppleVisionPro @Apple https://t.co/Oyu2aEpPV3,apple purchase ai firm darwinai apple ai darwinai applejack appletv iphone mac ipad applewatch applevisionpro USER URL,0,0,43,0.0043689301237463,0.5006252527236938,0.4950057864189148,0.5006252527236938,0.4906368562951684,Neutral
1769362919391654088,2024-03-17T06:59:27Z,2024-03-17,6,Sunday,hefields3,Them: What are you doing for spring break? Me: Breakin (with my #AppleVisionPro) https://t.co/HpXchRdFgo,spring break breakin applevisionpro URL,1,0,192,0.0039317072369158,0.7375077605247498,0.2585605680942535,0.7375077605247498,0.2546288608573377,Neutral
1769361399975657821,2024-03-17T06:53:25Z,2024-03-17,6,Sunday,enilev,@FrRonconi @ZARA @Hana_ElSayyed @Shi4Tech @CurieuxExplorer @anand_narang @Fabriziobustama @fogle_shane @Khulood_Almani @baski_LA Fantastic! A cool #AppleVisionPro ad as well as for #ZARA 🙌 Happy Sunday and happy #shopping 👋,USER USER USER USER USER USER USER USER USER USER fantastic cool applevisionpro ad well zara happy sunday happy shopping,3,0,34,0.0021240734495222,0.0068420958705246,0.9910338521003724,0.9910338521003724,0.98890977865085,Positive
1769340041480867880,2024-03-17T05:28:33Z,2024-03-17,5,Sunday,bunchesframing,@BeauNouvelle @ilyamiskov Do the demo to see the future. Perhaps AVP is out of budget? Wait for the cheaper visionOS product release. It’s next up. I am a non-iOS developer. I love #AppleVisionPro. Use it almost daily.,USER USER demo see future perhaps avp budget wait cheaper visionos product release next developer love applevisionpro use almost daily,0,0,32,0.0087822768837213,0.1125917732715606,0.8786259889602661,0.8786259889602661,0.8698437120765448,Positive
1769334739561775558,2024-03-17T05:07:29Z,2024-03-17,5,Sunday,guruhitech1,Apple Vision Pro entra in sala operatoria: la tecnologia al servizio della chirurgia #AppleVisionPro #medicina #chirurgia #Apple #salute #ospedale https://t.co/YSzuquxCkp,apple vision pro entra sala operatoria la tecnologia al servizio della chirurgia applevisionpro medicina chirurgia apple salute ospedale URL,0,0,49,0.0114784566685557,0.5460318922996521,0.4424896240234375,0.5460318922996521,0.4310111673548817,Neutral
1769286570933100546,2024-03-17T01:56:04Z,2024-03-17,1,Sunday,technologix,New technologies #applevisionpro https://t.co/B4ixR27kXR,new technology applevisionpro URL,6,4,112,0.0125671494752168,0.5439925193786621,0.443440318107605,0.5439925193786621,0.4308731686323881,Neutral
1769193939817705818,2024-03-16T19:47:59Z,2024-03-16,19,Saturday,om_arie_,Om Tekno Trend: Apple Vision Pro - Membawa Era Realitas Augmentasi Ke Level Berikutnya https://t.co/Oi5VQxYe1Y #Apple #AppleVisionPro @Apple @iBoxIndonesia https://t.co/HFAl8EG24v,om tekno trend apple vision pro membawa era realitas augmentasi ke level berikutnya URL apple applevisionpro USER USER URL,0,0,52,0.0045997379347682,0.7521502375602722,0.2432501018047332,0.7521502375602722,0.238650363869965,Neutral
1769186965511905321,2024-03-16T19:20:17Z,2024-03-16,19,Saturday,_imaginable_,@tokufxug Wow! Is this #RealityComposerPro Shader Graph documentation new or was it always there? #AppleVisionPro 🤔,USER wow realitycomposerpro shader graph documentation new always applevisionpro,0,0,28,0.008499002084136,0.2590549290180206,0.7324460744857788,0.7324460744857788,0.7239470724016428,Positive
1769172645566890097,2024-03-16T18:23:22Z,2024-03-16,18,Saturday,richardkimphd,#AppleVisionPro App Store now viewable from web browsers https://t.co/bqr8aLqgIW #Apple launched a web version of the App Store for its new #AR/#VR headset #AppleVisionPro. This allows users to browse available apps without owning the headset.,applevisionpro app store viewable web browser URL apple launched web version app store new vr headset applevisionpro allows user browse available apps without owning headset,1,0,55,0.0019933676812797,0.2141358852386474,0.7838707566261292,0.7838707566261292,0.7818773889448494,Positive
1769122218641088629,2024-03-16T15:03:00Z,2024-03-16,15,Saturday,skarredghost,Surgeons perform UK's first operation using Apple's Vision Pro headset https://t.co/LWP1JQ84fF #MixedReality #SpatialComputing #AppleVisionPro,surgeon perform uk first operation using apple vision pro headset URL mixedreality spatialcomputing applevisionpro,1,0,488,0.0063428026624023,0.7850652933120728,0.208591878414154,0.7850652933120728,0.2022490757517516,Neutral
1769061234798649822,2024-03-16T11:00:40Z,2024-03-16,11,Saturday,hwbranded,TECH SPOTLIGHT: The Apple Vision Pro redefines augmented reality with its sleek design and intuitive eye-hand tracking. 🚀👓 #AppleVisionPro #TechInnovation PC: Apple https://t.co/Q9KCieLIR9,tech spotlight apple vision pro redefines augmented reality sleek design intuitive tracking applevisionpro techinnovation pc apple URL,0,0,81,0.0021257216576486,0.0447638742625713,0.9531104564666748,0.9531104564666748,0.950984734809026,Positive
1768997861566361694,2024-03-16T06:48:51Z,2024-03-16,6,Saturday,techhounder,"Vision Pro App Store Now Available Online, Browse Apps Before You Buy. #AppleVisionPro #Apple #AppStore https://t.co/pP5rPvYA4G",vision pro app store available online browse apps buy applevisionpro apple appstore URL,1,0,45,0.0027591567486524,0.3765696287155151,0.6206712126731873,0.6206712126731873,0.6179120559245348,Positive
1768932468059689268,2024-03-16T02:29:00Z,2024-03-16,2,Saturday,skarredghost,The Best Apple Vision Pro Games So Far - Our Top Picks For Spatial Gaming - @UploadVR https://t.co/miNxgZiJCF #Apple #AppleVisionPro #MixedReality,best apple vision pro game far top pick spatial gaming USER URL apple applevisionpro mixedreality,0,0,485,0.0020141911227256,0.0415182299911975,0.9564675688743592,0.9564675688743592,0.9544533777516336,Positive
1768857073809285298,2024-03-15T21:29:24Z,2024-03-15,21,Friday,dailydeals2buy,Exploring the Apple Vision Pro: A First-Generation VR Headset #apple #AppleVisionPro #AR #gadgets #Innovation #latest #samsung #Smartphones #TechNews #Technology #Virtualworld #VR https://t.co/b6AZi11ydS,exploring apple vision pro vr headset apple applevisionpro ar gadget innovation latest samsung smartphones technews technology virtualworld vr URL,1,0,42,0.0029472061432898,0.2224629819393158,0.7745898365974426,0.7745898365974426,0.7716426304541528,Positive
1768830948739858658,2024-03-15T19:45:36Z,2024-03-15,19,Friday,iamceeianes,"@JureKaramarko Clearly, they don't know anything about $CRH and prolly they're afraid to do dyor coz they might just eat their own words. 🫢 #PokemonGO #AppleVisionPro https://t.co/dJZRVqGEpA",USER clearly know anything crh prolly afraid dyor coz might eat word pokemongo applevisionpro URL,3,1,190,0.8536322116851807,0.1313413828611374,0.0150263691321015,0.8536322116851807,-0.8386058425530791,Negative
1768817377511096371,2024-03-15T18:51:40Z,2024-03-15,18,Friday,teveviral,Entérate de las últimas noticias de hoy 15 de Marzo #ia #aceitedepalma #applevisionpro #Noticias https://t.co/rXKdRqEVWL,entérate de la últimas noticias de hoy NUMBER de marzo ia aceitedepalma applevisionpro noticias URL,0,0,15,0.022121699526906,0.8971949815750122,0.0806832909584045,0.8971949815750122,0.0585615914314985,Neutral
1768810050766934229,2024-03-15T18:22:33Z,2024-03-15,18,Friday,javierdavalos,@OlusayoF @FigminXR I like it way better than with my #AppleVisionPro Scrolling with a motion controller’s thumb-stick is a delight!,USER USER like way better applevisionpro scrolling motion controller delight,1,0,103,0.0026267590001225,0.015884406864643,0.9814887642860411,0.9814887642860411,0.9788620052859188,Positive
1768753647217684590,2024-03-15T14:38:26Z,2024-03-15,14,Friday,realcastar,@JustHoopsGame #AppleVisionPro best of !,USER applevisionpro best,0,0,55,0.002711241133511,0.0621161013841629,0.9351726174354552,0.9351726174354552,0.9324613763019444,Positive
1768753110682374429,2024-03-15T14:36:18Z,2024-03-15,14,Friday,realcastar,@UploadVR @JustHoopsGame #AppleVisionPro best of!,USER USER applevisionpro best,0,0,71,0.0024124444462358,0.0336177125573158,0.9639698266983032,0.9639698266983032,0.9615573822520672,Positive
1768744463558398016,2024-03-15T14:01:56Z,2024-03-15,14,Friday,xperiencepodcas,The Apple vision pro are … #applevisionpro #Xperiencepodcast https://t.co/IyWyMeg3ED,apple vision pro applevisionpro xperiencepodcast URL,0,0,37,0.007054706569761,0.7348632216453552,0.2580820620059967,0.7348632216453552,0.2510273554362356,Neutral
1768719132495884360,2024-03-15T12:21:17Z,2024-03-15,12,Friday,yoon_ro_,Our environment is our window and background. #visionOS #visionPro #AppleVisionPro https://t.co/9EudNJROJy,environment window background visionos visionpro applevisionpro URL,1,0,289,0.0066628847271203,0.6694725155830383,0.3238645792007446,0.6694725155830383,0.3172016944736242,Neutral
1768676464126234625,2024-03-15T09:31:44Z,2024-03-15,9,Friday,technoidfr,Comment je vois l'avenir de la VR ? Ben c'est ici https://t.co/XqxRQQOCGt #VR #Quest3 #Applevisionpro https://t.co/q31KwXdk5Y,comment je vois de la vr ben ici URL vr applevisionpro URL,0,0,149,0.026536650955677,0.932974636554718,0.0404886901378631,0.932974636554718,0.0139520391821861,Neutral
1768666414242759027,2024-03-15T08:51:48Z,2024-03-15,8,Friday,mankindforward,"If your ""Preview"" (video) for your app gets stuck for hours and hours, check that it's between 15-30sec. Got me twice in a row. The error messages could be improved :-/ #AppleVisionPro https://t.co/YUdgjPanrU",preview video app get stuck hour hour check NUMBER got twice row error message could improved applevisionpro URL,0,0,54,0.9006859660148621,0.090055413544178,0.0092586576938629,0.9006859660148621,-0.8914273083209991,Negative
1768643764917055876,2024-03-15T07:21:48Z,2024-03-15,7,Friday,luxatic_pl,#Apple Vision Pro używane do ratowania życia - https://t.co/jwYO0kO0DZ #AppleVisionPro #AR #RzeczywistośćRozszerzona https://t.co/ze4r3Dz7JO,apple vision pro używane ratowania życia URL applevisionpro ar rzeczywistośćrozszerzona URL,0,0,21,0.0086663998663425,0.8813762664794922,0.1099572479724884,0.8813762664794922,0.1012908481061458,Neutral
1768482248830140452,2024-03-14T20:39:59Z,2024-03-14,20,Thursday,dilmerv,I love when devs find ways to make things work even before platform specific APIs become available 🚀🔥 Apple Vision Pro + Mobile w/ Geospatial API for Anchors 👇 By “Matt Hudson” who shared this experiment on LinkedIn. #AppleVisionPro https://t.co/LedEZtsICN,love devs find way make thing work even platform specific apis become available apple vision pro mobile geospatial api anchor matt hudson shared experiment linkedin applevisionpro URL,69,12,8736,0.0016224986175075,0.0197726357728242,0.9786049127578736,0.9786049127578736,0.976982414140366,Positive
1768465423794950517,2024-03-14T19:33:08Z,2024-03-14,19,Thursday,erico,"Introducing @tactilespace, a new way for ID and UX to build and explore hardware prototypes using #AppleVisionPro. Would you like to bring your model to life in an in-person demo? Send us a DM! Thank you to @fdotinc, @ori_living, and @fuseproject. https://t.co/RMJmbeWPWW",introducing USER new way id ux build explore hardware prototype using applevisionpro would like bring model life demo send u dm thank USER USER USER URL,5,1,224,0.0019505046075209,0.1012750342488288,0.8967744708061218,0.8967744708061218,0.8948239661986008,Positive
1768433143164309729,2024-03-14T17:24:51Z,2024-03-14,17,Thursday,xr_update,"""👀 Caught the latest buzz around #MetaQuest3 vs. #AppleVisionPro? Was Zuck's controversial comparison a PR slip or marketing gold? Decide for yourself! XR expert breakdown here: https://t.co/MiHtjIAELI 🎮⚡️#XR #tech"" https://t.co/IBvKsHCwLB",caught latest buzz around applevisionpro zuck controversial comparison pr slip marketing gold decide xr expert breakdown URL xr tech URL,1,0,55,0.0330203734338283,0.9073320627212524,0.059647548943758,0.9073320627212524,0.0266271755099296,Neutral
1768415690262819232,2024-03-14T16:15:30Z,2024-03-14,16,Thursday,76capital,Managing Partner @ChadStender had a great time trying out PGA TOUR Vision on Apple Vision Pro with @quintarinc's Jeff Jonas and Buddy Scott at THE PLAYERS Championship at TPC Sawgrass 🕶️⛳ #SportsTechVC #Sportsbiz #TPCSawgrass #AppleVisionPro https://t.co/23AbXp1K1V,managing partner USER great time trying pga tour vision apple vision pro USER jeff jonas buddy scott player championship tpc sawgrass sportstechvc sportsbiz tpcsawgrass applevisionpro URL,3,0,366,0.0011469541350379,0.0427529364824295,0.9561001062393188,0.9561001062393188,0.9549531521042808,Positive
1768399856001864091,2024-03-14T15:12:35Z,2024-03-14,15,Thursday,viadescapetv,Los #AppleVisionPro se cuelan en los quirófanos: ya han probado a operar con ellos para tener mejor control del paciente https://t.co/Da5LL2hiea,los applevisionpro se cuelan en los quirófanos ya han probado operar con ellos para tener mejor control del paciente URL,0,0,25,0.0169291868805885,0.8537213802337646,0.1293495148420334,0.8537213802337646,0.1124203279614448,Neutral
1768388850475208948,2024-03-14T14:28:51Z,2024-03-14,14,Thursday,harndefty,"@SnoopDogg Hey, there you are. #KateGate #AppleVisionPro #SNOOPY https://t.co/WxXEKoSAj0",USER hey kategate applevisionpro snoopy URL,1,0,175,0.0057393121533095,0.3465327620506286,0.6477279663085938,0.6477279663085938,0.6419886541552842,Positive
1768342589038579822,2024-03-14T11:25:02Z,2024-03-14,11,Thursday,vrtonung,"🚗💨 WROOM! Here I share exclusive demos: What it sounds like when an Audi R8 GT races past you at 200 km/h just a few meters away. Of course, using #spatialaudio https://t.co/AeZyAfKrQu #3DAudio #AppleVisionPro #Podcast #Technology #Innovation #latestshit https://t.co/vUJmiq8fM8",wroom share exclusive demo sound like audi gt race past NUMBER meter away course using spatialaudio URL applevisionpro podcast technology innovation latestshit URL,0,0,31,0.0042848233133554,0.5635055303573608,0.4322096109390259,0.5635055303573608,0.4279247876256704,Neutral
1768340287108321599,2024-03-14T11:15:53Z,2024-03-14,11,Thursday,licscooby03,"Lo digo sinceramente, el país está en paz... Atte : #AMLOelReyDeLaCorrupcionMentiraYMuerte #VisionDelBienestar #AppleVisionPro https://t.co/Ypg4NifPkD",lo digo sinceramente el país está en paz atte amloelreydelacorrupcionmentiraymuerte visiondelbienestar applevisionpro URL,0,0,43,0.0102734537795186,0.7846348285675049,0.2050918042659759,0.7846348285675049,0.1948183504864573,Neutral
1768311431982989731,2024-03-14T09:21:13Z,2024-03-14,9,Thursday,ninaflux,HawaiiXR hosted an AVP demo night! So much fun 🔥 #AppleVisionPro #Honolulu #HawaiiXR #SpatialComputing #VR #AR #MixedReality #ExtendedReality https://t.co/XlYE93gzAl,hawaiixr hosted avp demo night much fun applevisionpro honolulu hawaiixr spatialcomputing vr ar mixedreality extendedreality URL,2,0,94,0.0013161576353013,0.0201348066329956,0.978549063205719,0.978549063205719,0.9772329055704176,Positive
1768296867064926538,2024-03-14T08:23:21Z,2024-03-14,8,Thursday,ppe_pl,#AppleVisionPro ze wsparciem 12 języków! 🔥 #Apple przygotowuje się do globalnego debiutu? 😲 https://t.co/BSopXGqf8u,applevisionpro ze wsparciem NUMBER języków apple przygotowuje się globalnego debiutu URL,0,0,276,0.0062411688268184,0.1033942997455596,0.8903645873069763,0.8903645873069763,0.8841234184801579,Positive
1768283716567048666,2024-03-14T07:31:05Z,2024-03-14,7,Thursday,mtdupdates,"3D-Audio dank Apple Vision Pro? Martin Rieger erklärt, was 3D-Audio ist und wie es verschiedene Branchen verändern wird. Am 26.03. wird er auch beim @Digital_bf darüber sprechen #applevisionpro #virtualreality #audio #3daudio #morethandigital https://t.co/JwtMES8CFR",dank apple vision pro martin rieger erklärt ist und wie e verschiedene branchen verändern wird NUMBER wird er auch beim USER darüber sprechen applevisionpro virtualreality audio morethandigital URL,0,0,45,0.015421544201672,0.7543206810951233,0.2302577942609787,0.7543206810951233,0.2148362500593066,Neutral
1768280593156935901,2024-03-14T07:18:41Z,2024-03-14,7,Thursday,victoriaaaaali,Tracking the International Space Station from the ISS! #AppleVisionPro #VisionPro #visionOS #Apple #environment #ISS #NASA #InternationalSpaceStation #Developer #SwiftUI #Xcode #WomenInTech #Space #App @lindadong @visionOS_news @visionOSfan @SarahPerezTC https://t.co/BSd66NuXWj,tracking international space station iss applevisionpro visionpro visionos apple environment iss nasa internationalspacestation developer swiftui xcode womenintech space app USER USER USER USER URL,1,0,111,0.0048127779737114,0.6070927381515503,0.3880944848060608,0.6070927381515503,0.3832817068323493,Neutral
1768260804707570157,2024-03-14T06:00:03Z,2024-03-14,6,Thursday,itmanagement_de,"Entwicklungsteams haben das Potenzial von AR längst erkannt. #AppleVisionPro könnte für die großflächige Anwendung in der Industrie entscheidend werden. Ismar Efendic, CTO DC Smarter sieht darin revolutionäre Chancen – auch für Betreiber von Rechenzentren. https://t.co/dgXJbOyBoj",entwicklungsteams haben da potenzial von ar längst erkannt applevisionpro könnte für die großflächige anwendung der industrie entscheidend werden ismar efendic cto dc smarter sieht darin revolutionäre chancen auch für betreiber von rechenzentren URL,0,0,28,0.0288424771279096,0.6993939280509949,0.2717635929584503,0.6993939280509949,0.2429211158305406,Neutral
1768249703257215322,2024-03-14T05:15:56Z,2024-03-14,5,Thursday,hellomenopee,Looks like Daniel has marketed the future to me in a way Apple never could. ;) @pushmatrix Now let me check my Visa balance... #AppleVisionPro,look like daniel marketed future way apple never could USER let check visa balance applevisionpro,3,0,209,0.0041623343713581,0.0641814693808555,0.9316561818122864,0.9316561818122864,0.9274938474409282,Positive
1768231803892973634,2024-03-14T04:04:48Z,2024-03-14,4,Thursday,harndefty,"I wonder if Elon Musk or other rich people have ever thought, let's make a poor person happy today and buy them a Mustang? #ChampionsLeague #RamadanKareem #AppleVisionPro #Nft",wonder elon musk rich people ever thought let make poor person happy today buy mustang championsleague ramadankareem applevisionpro nft,1,0,41,0.0965379625558853,0.544508159160614,0.3589538931846618,0.544508159160614,0.2624159306287765,Neutral
1768220535098323241,2024-03-14T03:20:02Z,2024-03-14,3,Thursday,riccardoconsult,🌟📱 Pronti a trasformare il mondo con un'app per Apple Vision Pro? 🚀 Lascia che la tua creatività esploda mentre ti immergi nelle infinite possibilità offerte dalla tecnologia di visione di Apple!! 🌟📱 #InnovazioneDigitale #AppleVisionPro #SfidaIlFuturo https://t.co/b5dU8I1HLq,pronti trasformare il mondo con per apple vision pro lascia che la tua creatività esploda mentre ti immergi nelle infinite possibilità offerte dalla tecnologia di visione di apple innovazionedigitale applevisionpro sfidailfuturo URL,0,0,25,0.0036181809846311,0.1445882469415664,0.8517935872077942,0.8517935872077942,0.848175406223163,Positive
1768217494852919442,2024-03-14T03:07:57Z,2024-03-14,3,Thursday,nsaha22,📢London’s Cromwell Hospital Uses Apple’s Vision Pro in Spinal Surgery @CromwellHosp #London @Apple #AppleVisionPro #DHN @DHNInsight 📌Read more: https://t.co/d8mFTzfNhc,cromwell hospital us apple vision pro spinal surgery USER london USER applevisionpro dhn USER URL,0,0,34,0.0041555315256118,0.8296971321105957,0.1661474108695984,0.8296971321105957,0.1619918793439865,Neutral
1768209141980344555,2024-03-14T02:34:45Z,2024-03-14,2,Thursday,custompc_uk,"Apple 2023 MacBook Pro Laptop M3 1TB £1,699.97 🛒 https://t.co/Sc6xeGPuRE 📦Amazon Prime Free 30 Day Trial https://t.co/CwH37fGkxd *price + stock can change daily* #AmazonUK #ad #MacBookPro #M3 #iPhone15 #AppleVisionPro #Apple #iPhone15ProMax #Gaming #iOS17 #4K #MacBookAir",apple NUMBER macbook pro laptop NUMBER NUMBER URL prime free NUMBER day trial URL price stock change daily amazonuk ad macbookpro applevisionpro apple gaming macbookair,1,0,111,0.0035217741969972,0.3566570580005646,0.6398211717605591,0.6398211717605591,0.6362993975635618,Positive
1768209054004813905,2024-03-14T02:34:24Z,2024-03-14,2,Thursday,ceotechi,Apple Vision Pro: 12 lingue e 9 paesi nel mirino e l'Italia? #Apple #AppleVisionPro #AR #Espansione #Metaverso #MR #Notizie #Novità #PianiAziendali #RealtàMista #RealtàVirtuale #Tech #TechNews #Tecnologia #VisionPro #visionOS #VisoreAR https://t.co/5jGE14gA3Q https://t.co/CArypZlNtp,apple vision pro NUMBER lingue e NUMBER paesi nel mirino e apple applevisionpro ar espansione metaverso mr notizie novità pianiaziendali realtàmista realtàvirtuale tech technews tecnologia visionpro visionos visorear URL URL,2,2,53,0.0083966152742505,0.840367317199707,0.1512360274791717,0.840367317199707,0.1428394122049212,Neutral
1768158808382333151,2024-03-13T23:14:45Z,2024-03-13,23,Wednesday,mralexedtech,"I got to try the #AppleVisionPro at @SASchina today! I used it for 10 only minutes, but my first impression was ""wow"". Typing and interacting with windows was surprisingly intuitive. The sound and visuals were amazing. As someone who isn't sold on VR, this is a 10 out 10. https://t.co/wzQFu6455Q",got try applevisionpro USER today used NUMBER minute first impression wow typing interacting window surprisingly intuitive sound visuals amazing someone sold vr NUMBER NUMBER URL,22,0,593,0.0034722383134067,0.012413983233273,0.9841138124465942,0.9841138124465942,0.9806415741331876,Positive
1768154947323822529,2024-03-13T22:59:24Z,2024-03-13,22,Wednesday,glebkobr,"#Apple is the only tech stock that has negative result in YTD. #AppleVisionPro hype lasted 2 weeks, because it is expensive PoS. #EU makes #Apple pay 2b$ of fines. Apple car (10b of R&amp;D expenses) production will never be produced. @WarrenBuffett sells more&amp;more of Apple.",apple tech stock negative result ytd applevisionpro hype lasted NUMBER week expensive po eu make apple pay fine apple car r amp expense production never produced USER sell amp apple,0,0,69,0.8328030705451965,0.1478065997362136,0.0193903222680091,0.8328030705451965,-0.8134127482771873,Negative
1768133137446694932,2024-03-13T21:32:44Z,2024-03-13,21,Wednesday,notetech_10,We indians fount the best use for the Apple Vision Pro 🤣🤣 #AppleVisionPro #Apple #Android #TechNews @iHateApplee 😂 https://t.co/vrz2Lq8eR8,indian fount best use apple vision pro applevisionpro apple android technews USER URL,2,0,141,0.0050614359788596,0.0809865593910217,0.9139519929885864,0.9139519929885864,0.9088905570097268,Positive
1768119476048814269,2024-03-13T20:38:27Z,2024-03-13,20,Wednesday,80level,.@pushmatrix presented a cool setup that lets one preview 3D Blender scenes in AR in real-time. The setup is set to go open-source in the coming weeks: https://t.co/RQKHcVd39Y #ar #AugmentedReality #AppleVisionPro #VisionPro #blender #blender3d #b3d #blendercommunity #3dart #3d https://t.co/jFA296Vsh1,USER presented cool setup let one preview blender scene ar setup set go coming week URL ar augmentedreality applevisionpro visionpro blender blendercommunity URL,227,39,17589,0.0018129035597667,0.1014251112937927,0.8967620134353638,0.8967620134353638,0.8949491098755971,Positive
1768077014706315583,2024-03-13T17:49:44Z,2024-03-13,17,Wednesday,claytondubya,"I know it useful for sure, but are people using the #AppleVisionPro ? Seems like the hype fizzled quick 🤔",know useful sure people using applevisionpro seems like hype fizzled quick,1,0,62,0.2359120398759842,0.5041666626930237,0.2599213123321533,0.5041666626930237,0.0240092724561691,Neutral
1768055770774430045,2024-03-13T16:25:19Z,2024-03-13,16,Wednesday,macmagazine,"Conhecida por criar acabamentos superluxuosos em ouro, a empresa russa CAVIAR apresentou recentemente uma nova personalização para #iPhone que busca tornar o aparelho mais parecido com o badalado #AppleVisionPro. Como é possível notar nas imagens, o… https://t.co/C59Pe3Nmde",conhecida por criar acabamentos superluxuosos em ouro empresa russa caviar apresentou recentemente uma nova personalização para iphone que busca tornar aparelho mais parecido com badalado applevisionpro como é possível notar na imagens URL,2,0,1623,0.0497537031769752,0.8510587811470032,0.0991875529289245,0.8510587811470032,0.0494338497519493,Neutral
1767997723276448013,2024-03-13T12:34:39Z,2024-03-13,12,Wednesday,untold_23,#ArtificialIntelligence has revealed what the world will look like in 5 years. #AppleVisionPro #Transhumanism #SocialCreditSystem #NWO #WEF2030Agenda #GreatReset #CarbonFootPrint #HungerGames #vonderleyen #KlausSchwab #BillGates https://t.co/WssnZB3awL,artificialintelligence revealed world look like NUMBER year applevisionpro transhumanism socialcreditsystem nwo greatreset carbonfootprint hungergames vonderleyen klausschwab billgates URL,0,0,42,0.0100594358518719,0.4236629605293274,0.5662775635719299,0.5662775635719299,0.556218127720058,Positive
1767965229256733014,2024-03-13T10:25:32Z,2024-03-13,10,Wednesday,trustandmarket,"🚀 Nouvelle Ère de Prod Musicale: Apple Vision Pro &amp; RipX DAW! 🎶 🎵 Expérience Unique: Marchez parmi vos compositions, touchez et modèlez la musique en 3D. 🌠 L'avenir? Votre vision sur cette avancée qui promet de remodeler la production musicale. #AppleVisionPro #RipXDAW https://t.co/SYIpLjzp1Q",nouvelle ère de prod musicale apple vision pro amp ripx daw expérience unique marchez parmi vos composition touchez et modèlez la musique en votre vision sur cette avancée qui promet de remodeler la production musicale applevisionpro ripxdaw URL,0,0,48,0.0050165387801826,0.6724680066108704,0.322515457868576,0.6724680066108704,0.3174989190883934,Neutral
1767945752876065125,2024-03-13T09:08:08Z,2024-03-13,9,Wednesday,amazingchevvolt,Hmmmmm....... @Apple #AppleVisionPro 👀,hmmmmm USER applevisionpro,1,1,87,0.0060262554325163,0.8018549680709839,0.1921187192201614,0.8018549680709839,0.1860924637876451,Neutral
1767936263540068816,2024-03-13T08:30:26Z,2024-03-13,8,Wednesday,mashableindia,Surgeons In The UK Use Apple’s Vision Pro Headset In Spine Surgery For The First Time; Read Full Story Here #technews #apple #applevisionpro https://t.co/RrG3CJRFpf,surgeon uk use apple vision pro headset spine surgery first time read full story technews apple applevisionpro URL,0,0,59,0.0041401428170502,0.6172361373901367,0.3786237239837646,0.6172361373901367,0.3744835811667144,Neutral
1767914584696934893,2024-03-13T07:04:17Z,2024-03-13,7,Wednesday,itecbcn,"Avui a l'ITB, de la mà d'@InvelonTech, hem comparat totes les darreres versions de les ulleres de realitat virtual: #AppleVisionPro, #MetaQuest3, #Pico4. Apassionant!!! @consorciedubcn @educaciocat @Bcn_NouBarris @BCN_digital @la_UPC #FP #be_pro @FPCAT @fpcatalunya https://t.co/KVq6qwmPTU",avui de la mà USER hem comparat tote le darreres version de le ulleres de realitat virtual applevisionpro apassionant USER USER USER USER USER fp USER USER URL,17,4,516,0.0118649573996663,0.5947930812835693,0.3933420479297638,0.5947930812835693,0.3814770905300975,Neutral
1767896709273674189,2024-03-13T05:53:16Z,2024-03-13,5,Wednesday,b2bfinances,#Apple Vision Pro lanza innovadora aplicación de #cripto - metaverso Victoria VR impulsa la realidad virtual con su innovadora aplicación de #metaverso para Apple Vision Pro https://t.co/W58iaGUcst #applevisionpro #b2bfinances #acciones #trader,apple vision pro lanza innovadora aplicación de cripto metaverso victoria vr impulsa la realidad virtual con su innovadora aplicación de metaverso para apple vision pro URL applevisionpro acciones trader,0,0,35,0.0089814141392707,0.8103978633880615,0.1806207001209259,0.8103978633880615,0.1716392859816551,Neutral
1767870210562818080,2024-03-13T04:07:58Z,2024-03-13,4,Wednesday,catherineadenle,Apple Vision Pro provides new medical and health app opportunities. https://t.co/oFMDIxrHvz #AppleVisionPro #Health #Apps #technews,apple vision pro provides new medical health app opportunity URL applevisionpro health apps technews,9,12,162,0.0018240795470774,0.1323109418153762,0.8658649921417236,0.8658649921417236,0.8640409125946462,Positive
1767839844867149839,2024-03-13T02:07:18Z,2024-03-13,2,Wednesday,yoni0000,@popcornsapp trop cool vous pensez qu'il vont parler de #AppleVisionPro,USER trop cool vous pensez vont parler de applevisionpro,0,0,136,0.0054536908864974,0.0547911822795867,0.9397551417350768,0.9397551417350768,0.9343014508485794,Positive
1767837819693596971,2024-03-13T01:59:15Z,2024-03-13,1,Wednesday,kraider93,"Virtual Level Tool by @Buzlapp is now live on our Apps for Apple Vision Pro directory, check it out! #AppleVisionPro #visionOS #VisionPro #SpatialComputing https://t.co/QlVJ6ju3fn",virtual level tool USER live apps apple vision pro directory check applevisionpro visionos visionpro spatialcomputing URL,5,1,336,0.0023163422010838,0.3073916137218475,0.6902920603752136,0.6902920603752136,0.6879757181741297,Positive
1767795690019692936,2024-03-12T23:11:51Z,2024-03-12,23,Tuesday,fore_excel,"Experience the future of #virtualcollaboration with #AppleVisionPro. Immerse yourself in lifelike #meetings, harnessing advanced features like gesture recognition &amp;spatial audio, many more. Contact #ForeExcel for more details. #PSVR2 #stockmarketcrash #Stockmarketnews https://t.co/jH2XrppP6N",experience future virtualcollaboration applevisionpro immerse lifelike meeting harnessing advanced feature like gesture recognition amp spatial audio many contact foreexcel detail stockmarketcrash stockmarketnews URL,1,0,319,0.0030993267428129,0.11426243185997,0.8826382160186768,0.8826382160186768,0.8795388892758638,Positive
1767747684377522523,2024-03-12T20:01:05Z,2024-03-12,20,Tuesday,julyclarion,Who's still using #AppleVisionPro ? 🕶️,still using applevisionpro,0,0,30,0.007764752022922,0.9018797278404236,0.0903555005788803,0.9018797278404236,0.0825907485559582,Neutral
1767747659786531114,2024-03-12T20:00:59Z,2024-03-12,20,Tuesday,mankindforward,Sometimes I just like to hangout in the Keynote environments on #AppleVisionPro https://t.co/RiaTmVjq36,sometimes like hangout keynote environment applevisionpro URL,1,0,73,0.0055403825826942,0.3503001928329468,0.6441594362258911,0.6441594362258911,0.6386190536431968,Positive
1767747095874953634,2024-03-12T19:58:45Z,2024-03-12,19,Tuesday,breakingtech__,iPhone 16 and 16 Pro Max camera design — iPhone 16 to introduce vertical camera setup inspired by Vision Pro iPhone 16 Pro Max to introduce a 10x telephoto along with a 5x lens introduced in 15 Pro Max #AppleVisionPro #iPhone16 https://t.co/nBU6WOtfOe,iphone NUMBER NUMBER pro max camera design iphone NUMBER introduce vertical camera setup inspired pro iphone NUMBER pro max introduce telephoto along lens introduced NUMBER pro max applevisionpro URL,1,1,410,0.0034665325656533,0.6515596508979797,0.3449738323688507,0.6515596508979797,0.3415072998031974,Neutral
1767736133918822793,2024-03-12T19:15:11Z,2024-03-12,19,Tuesday,technical_br01,Apple has announced users in the EU will soon be able to download apps directly from websites A developer would not have to distribute their app in the App Store or in an alternative app marketplace. #iPhone修理 #AppleTV #appleradio #AppleVisionPro #ApplyNow https://t.co/DV2iyjtCpQ,apple announced user eu soon able download apps directly website developer would distribute app app store alternative app marketplace iphone修理 appletv appleradio applevisionpro applynow URL,2,0,290,0.0030033104121685,0.3486523330211639,0.6483442783355713,0.6483442783355713,0.6453409679234028,Positive
1767735837838708794,2024-03-12T19:14:01Z,2024-03-12,19,Tuesday,justrogdigitec,"Today I broke out my #AppleVisionPro after upgrading to 1.1. Not much fixed IMO with eye tracking still strain inducing, I renewed my hate/hate relationship with the keyboard, but damn were the stereo videos I took cool to rewatch. This device is the sharpest double edged sword.",today broke applevisionpro upgrading NUMBER much fixed imo eye tracking still strain inducing renewed relationship keyboard damn stereo video took cool rewatch device sharpest double edged sword,2,0,332,0.878442108631134,0.10014558583498,0.0214122887700796,0.878442108631134,-0.8570298198610544,Negative
1767693912028721183,2024-03-12T16:27:25Z,2024-03-12,16,Tuesday,ascozjose,#AppleVisionPro va a transformar profundamente el entorno profesional! 🚀 #AI #AR #VR #Apple https://t.co/7ttUPssl4m,applevisionpro va transformar profundamente el entorno profesional ai ar vr apple URL,0,0,51,0.0025829193182289,0.1261392384767532,0.8712778091430664,0.8712778091430664,0.8686948898248374,Positive
1767677804458467520,2024-03-12T15:23:25Z,2024-03-12,15,Tuesday,bennettbuhner,"Towards the end of March, we get to see new iPads from Apple!!! Pros, Airs, and more?! Hard to say what's to all come in one go, but I can;t wait to see what Apple's been cooking! #Apple #iPhone15 #iPad #AppleVisionPro",towards end march get see new ipads apple pro air hard say come one go wait see apple cooking apple ipad applevisionpro,7,1,689,0.0015025824541226,0.011797921732068,0.9866994619369508,0.9866994619369508,0.985196879482828,Positive
1767651928853655937,2024-03-12T13:40:35Z,2024-03-12,13,Tuesday,comedykenyon,This man perfectly describes what the Apple Vision Pro is only used for . #AppleVisionPro #apple #xr #mixedreality https://t.co/vmmRbF3MwR,man perfectly describes apple vision pro used applevisionpro apple xr mixedreality URL,0,0,150,0.006882288493216,0.1562222838401794,0.8368954062461853,0.8368954062461853,0.8300131177529693,Positive
1767643496599482629,2024-03-12T13:07:05Z,2024-03-12,13,Tuesday,jblefevre60,#AppleVisionPro profoundly transforms your professional environment! #AI #AR #VR #Apple @SpirosMargaris @PawlowskiMario @mvollmer1 @gvalan @Shi4Tech @Fisher85M @LaurentAlaus @kalydeoo @DigitalColmer @Analytics_659 @ahier @tewoz @Khulood_Almani @enilev https://t.co/W9dYjbBx7W,applevisionpro profoundly transforms professional environment ai ar vr apple USER USER USER USER USER USER USER USER USER USER USER USER USER USER URL,30,25,6129,0.0022829149384051,0.066163845360279,0.9315532445907592,0.9315532445907592,0.929270329652354,Positive
1767618718681501961,2024-03-12T11:28:37Z,2024-03-12,11,Tuesday,spidermanspeak,@Cobratate Andrew Tate has been warning you about the upcoming dystopia: #AppleVisionPro https://t.co/H8IrZTFUAl,USER andrew tate warning upcoming dystopia applevisionpro URL,51,8,7122,0.0850671827793121,0.8368999361991882,0.0780328959226608,0.8368999361991882,-0.0070342868566513,Neutral
1767611403660329330,2024-03-12T10:59:33Z,2024-03-12,10,Tuesday,coinsgridlens,"💥 @Grayscale has its Eyes 👀 on $RENDER $1400. 💾📺🎮💻📲📽️👁️ ⭕️ for potential ETF!!….it will happen, just a matter of time. #Soon #RENDERETF W3N $RNDR ETF ?! 🤔🔥🚀🔎⏳⭕️ #Oscars2024 #Oscars #BTC #BitcoinETF #Render #Dpin #Gpu #Gaming #Holographic #LFL #Applevisionpro #Rendring #movie",USER eye render NUMBER potential etf happen matter time soon renderetf rndr etf oscar btc bitcoinetf render dpin gpu gaming holographic lfl applevisionpro rendring movie,4,0,465,0.0028030120301991,0.1106314808130264,0.8865654468536377,0.8865654468536377,0.8837624348234385,Positive
1767609185410154547,2024-03-12T10:50:45Z,2024-03-12,10,Tuesday,techtrendhub,"#Callsheet now native on #AppleVisionPro. No compatibility mode, full #visionOS integration. Subscription unlocks all devices. #TV #Movies https://t.co/y1caDNpbDQ",callsheet native applevisionpro compatibility mode full visionos integration subscription unlocks device tv movie URL,0,0,43,0.0048172613605856,0.5394622087478638,0.4557205140590668,0.5394622087478638,0.4509032526984811,Neutral
1767608417060098235,2024-03-12T10:47:41Z,2024-03-12,10,Tuesday,xr_vizion,"#AugmentedReality for surgery??? 🫨🫨 Revolutionizing healthcare one operation at a time! 🏥 @Apple Vision Pro headset steps into the OR, assisting surgeons at Cromwell Hospital in the UK 🇬🇧 Innovation meets #medicine for better patient care!🩺⚕️ #AppleVisionPro #surgery https://t.co/1OlLgddVb5",augmentedreality surgery revolutionizing healthcare one operation time USER vision pro headset step assisting surgeon cromwell hospital uk innovation meet medicine better patient care applevisionpro surgery URL,1,0,96,0.0032056414056569,0.1893289983272552,0.8074653148651123,0.8074653148651123,0.8042596734594554,Positive
1767582114818425192,2024-03-12T09:03:10Z,2024-03-12,9,Tuesday,soulspiregame,"Our adorable ghosts are back, and they're bringing the fun in Panic Mode! 🎉 Dive into the friendly frenzy as you navigate through the new challenges. Can you handle the heat as blocks fall in Panic Mode and conquer the puzzles? Let's find out! 👻💫 #applevisionpro https://t.co/W0X9Nt9PsQ",adorable ghost back bringing fun panic mode dive friendly frenzy navigate new challenge handle heat block fall panic mode conquer puzzle let find applevisionpro URL,3,0,147,0.0019804998300969,0.0233867708593606,0.9746326804161072,0.9746326804161072,0.9726521805860102,Positive
1767576882881364063,2024-03-12T08:42:23Z,2024-03-12,8,Tuesday,justonbrazda,#AppleVisionPro work setup. #Visionpro #applevision #apple https://t.co/IA2JJPpC26,applevisionpro work setup visionpro applevision apple URL,1,0,88,0.0041340179741382,0.5391231179237366,0.4567428827285766,0.5391231179237366,0.4526088647544384,Neutral
1767553764091695397,2024-03-12T07:10:31Z,2024-03-12,7,Tuesday,metav_insider,"⚕️-- @CromwellHosp UK pioneers the use of #AppleVisionPro for surgery with eXeX. A game-changer in surgical logistics and workflow, enhancing efficiency &amp; patient care. #HealthTech #InnovationInSurgery #AIHealthcare https://t.co/H4eYoBZUMi",USER uk pioneer use applevisionpro surgery exex surgical logistics workflow enhancing efficiency amp patient care healthtech innovationinsurgery aihealthcare URL,2,0,54,0.0025775728281587,0.0909591168165206,0.9064632654190063,0.9064632654190063,0.9038856925908476,Positive
1767546965917831616,2024-03-12T06:43:30Z,2024-03-12,6,Tuesday,aladin33125311,#ceek gonna break old Ath soon! #metaverse is coming back Lookat #meta stock and how #AppleVisionPro lead the #vr 🚀🚀🚀🚀🚀🚀🚀 https://t.co/bMq1xZ3p0R,ceek gon na break old ath soon metaverse coming back lookat meta stock applevisionpro lead vr URL,3,0,342,0.0026228255592286,0.1092197299003601,0.8881574273109436,0.8881574273109436,0.885534601751715,Positive
1767510595283144826,2024-03-12T04:18:59Z,2024-03-12,4,Tuesday,expresstechie,"Hey Apple, I tried the Vision Pro at one of your stores in Las Vegas #AppleVisionPro https://t.co/IRsd2L1Lky",hey apple tried vision pro one store la vega applevisionpro URL,5,1,2298,0.0036929824855178,0.4699147343635559,0.5263922810554504,0.5263922810554504,0.5226992985699326,Positive
1767497512724889707,2024-03-12T03:27:00Z,2024-03-12,3,Tuesday,hataf_news,Meta CEO Mark Zuckerberg Again Disparages #AppleVisionPro. https://t.co/VocE1K4T8S,meta ceo mark zuckerberg disparages applevisionpro URL,0,0,49,0.7242003679275513,0.2599604725837707,0.0158391762524843,0.7242003679275513,-0.708361191675067,Negative
1767491807221342461,2024-03-12T03:04:19Z,2024-03-12,3,Tuesday,wildlion04,@MartiniGuyYT I'm really expecting a pump from $OVR especially. @OVRtheReality has been so innovative and progressive since I joined back in December. From the launch of #Map2earn to #applevisionpro and now the #DePIN I hope $JUP and $WEN do pump as well.,USER really expecting pump ovr especially USER innovative progressive since joined back december launch applevisionpro depin hope jup wen pump well,1,0,10,0.0025625510606914,0.0205837525427341,0.9768536686897278,0.9768536686897278,0.9742911176290364,Positive
1767490780531495109,2024-03-12T03:00:15Z,2024-03-12,3,Tuesday,techgovind70399,VisionOS expands health app possibilities with Vision Pro Read more on https://t.co/319QDg6Uni #visions #possibilities #infinite #experiences #applevisionpro #healthcare #wellness #technology #technews #govindhtech @TechGovind70399 @apple #Apple https://t.co/LI2teSqxmB,visionos expands health app possibility vision pro read URL vision possibility infinite experience applevisionpro healthcare wellness technology technews govindhtech USER USER apple URL,0,0,40,0.00321841891855,0.3109630048274994,0.685818612575531,0.685818612575531,0.682600193656981,Positive
1767487732757286987,2024-03-12T02:48:08Z,2024-03-12,2,Tuesday,breakingtech__,Gaming on #Apple Vision Pro is MIND-BLOWING🔥 #AppleVisionPro https://t.co/LKO4eNsbr3,gaming apple vision pro applevisionpro URL,3,0,257,0.0019595669582486,0.0169253479689359,0.9811151623725892,0.9811151623725892,0.9791555954143404,Positive
1767468347375927400,2024-03-12T01:31:06Z,2024-03-12,1,Tuesday,techinstockuk,Apple iPhone 15 256GB Pink £799.00 🛒 https://t.co/qJOn7ATxpW 📦Amazon Prime Free 30 Day Trial https://t.co/LwwCrsFglL *price + stock can change daily* #AmazonUK #ad #iPhone15 #AppleVisionPro #Apple #iPhone15ProMax #Gaming #iOS17 #Restock #4K #AppleMusic #AppleTV #Smartphone,apple iphone NUMBER pink NUMBER URL prime free NUMBER day trial URL price stock change daily amazonuk ad applevisionpro apple gaming restock applemusic appletv smartphone,2,0,152,0.0030680696945637,0.2737039029598236,0.7232280373573303,0.7232280373573303,0.7201599676627666,Positive
1767468006009884902,2024-03-12T01:29:45Z,2024-03-12,1,Tuesday,techinstockuk,Apple iPhone 15 128GB Green £699.00 🛒 https://t.co/vdttzKbdZT 📦Amazon Prime Free 30 Day Trial https://t.co/LwwCrsFglL *price + stock can change daily* #AmazonUK #ad #iPhone15 #AppleVisionPro #Apple #iPhone15ProMax #Gaming #iOS17 #Restock #4K #AppleMusic #AppleTV #Smartphone,apple iphone NUMBER green NUMBER URL prime free NUMBER day trial URL price stock change daily amazonuk ad applevisionpro apple gaming restock applemusic appletv smartphone,2,0,141,0.0031533343717455,0.2730750143527984,0.7237716913223267,0.7237716913223267,0.7206183569505811,Positive
1767467743610122516,2024-03-12T01:28:42Z,2024-03-12,1,Tuesday,techinstockuk,Apple iPhone 15 128GB Blue £699.00 🛒 https://t.co/dQigpzHoml 📦Amazon Prime Free 30 Day Trial https://t.co/LwwCrsFglL *price + stock can change daily* #AmazonUK #ad #iPhone15 #AppleVisionPro #Apple #iPhone15ProMax #Gaming #iOS17 #Restock #4K #AppleMusic #AppleTV #Smartphone,apple iphone NUMBER blue NUMBER URL prime free NUMBER day trial URL price stock change daily amazonuk ad applevisionpro apple gaming restock applemusic appletv smartphone,2,0,143,0.0032006171531975,0.2928484678268432,0.7039508819580078,0.7039508819580078,0.7007502648048103,Positive
1767454026268836006,2024-03-12T00:34:12Z,2024-03-12,0,Tuesday,hasans41966609,@stufflistings 👍👍 #Apple #AppleVisionPro,USER apple applevisionpro,0,0,110,0.0028284275904297,0.072323553264141,0.9248479604721068,0.9248479604721068,0.9220195328816772,Positive
1767444442062147794,2024-03-11T23:56:07Z,2024-03-11,23,Monday,breakingtech__,"Surgical assistant, Suvi Verho utilised Apple Vision Pro in a spinal fusion surgery ""Using the headset eliminates human error...it takes away the guess work and gives you confidence in the surgery,"" Verho said in an interview #Apple #AppleVisionPro https://t.co/9MR8C3oEBV",surgical assistant suvi verho utilised apple vision pro spinal fusion surgery using headset eliminates human error take away guess work give confidence surgery verho said interview apple applevisionpro URL,3,0,200,0.0084937456995248,0.2940885722637176,0.697417676448822,0.697417676448822,0.6889239307492971,Positive
1767438038349783211,2024-03-11T23:30:40Z,2024-03-11,23,Monday,alokranjanswa16,@stufflistings That is very effective use of it but I think if 20% of the population starts using such devices it will feel like that we are living in a cyborg-type society. #Apple #AppleVisionPro,USER effective use think NUMBER population start using device feel like living society apple applevisionpro,0,0,214,0.0582297593355178,0.4075041711330414,0.5342661142349243,0.5342661142349243,0.4760363548994064,Positive
1767435357648269443,2024-03-11T23:20:01Z,2024-03-11,23,Monday,evankirstel,Surgeons perform UK's first operation using #AppleVisionPro headset https://t.co/q2FbDEjlmW #HIMSS24 https://t.co/8QVxKVt6Z7,surgeon perform uk first operation using applevisionpro headset URL URL,4,3,823,0.0063011171296238,0.8108952045440674,0.1828037202358245,0.8108952045440674,0.1765026031062007,Neutral
1767395795005854036,2024-03-11T20:42:48Z,2024-03-11,20,Monday,dissolvethecage,"Automated Zombies https://t.co/yMC0FtHKKt via @YouTube Digital lobotomies are all the rage these days! Share, like, subscribe to my Dissolve the Cage channel and help a talented man get discovered! #comedy #zombies #automation #AppleVisionPro #SoraAI #TikTok #GenZ",automated zombie URL via USER digital lobotomy rage day share like subscribe dissolve cage channel help talented man get discovered comedy zombie automation applevisionpro soraai tiktok genz,0,0,37,0.0082766478881239,0.1613459587097168,0.8303773999214172,0.8303773999214172,0.8221007520332932,Positive
1767390363633787124,2024-03-11T20:21:13Z,2024-03-11,20,Monday,glshrdnr,Taycan Turbo GT Geldiiiii... 100km hıza 2.2sn de ulaşan @Porsche Geldiii.. Bir çok yeni teknolojiyi de içinde barındırarak geldi. 🎊 #AppleVisionPro ve #ElectricCar ile #EmergingTechnologies yapıyoruz diye pazarlama yaptılar. 👇🏻 https://t.co/Obhp1NGYFm Bizde ne var ne yok?,taycan turbo gt geldiiiii hıza NUMBER de ulaşan USER geldiii bir çok yeni teknolojiyi de içinde barındırarak geldi applevisionpro electriccar ile emergingtechnologies yapıyoruz diye pazarlama yaptılar URL bizde ne var ne yok,2,1,422,0.004382524639368,0.2874289751052856,0.708188533782959,0.708188533782959,0.7038060091435909,Positive
1767358426064236717,2024-03-11T18:14:19Z,2024-03-11,18,Monday,theapplesquare,Apple showcases opportunities for healthcare with Apple Vision Pro. #AppleVisionPro #HealthTech https://t.co/Ohiek1qFvA,apple showcase opportunity healthcare apple vision pro applevisionpro healthtech URL,1,0,35,0.0016100930515676,0.0660083219408989,0.9323815703392028,0.9323815703392028,0.9307714772876352,Positive
1767349567383605708,2024-03-11T17:39:07Z,2024-03-11,17,Monday,thisismein360vr,Watch 180⁰ / 360⁰ Videos Youtube 🍎 #AVP #AppleVisionPro https://t.co/REJzflojfz,watch video youtube avp applevisionpro URL,0,0,90,0.0045309327542781,0.8163469433784485,0.1791220903396606,0.8163469433784485,0.1745911575853824,Neutral
1767317213026103750,2024-03-11T15:30:33Z,2024-03-11,15,Monday,appscreens_com,"New update just released with Apple Vision Pro layouts! 😎 We've created 3 templates ready for you to drop your screenshots into. If there are any screenshot sets you've come across that you'd like us to create, let us know! #appdevelopment #iosdev #AppleVisionPro https://t.co/vcxj8K5dKq",new update released apple vision pro layout created NUMBER template ready drop screenshots screenshot set come across like u create let u know appdevelopment iosdev applevisionpro URL,1,1,148,0.0013440030161291,0.0465076640248298,0.9521483778953552,0.9521483778953552,0.950804374879226,Positive
1767289719698632746,2024-03-11T13:41:18Z,2024-03-11,13,Monday,fancy_bii,Mark Zuckerberg Unimpressed with Apple Vision Pro https://t.co/n7QxQbV7La #MarkZuckerberg #AppleVisionPro,mark zuckerberg unimpressed apple vision pro URL markzuckerberg applevisionpro,0,0,39,0.7907557487487793,0.1910426765680313,0.018201595172286,0.7907557487487793,-0.7725541535764933,Negative
1767268397534900459,2024-03-11T12:16:34Z,2024-03-11,12,Monday,thebroshina,Here is a look at the updated eye sight on Vision OS 1.1. The transitions between being present in the room with my eyes to the colors of full immersion are really smooth and accurate to what’s happening in the headset. #AppleVisionPro #visionOS #apple #eyesight https://t.co/9rnVvU9cBj,look updated eye sight vision o NUMBER transition present room eye color full immersion really smooth accurate happening headset applevisionpro visionos apple eyesight URL,3,0,169,0.0039699054323136,0.1302438378334045,0.8657862544059753,0.8657862544059753,0.8618163489736617,Positive
1767210252305383736,2024-03-11T08:25:31Z,2024-03-11,8,Monday,surreal_mr,New t-shirts for @Surreal_MR!! We’re heading to hot #Singapore!! We have 2 designs. Anyone want some? #sportsroyal #metaquest #AppleVisionPro https://t.co/8HeTjXpc77,new USER heading hot singapore NUMBER design anyone want sportsroyal metaquest applevisionpro URL,3,0,52,0.0022902945056557,0.2394415289163589,0.7582681775093079,0.7582681775093079,0.7559778830036521,Positive
1767193773178519830,2024-03-11T07:20:03Z,2024-03-11,7,Monday,architecday,[Podcast] Il Tiralinee e Snap - 2(+)50 Storie di creatività e innovazione | 250 https://t.co/ypXK8lZO1F #ai #ApplePencil #AppleVisionPro #Architetto #Architettura #Architetturaimperfetta #BimX #Design #Designspaziale #Nuvoladipunti #OnShape #Podcast #Professione #Shapr3d #Snap,podcast il tiralinee e snap NUMBER NUMBER storie di creatività e innovazione NUMBER URL ai applepencil applevisionpro architetto architettura architetturaimperfetta bimx design designspaziale nuvoladipunti onshape podcast professione snap,4,0,96,0.007302351295948,0.8052536845207214,0.1874439716339111,0.8052536845207214,0.1801416203379631,Neutral
1767182671841476798,2024-03-11T06:35:56Z,2024-03-11,6,Monday,_arkanian,Using the #AppleVisionPro for a few days now and the biggest takeaway so far is... ...my finger and thumb are starting to feel a little sore from all this tapping! 😬,using applevisionpro day biggest takeaway far finger thumb starting feel little sore tapping,0,0,362,0.5424365997314453,0.2994430363178253,0.1581203639507293,0.5424365997314453,-0.3843162357807159,Negative
1767173633196363987,2024-03-11T06:00:01Z,2024-03-11,6,Monday,gadgetscraze,Find the best accessories for your Apple Vision Pro. Elevate your experience with must-have add-ons that enhance functionality and style. https://t.co/HbwfJ9ZWjd #AppleVisionPro #Apple https://t.co/qNZJt8tXjU,find best accessory apple vision pro elevate experience enhance functionality style URL applevisionpro apple URL,0,0,50,0.0023520954418927,0.0317646190524101,0.9658833742141724,0.9658833742141724,0.9635312787722796,Positive
1767156126741573701,2024-03-11T04:50:27Z,2024-03-11,4,Monday,mikemarett,Surgeons use @Apple #VR goggles in an operation for the first time in the UK as they repair a patient's spine @eXpandedeX @eXeXMasson @AppleVisionPro #AppleVisionPro https://t.co/jpZGF47B50,surgeon use USER vr goggles operation first time uk repair patient spine USER USER USER applevisionpro URL,1,0,185,0.0044600563123822,0.6823335886001587,0.3132063746452331,0.6823335886001587,0.3087463183328509,Neutral
1767140246448169358,2024-03-11T03:47:21Z,2024-03-11,3,Monday,burkhard_herwig,"Yes, what’s about Apple in AI race? 👀 @Apple dominates the market on a lot of user interfaces (UI), #AppleWatch , #iPhone , #iPad , #Macbook , #AppleTV and don’t forget upcoming #AppleVisionPro . Let’s see what happens on WWDC 2024! An ‘AppleGPT’ LLM is rumored to be in development, with a Siri integration expected in June at the #WWDC 2024 event. What does it mean a real force? The force is with you, @Apple 🤣 Your thoughts? 💭",yes apple ai race USER dominates market lot user interface ui applewatch iphone ipad macbook appletv forget upcoming applevisionpro let see happens wwdc NUMBER applegpt llm rumored development siri integration expected june wwdc NUMBER event mean real force force USER thought,0,0,141,0.0027958385180681,0.1046569496393203,0.8925472497940063,0.8925472497940063,0.8897514112759382,Positive
1767139160760996125,2024-03-11T03:43:02Z,2024-03-11,3,Monday,classic_ville,"Love this content, I keep watching it........ It sounds so simple but very forceful expression. I will love yall to watch the content.... 🙏🙏🙏 #CryptoCommunity #AppleMusic #AppleVisionPro",love content keep watching sound simple forceful expression love yall watch content cryptocommunity applemusic applevisionpro,4,0,56,0.0026779505424201,0.012384925968945,0.9849371314048768,0.9849371314048768,0.9822591808624566,Positive
1767134268008866123,2024-03-11T03:23:35Z,2024-03-11,3,Monday,mindplex_ai,Is Bigscreen Beyond's #VR headset any better than the competition? #VR expert Ryan Sternlicht explains why it could be just a better alternative to Meta's Quest 3. Full Episode in the link:⬇️ #AppleVisionPro #MetaQuest3,bigscreen beyond vr headset better competition vr expert ryan sternlicht explains could better alternative meta quest NUMBER full episode link applevisionpro,5,1,422,0.003707512980327,0.1524780541658401,0.8438144326210022,0.8438144326210022,0.8401069196406752,Positive
1767128332049826247,2024-03-11T03:00:00Z,2024-03-11,3,Monday,albawabaenglish,Apple to follow the Vision Pro with a $1500 entry-level release #AppleVisionPro #Apple #VisionPro https://t.co/hyCgnSIHet,apple follow vision pro NUMBER release applevisionpro apple visionpro URL,0,0,209,0.0032923375256359,0.4086812436580658,0.5880264043807983,0.5880264043807983,0.5847340668551624,Positive
1767118433093837125,2024-03-11T02:20:40Z,2024-03-11,2,Monday,expresstechie,I briefly tried Apple’s Vision Pro during a recent visit to Las Vegas. The mixed reality headset impressed and saddened me simultaneously. #AppleVisionPro #Apple #VisionPro https://t.co/IRsd2L2ja6,briefly tried apple vision pro recent visit la vega mixed reality headset impressed saddened simultaneously applevisionpro apple visionpro URL,6,3,2251,0.0453409999608993,0.241151675581932,0.713507354259491,0.713507354259491,0.6681663542985916,Positive
1767086546270704024,2024-03-11T00:13:58Z,2024-03-11,0,Monday,indiatodaytech,"Mark Zuckerberg says Apple Vision Pro is worse in most ways, explains why Quest 3 is better Full story: https://t.co/HLmNtTLEgH #AppleVisionPro #MarkZuckerberg",mark zuckerberg say apple vision pro worse way explains quest NUMBER better full story URL applevisionpro markzuckerberg,2,1,1929,0.4261034429073334,0.4964068233966827,0.0774896666407585,0.4964068233966827,-0.3486137762665748,Neutral
1767052164625465597,2024-03-10T21:57:20Z,2024-03-10,21,Sunday,lap_surgeon,Medical teaching using #AppleVisionPro 👌 #MedEd https://t.co/LDZbpqOtqQ,medical teaching using applevisionpro meded URL,80,8,3701,0.0029554837383329,0.1507992297410965,0.846245288848877,0.846245288848877,0.843289805110544,Positive
1767035027580391922,2024-03-10T20:49:15Z,2024-03-10,20,Sunday,timelinelatest,Mark Zuckerberg Slams Apple Vision Pro Again https://t.co/Ih7mZRZELK #AppleVisionPro #MetaQuest #MarkZuckerberg,mark zuckerberg slam apple vision pro URL applevisionpro metaquest markzuckerberg,1,0,94,0.0033464599400758,0.3455498814582824,0.651103675365448,0.651103675365448,0.6477572154253721,Positive
1767022721806770216,2024-03-10T20:00:21Z,2024-03-10,20,Sunday,lowang,Lost In Immersion Ep. #49 🥽 Apple Vision Pro review! 👀 Xpanceo contact lens - how far are we? 🧤 Sense Gloves - small haptic gloves! 👾 Google Genie game-generation AI model. 👉 https://t.co/ugAmC8mKzu #AppleVisionPro #GoogleGenie #HapticGloves https://t.co/wwZtoLjFjx,lost immersion ep NUMBER apple vision pro review xpanceo contact lens far sense glove small haptic glove google genie ai model URL applevisionpro googlegenie hapticgloves URL,1,0,73,0.0077369529753923,0.7719361186027527,0.2203270196914672,0.7719361186027527,0.2125900667160749,Neutral
1766999317108195409,2024-03-10T18:27:21Z,2024-03-10,18,Sunday,bennettbuhner,"You know, VR is way too underrated! I always thought it was a neat concr[y, but I must say my own experience really makes me realoze how amazing, useful, fun, and versatile it can be! How has VR been for you? #Meta #MetaQuest #MetaQuest2 #MetaQuest3 #AppleVisionPro",know vr way underrated always thought neat concr must say experience really make realoze amazing useful fun versatile vr meta metaquest applevisionpro,14,0,1214,0.0068616922944784,0.0261708777397871,0.9669674634933472,0.9669674634933472,0.9601057711988688,Positive
1766961440672587946,2024-03-10T15:56:50Z,2024-03-10,15,Sunday,oldestasian,"Ok less silly and more useful, here's an easy-to-extend example project for hand and head tracking on the #AppleVisionPro https://t.co/aX4GNme6Yy",ok less silly useful example project hand head tracking applevisionpro URL,1,0,143,0.011874683201313,0.2346093505620956,0.753515899181366,0.753515899181366,0.741641215980053,Positive
1766957921156378831,2024-03-10T15:42:51Z,2024-03-10,15,Sunday,haschischhase,"Wenn irgendwann bald jeder eine #AppleVisionPro haben sollte, wird es so viele gute Memes geben…denk mal nach",wenn irgendwann bald jeder eine applevisionpro haben sollte wird e viele gute meme mal nach,0,0,33,0.0483107045292854,0.6602380871772766,0.2914512455463409,0.6602380871772766,0.2431405410170555,Neutral
1766932088966480351,2024-03-10T14:00:12Z,2024-03-10,14,Sunday,itsjackjohens,Struggling to integrate ARKit into my spatial computing app. Can't get the tracking features to work properly. Any guidance? #SpatialComputing #AppleVisionPro,struggling integrate arkit spatial computing app ca get tracking feature work properly guidance spatialcomputing applevisionpro,0,0,35,0.7866832613945007,0.1983861625194549,0.0149305891245603,0.7866832613945007,-0.7717526722699404,Negative
1766927061942178011,2024-03-10T13:40:14Z,2024-03-10,13,Sunday,leeds_mobile,Next week @MattHeaney23 will be give us an introduction to building #AppleVisionPro apps. We asked our attendees: Will Apple's first spatial computing product be a success or not? Here is what they said. Come and join the discussion on March 19th: https://t.co/7msLAG4Skq https://t.co/nL9uE5K0s9,next week USER give u introduction building applevisionpro apps asked attendee apple first spatial computing product success said come join discussion march URL URL,6,2,307,0.0059509146958589,0.5511546730995178,0.4428944587707519,0.5511546730995178,0.436943544074893,Neutral
1766896301352861834,2024-03-10T11:38:00Z,2024-03-10,11,Sunday,cristovq,"Todavía no puedo creerme que en un sólo día visite Africa, la cima de una montaña, el parque de Yosemite, volé en globo, un estadio de futbol, hice submarinismo, un cine para mi sólo y en menos de 3 horas. De esto va #applevisionpro Video completo aquí ➡️https://t.co/x1L9yvldkl https://t.co/oH6TNAMsoA",todavía puedo creerme que en un sólo día visite africa la cima de una montaña el parque de yosemite volé en globo un estadio de futbol hice submarinismo un cine para mi sólo en menos de NUMBER horas de esto va applevisionpro video completo aquí URL URL,12,2,830,0.0273065138608217,0.8762140870094299,0.0964794680476188,0.8762140870094299,0.0691729541867971,Neutral
1766860603585442013,2024-03-10T09:16:09Z,2024-03-10,9,Sunday,nincoroby,Le comble du « TechBlaireau » assister à une conférence sur le spatial computing avec son Apple Vision Pro !!! #SXSW2024 #AppleVisionPro https://t.co/gUQ0E3t9Ar,le comble du techblaireau assister à une conférence sur le spatial computing avec son apple vision pro applevisionpro URL,3,0,154,0.0064335176721215,0.4576935470104217,0.5358729958534241,0.5358729958534241,0.5294394781813025,Positive
1766848788038062093,2024-03-10T08:29:12Z,2024-03-10,8,Sunday,frronconi,"Harnessing #AppleVisionPro for advanced #robot control and motion capture, streaming your movements via #WiFi for innovative research applications 🥽🤖 by @younghyo_park #VisionOs #VisionPro #Phyton #Robotics #AI @CurieuxExplorer @Hana_ElSayyed @Shi4Tech @Fabriziobustama @anand_narang @fogle_shane @enilev @Khulood_Almani @sonu_monika @KanezaDiane @BetaMoroney @kalydeoo @mvollmer1 @baski_LA @RagusoSergio",harnessing applevisionpro advanced robot control motion capture streaming movement via wifi innovative research application USER visionos visionpro phyton robotics ai USER USER USER USER USER USER USER USER USER USER USER USER USER USER USER,14,8,1280,0.0027308673597872,0.1734658926725387,0.8238032460212708,0.8238032460212708,0.8210723786614835,Positive
1766827350069809608,2024-03-10T07:04:00Z,2024-03-10,7,Sunday,mouri45,"We developed an Apple Vision Pro application that provides sightseeing information for Hakone, a famous hot spring resort in Japan! A longer version of the video is here: https://t.co/1bvlDeKiHd #AppleVisionPro #VisionPro https://t.co/obUIoqrp6O",developed apple vision pro application provides sightseeing information hakone famous hot spring resort japan longer version video URL applevisionpro visionpro URL,7,1,427,0.0023300757165998,0.3311114311218261,0.6665585041046143,0.6665585041046143,0.6642284283880144,Positive
1766807356820820249,2024-03-10T05:44:34Z,2024-03-10,5,Sunday,iamceeianes,@JureKaramarko $CRH will shake the world! ⚡️ #CryptoGaming #AppleVisionPro #CryptoNews https://t.co/Olgr6TpBBz,USER crh shake world cryptogaming applevisionpro cryptonews URL,6,2,203,0.0018685891991481,0.0570161938667297,0.9411152005195618,0.9411152005195618,0.9392466113204136,Positive
1766776320963363047,2024-03-10T03:41:14Z,2024-03-10,3,Sunday,ftrava,Questa settimana ho avuto l’occasione di provare l’Apple Vision Pro. Nell’ultima puntata di @Easy_Apple ho condiviso le mie sensazioni sul dispositivo in sé e sul concetto di Spatial Computing. https://t.co/S3ZFU9Ujhq #AppleVisionPro,questa settimana ho avuto l occasione di provare l apple vision pro nell ultima puntata di USER ho condiviso le mie sensazioni sul dispositivo sé e sul concetto di spatial computing URL applevisionpro,1,1,241,0.015462671406567,0.8085057735443115,0.1760315299034118,0.8085057735443115,0.1605688584968447,Neutral
1766705557317317010,2024-03-09T22:00:03Z,2024-03-09,22,Saturday,kingcrypto66,"apple vừa tung ra #AppleVisionPro ,và $ceek và $raca nhiều cá gom và đã pum, HUSL is a platform for #gamefi, #metaverse, and #music. Apple’s recent launch of #visionpro and some whales bought $CEEK and $RACA pump recently https://t.co/SWcCexwU7u",apple vừa tung ra applevisionpro và ceek và raca nhiều cá gom và đã pum husl platform gamefi metaverse music apple recent launch visionpro whale bought ceek raca pump recently URL,25,3,18244,0.0066841542720794,0.5804196000099182,0.4128962159156799,0.5804196000099182,0.4062120616436004,Neutral
1766584810036740393,2024-03-09T14:00:14Z,2024-03-09,14,Saturday,itsjackjohens,Struggling with overlaying 3D objects on real world scenes consistently in my app. Any tips? #SpatialComputing #AppleVisionPro,struggling overlaying object real world scene consistently app tip spatialcomputing applevisionpro,1,0,43,0.3146663606166839,0.6120597720146179,0.0732738226652145,0.6120597720146179,-0.2413925379514694,Neutral
1766556424451092613,2024-03-09T12:07:27Z,2024-03-09,12,Saturday,dr_alex_crimi,"Did you try HeartX, the #MedicalSchool lecture Using #AppleVisionPro from Elsvier? (not sure I will pay 49 EUR) Obviously we had those tools before Apple, now we need to push into #digitaltwin and #personalizedmedicine #medicine #AR #VR https://t.co/ZgILMIz6QO",try heartx medicalschool lecture using applevisionpro elsvier sure pay NUMBER eur obviously tool apple need push digitaltwin personalizedmedicine medicine ar vr URL,5,3,849,0.0295525211840868,0.7536962032318115,0.2167513221502304,0.7536962032318115,0.1871988009661436,Neutral
1766474961147797576,2024-03-09T06:43:44Z,2024-03-09,6,Saturday,ohioclownsnft,DOES YOUR NFT HAVE APPLE VISION THOUGH??????? 🔥🔥🔥🔥🔥🔥🔥🔥🔥🔥🔥🔥🔥🔥🔥🔥🔥🔥🔥🔥🔥🔥🔥🔥🔥🔥🔥🔥🔥🔥🔥🔥🔥🔥🔥 I’LL SELL HIM.. OFFERS #AppleVisionPro #btc #eth #NFTCommunity #crypto #bnb #Binance #sol #ada #luna #altcoin #FLOKI #iKON #AkiraToryama #VR #matic #xrp https://t.co/nQTQtbTXTL,nft apple vision though sell offer applevisionpro btc eth nftcommunity crypto bnb binance sol ada luna altcoin floki ikon akiratoryama vr matic xrp URL,7,2,423,0.0066695716232061,0.2314503341913223,0.761880099773407,0.761880099773407,0.7552105281502008,Positive
1766448763089158422,2024-03-09T04:59:38Z,2024-03-09,4,Saturday,parrotgpt5,"Soon, Screens will be replaced and everything will be on Cloud 9⚡️🤩 #Apple #AppleVisionPro #AI #ArtificialIntelligence https://t.co/XCXdTE4dPc",soon screen replaced everything cloud NUMBER apple applevisionpro ai artificialintelligence URL,9,0,1804,0.0017474334454163,0.047099694609642,0.9511528611183168,0.9511528611183168,0.9494054276729004,Positive
1766434955188379922,2024-03-09T04:04:46Z,2024-03-09,4,Saturday,thebear5516,Quick doodles on a whiteboard. #quickdoodlesonawhiteboard #Cats #Popcorn #AppleVisionPro #MickeyMouse https://t.co/2aKIarZCPy,quick doodle whiteboard quickdoodlesonawhiteboard cat popcorn applevisionpro mickeymouse URL,1,0,74,0.0070548113435506,0.7319595813751221,0.2609856128692627,0.7319595813751221,0.253930801525712,Neutral
1766415796958286117,2024-03-09T02:48:39Z,2024-03-09,2,Saturday,eigenwereldnl,"Forget Apple Vision, I've got GLASSTRON. https://t.co/1M4HjQKmZc #dankpods #glasstron #AppleVisionPro #applevision",forget apple vision got glasstron URL dankpods glasstron applevisionpro applevision,0,0,21,0.0184476152062416,0.248113751411438,0.7334386110305786,0.7334386110305786,0.714990995824337,Positive
1766370080668230138,2024-03-08T23:46:59Z,2024-03-08,23,Friday,akamatsu,Reading a Chinese poem in Spatial Poetry on #AppleVisionPro https://t.co/okyzAKpAtv,reading chinese poem spatial poetry applevisionpro URL,4,1,362,0.0056072617881,0.8310248255729675,0.1633679866790771,0.8310248255729675,0.1577607248909771,Neutral
1766339978462949384,2024-03-08T21:47:22Z,2024-03-08,21,Friday,aaammyyy9,New Vision Pro Update Adds Key Enterprise Features &amp; Improved Personas #VirtualReality #VR #Apple #AppleVisionPro,new vision pro update add key enterprise feature amp improved persona virtualreality vr apple applevisionpro,1,0,120,0.0026893345639109,0.1494890451431274,0.8478215932846069,0.8478215932846069,0.845132258720696,Positive
1766337557678223797,2024-03-08T21:37:45Z,2024-03-08,21,Friday,twita_jake,"Don't know about you @iHateApplee , but Nah, #AppleVisionPro #Apple #VisionPro #visionOS #VisionUpdates still ain't working for me 🥴 its #goofy asf &amp; NOT in a good way 👎 poor product from @tim_cook @Apple . https://t.co/Ozupzq2ExV",know USER nah applevisionpro apple visionpro visionos visionupdates still ai working goofy asf amp good way poor product USER USER URL,1,0,93,0.9439574480056764,0.0478736944496631,0.0081689432263374,0.9439574480056764,-0.9357885047793388,Negative
1766306894069510608,2024-03-08T19:35:54Z,2024-03-08,19,Friday,felicioz1000,"Computação espacial da Apple impressiona por sua capacidade gráfica . O Software de tomografia da Siemens permite a navegação completa numa tomografia 3D “holográfica”. Comenta aí, está preparado para abandonar o laptop e o mouse ? #AppleVisionPro #craneum https://t.co/lvdKxSASK3",computação espacial da apple impressiona por sua capacidade gráfica software de tomografia da siemens permite navegação completa numa tomografia holográfica comenta aí está preparado para abandonar laptop e mouse applevisionpro craneum URL,1,0,30,0.0409550704061985,0.8696188926696777,0.0894260331988334,0.8696188926696777,0.0484709627926349,Neutral
1766289597708075354,2024-03-08T18:27:10Z,2024-03-08,18,Friday,iamceeianes,@JureKaramarko $CRH The Future of Gaming! ✨ Join the hunt! 💪 #PokemonGO #AppleVisionPro https://t.co/ba68y7jQTH,USER crh future gaming join hunt pokemongo applevisionpro URL,14,6,371,0.0013557233614847,0.026002399623394,0.9726418256759644,0.9726418256759644,0.9712861023144796,Positive
1766223518637629663,2024-03-08T14:04:36Z,2024-03-08,14,Friday,ccoleiii,The Disney+ Immersion stages ranked for me on the Apple Vision Pro: 1. Avengers Tower 2. Disney+ Theater 3. Tatooie 4. Scare Floor #AppleVisionPro PS this device on a plane is incredible. Just need that better battery.,immersion stage ranked apple vision pro NUMBER avenger tower NUMBER theater NUMBER tatooie NUMBER scare floor applevisionpro p device plane incredible need better battery,1,0,232,0.0031426262576133,0.0781454965472221,0.9187118411064148,0.9187118411064148,0.9155692148488016,Positive
1766222774429765698,2024-03-08T14:01:38Z,2024-03-08,14,Friday,jomirife,How to Choose the Technology Features of Your Apple Macbook Pro M2 MAX 14-Inch Computer https://t.co/SNjgysMew6 . #apple #applemacbook #macbook #macbookpro #applem2 #macbookprom2 #technology #informatics #computer #ddr5 #applem3 #macbookair #iphone #macpro #applevisionpro,choose technology feature apple macbook pro max NUMBER computer URL apple applemacbook macbook macbookpro technology informatics computer macbookair iphone macpro applevisionpro,0,0,129,0.0047691115178167,0.5149700045585632,0.4802609086036682,0.5149700045585632,0.4754917970858514,Neutral
1766187590896754715,2024-03-08T11:41:50Z,2024-03-08,11,Friday,dreamwieber,"I'm building a ray tracer on #AppleVisionPro — stereoscopic, foveated, 90fps! Here's today's update! Getting some richer materiality in the scene with some water ripples. ✨ https://t.co/tVgPVqzKUt",building ray tracer applevisionpro stereoscopic foveated today update getting richer materiality scene water ripple URL,7,0,659,0.002258368069306,0.1073046550154686,0.8904369473457336,0.8904369473457336,0.8881785792764276,Positive
1766179164476895529,2024-03-08T11:08:21Z,2024-03-08,11,Friday,beyondxworlds,Who doesn't love a good sticker?! Beautiful design from our incredible artist @HungryGhostInc #runaways #AppleVisionPro https://t.co/3RqwH2MO1o,love good sticker beautiful design incredible artist USER runaway applevisionpro URL,2,0,155,0.0017745512304827,0.0120678516104817,0.9861576557159424,0.9861576557159424,0.9843831044854596,Positive
1766178413142839620,2024-03-08T11:05:22Z,2024-03-08,11,Friday,alex4d,"We’re learning more about what kind of 180° and 360° videos the #AppleVisionPro can play. “I’ve played up to 12K (11520x5760) per eye 360° stereo video at 30fps.” Dual fisheyes aren’t great when it comes to immersive video, so I’m looking forward to Apple’s recommendations.",learning kind NUMBER NUMBER video applevisionpro play played per eye NUMBER stereo video dual fisheyes great come immersive video looking forward apple recommendation,7,0,1138,0.0054785548709332,0.2940143644809723,0.7005071043968201,0.7005071043968201,0.6950285495258868,Positive
1766147613718413780,2024-03-08T09:02:59Z,2024-03-08,9,Friday,darrenhardy,👀Have you seen the vids of people wearing these?!? Only a loyal fanbase like Apple’s would buy and use something like this… And I’m going to show the strategies they used to do it:https://t.co/Qihu0SjWMV #AppleFans #applevisionpro #apple #branding #marketingdigital https://t.co/SOHcFdHkkN,seen vids people wearing loyal fanbase like apple would buy use something like going show strategy used URL applefans applevisionpro apple branding marketingdigital URL,2,0,631,0.0169289819896221,0.4224154651165008,0.5606555342674255,0.5606555342674255,0.5437265522778034,Positive
1766094015185789293,2024-03-08T05:30:00Z,2024-03-08,5,Friday,hellocsconnect,"With Apple Vision Pro, every aspect of customer engagement is about to be transformed! 💫 We explore how it is set to redefine marketing across various sectors🚀 #AppleVisionPro #FutureOfMarketing #AugmentedReality #AR https://t.co/1jdSbpDnJR https://t.co/BxYyZh6s22",apple vision pro every aspect customer engagement transformed explore set redefine marketing across various applevisionpro futureofmarketing augmentedreality ar URL URL,0,0,45,0.002378431148827,0.044835340231657,0.9527862071990968,0.9527862071990968,0.9504077760502696,Positive
1766086477706899502,2024-03-08T05:00:03Z,2024-03-08,5,Friday,cross_wallet,🇺🇸✨ Big news! #CrossWallet v1.1.1 has landed in the US &amp; is #AppleVisionPro ready! Bug fixes? Done. Seamless crypto management? Yours. Update now! 🔗 https://t.co/9fBuFpJCF1 #USA #Crosswallet https://t.co/bu7a2XXppI,big news crosswallet NUMBER landed u amp applevisionpro ready bug fix done seamless crypto management update URL usa crosswallet URL,69,27,2276,0.001438828301616,0.0297132041305303,0.968847930431366,0.968847930431366,0.96740910212975,Positive
1766063469378560126,2024-03-08T03:28:37Z,2024-03-08,3,Friday,breakingtech__,WE ARE DOOMED!💥 #Apple #applevisionpro https://t.co/DCKL8ZvyZh,doomed apple applevisionpro URL,1,0,230,0.0017897452926263,0.029172271490097,0.96903795003891,0.96903795003891,0.9672482047462836,Positive
1766022873897181290,2024-03-08T00:47:18Z,2024-03-08,0,Friday,nextsystem_intl,"We do not just create #AI systems, but we also dabble in #VR, suitable for hardware like #oculus and #AppleVisionPro. We designed our ideal 'car of the future' and took it for a spin in the skies of Fukuoka #japan. Check it out! #xr #microsoft #openai #gpt #cgi https://t.co/aDmzpvPO0i",create ai system also dabble vr suitable hardware like oculus applevisionpro designed ideal car future took spin sky fukuoka japan check xr microsoft openai gpt cgi URL,1,0,86,0.0029165728483349,0.1698707044124603,0.8272127509117126,0.8272127509117126,0.8242961780633777,Positive
1766020139516932446,2024-03-08T00:36:26Z,2024-03-08,0,Friday,esensconsulting,#VR/#AR : #Apple is rolls out #VisionOS 1.1. with improved personas and Mobile Device Management for enterprises to manage their devices #VisionPro #AppleVisionPro https://t.co/vEMM3HTFv8,ar apple roll visionos NUMBER improved persona mobile device management enterprise manage device visionpro applevisionpro URL,0,0,56,0.0035459052305668,0.2880588471889496,0.7083953022956848,0.7083953022956848,0.704849397065118,Positive
1765992503873069412,2024-03-07T22:46:38Z,2024-03-07,22,Thursday,majalabs_xyz,"Gimana ya pendapat Mark Zuckerberg tentang Apple Vision Pro? Sebelum itu, kalian lebih suka produk yang mana nih? Quest 3 atau Apple Vision Pro? Koment dibawah! #applevisionpro #majalabs #quest3",gimana ya pendapat mark zuckerberg tentang apple vision pro sebelum itu kalian lebih suka produk yang mana nih quest NUMBER atau apple vision pro koment dibawah applevisionpro majalabs,0,0,119,0.0185628030449152,0.7672116756439209,0.2142255008220672,0.7672116756439209,0.195662697777152,Neutral
1765984857245511778,2024-03-07T22:16:15Z,2024-03-07,22,Thursday,lucasbr24481006,"@theadnaankhan Is Apple's Vision Pro the end of the movie theater? Maybe not, but it's definitely going to change how we watch movies! #HomeTheaterUpgrade #AppleVisionPro",USER apple vision pro end movie theater maybe definitely going change watch movie hometheaterupgrade applevisionpro,0,0,51,0.0037167507689446,0.0576435700058937,0.9386397004127502,0.9386397004127502,0.9349229496438056,Positive
1765928399896498375,2024-03-07T18:31:54Z,2024-03-07,18,Thursday,christinajcampo,@fdotinc was packed last night with people curious about a new wave of #VisionPro apps. Is this the future staring us in the face? My story @sfstandard. 🥽 #AppleVisionPro #avp 👇,USER packed last night people curious new wave visionpro apps future staring u face story USER applevisionpro avp,0,0,138,0.0022536988835781,0.1020213365554809,0.8957250118255615,0.8957250118255615,0.8934713129419833,Positive
1765860169341116924,2024-03-07T14:00:47Z,2024-03-07,14,Thursday,itsjackjohens,Struggling with improving real-time object recognition accuracy in my #SpatialComputing app. Any advice on optimizing #AppleVisionPro for better results?,struggling improving object recognition accuracy spatialcomputing app advice optimizing applevisionpro better result,0,0,23,0.271736592054367,0.6132864356040955,0.114976979792118,0.6132864356040955,-0.156759612262249,Neutral
1765834884684153110,2024-03-07T12:20:18Z,2024-03-07,12,Thursday,juanjesanchezz,🔴¡Atención usuarios #AppleVisionPro! Llega visionOS 1.1 con: 👨🏽‍💻MDM para gestión empresarial fácil. 🙋🏽‍♂️Persona mejorada: más precisión facial. 🔋Modo ahorro para duración de batería. 😎Mejoras de rendimiento. Actualízate y dale caña a tu Vision Pro!,usuarios applevisionpro llega visionos NUMBER con para gestión empresarial fácil mejorada más precisión facial ahorro para duración de batería de rendimiento actualízate dale caña tu vision pro,1,1,98,0.004355336073786,0.2816464006900787,0.7139981985092163,0.7139981985092163,0.7096428624354303,Positive
1765809164742201780,2024-03-07T10:38:06Z,2024-03-07,10,Thursday,jeehut,"Available on iPhone, iPad, Mac, and #AppleVisionPro!",available iphone ipad mac applevisionpro,1,0,202,0.0025862015318125,0.2070686519145965,0.7903451323509216,0.7903451323509216,0.7877589308191091,Positive
1765803906364268583,2024-03-07T10:17:12Z,2024-03-07,10,Thursday,revomones,Siente las vibras de tu infancia jugando en la realidad virtual #vr #indiegamedev #indiedev #metaquest #applevisionpro #gaming #madewithunity #unity3d,siente la vibras de tu infancia jugando en la realidad virtual vr indiegamedev indiedev metaquest applevisionpro gaming madewithunity,6,1,139,0.0126362480223178,0.8511826992034912,0.1361810564994812,0.8511826992034912,0.1235448084771633,Neutral
1765800329591894257,2024-03-07T10:03:00Z,2024-03-07,10,Thursday,visage_imaging,"Experience the power and reach of the Visage 7 platform, now including Visage Ease VP. Meeting Requests: https://t.co/iOnvVSAfZ2 #CloudPACS #SaaS #Visage7 #AppleVisionPro #SpatialComputing #Immersive3D #HIMSS24 https://t.co/YlkOKRUEev",experience power reach visage NUMBER platform including visage ease vp meeting request URL cloudpacs saas applevisionpro spatialcomputing URL,6,2,129,0.0025384791661053,0.2622813284397125,0.7351801991462708,0.7351801991462708,0.7326417199801654,Positive
1765790459820150851,2024-03-07T09:23:47Z,2024-03-07,9,Thursday,skeeva,"Are you looking to develop for the #AppleVisionPro? There's a VisionDevCamp hosted by @vr_specialist &amp; a other talented #XR developers on Friday, March 29th! Don't miss this hype train! Space is limited https://t.co/oXwCKIT59t https://t.co/wUfczdKxO4",looking develop applevisionpro visiondevcamp hosted USER amp talented xr developer friday march miss hype train space limited URL URL,12,3,816,0.0013127549318596,0.0433137491345405,0.955373466014862,0.955373466014862,0.9540607110830024,Positive
1765751815079874674,2024-03-07T06:50:13Z,2024-03-07,6,Thursday,arcade_xr,"Where else would we be on #HeritageDay2024? If you’re at @stjohnswaterloo come say hi to chat Playable Places, immersive culture or just have a play - like @DCMS Heritage Minister Lord Parkinson 😎 @Heritage_NGOs #AppleVisionPro #metaquest3 https://t.co/uUkUL2bLgV",else would USER come say hi chat playable place immersive culture play like USER heritage minister lord parkinson USER applevisionpro URL,7,4,444,0.0025941671337932,0.166580855846405,0.8308249711990356,0.8308249711990356,0.8282308040652424,Positive
1765707715890839880,2024-03-07T03:54:59Z,2024-03-07,3,Thursday,condensereality,“Overcrowded news feeds filled with #AI generated content will quickly fall out of fashion. Shared live experiences in social 3D spaces is the future.” 👉Read more in our latest blog from @Nick_Fellingham https://t.co/QaYTnsIoYH #spatialcomputing #gaming #applevisionpro,overcrowded news feed filled ai generated content quickly fall fashion shared live experience social space future latest blog USER URL spatialcomputing gaming applevisionpro,6,1,141,0.1743521243333816,0.7398006319999695,0.0858472660183906,0.7398006319999695,-0.088504858314991,Neutral
1765694318163964312,2024-03-07T03:01:45Z,2024-03-07,3,Thursday,socdesarrollo,"🤩 En @tecnologicasc podrás probar completamente gratis, las revolucionarias Apple Vision Pro 👀Puedes sumergirte en la realidad virtual con este dispositivo el viernes 15 de marzo en el @teatenerife Más información en: https://t.co/MtocPleFAT #TecnológicaSC #Applevisionpro https://t.co/V9eWH74ZHi",en USER podrás probar completamente gratis la revolucionarias apple vision pro sumergirte en la realidad virtual con este dispositivo el viernes NUMBER de marzo en el USER más información en URL tecnológicasc applevisionpro URL,13,6,207,0.0027339810039848,0.1107597649097442,0.8865062594413757,0.8865062594413757,0.8837722784373909,Positive
1765677345266926071,2024-03-07T01:54:18Z,2024-03-07,1,Thursday,natan17936820,"Keep up with Apple Vision Pro's most recent software developments, which offer ground-breaking features that transform visual experiences. Use Apple Magazine to learn more about these developments and others. https://t.co/bzDax91q8K #apple #visionproheadset #AppleVisionPro https://t.co/owBhzlr2Nq",keep apple vision pro recent software development offer feature transform visual experience use apple magazine learn development others URL apple visionproheadset applevisionpro URL,0,0,23,0.0019729421474039,0.0734119191765785,0.9246151447296144,0.9246151447296144,0.9226422025822104,Positive
1765660116563497214,2024-03-07T00:45:50Z,2024-03-07,0,Thursday,designedbysimba,"#ThrowbackThursday focuses on @Apple , from starting from a mere garage in 1976 to a mega multiple square foot location in Cupertino. Never stop chasing your dream, put in hard work, focus and watch your dreams come to true. @followers #Apple #applevisionpro https://t.co/36PGg5ERm5",throwbackthursday focus USER starting mere garage NUMBER mega multiple square foot location cupertino never stop chasing dream put hard work focus watch dream come true USER apple applevisionpro URL,1,2,53,0.0018333549378439,0.0632625669240951,0.9349040389060974,0.9349040389060974,0.9330706839682534,Positive
1765598008450621442,2024-03-06T20:39:03Z,2024-03-06,20,Wednesday,chariobro,Amazing #AppleVisionPro https://t.co/I3HGEtswRD,amazing applevisionpro URL,2,0,137,0.0029290698003023,0.0113048972561955,0.985766053199768,0.985766053199768,0.9828369833994656,Positive
1765517262897680785,2024-03-06T15:18:11Z,2024-03-06,15,Wednesday,touring540,$CAMMER #TWR #NFT #NFTGAMING #METAVERSE #NFTGAMING #AppleVisionPro #MetaQuest #VirtualReality #CryptoGaming https://t.co/KI08wUuhGY,cammer twr nft nftgaming metaverse nftgaming applevisionpro metaquest virtualreality cryptogaming URL,10,8,409,0.0043888883665204,0.7030202150344849,0.2925909161567688,0.7030202150344849,0.2882020277902484,Neutral
1765454494719213730,2024-03-06T11:08:46Z,2024-03-06,11,Wednesday,dnabrian,#AppleVisionPro #VisionPro #SpatialComputing Thanks to spatial computing devices like Apple #visionpro we are able to present the future the way it was meant to be scene .. in the 4th dimension. https://t.co/AP8ZzxxeRT… (https://t.co/AP8ZzxxeRT…) https://t.co/bocZgztHBC,applevisionpro visionpro spatialcomputing thanks spatial computing device like apple visionpro able present future way meant scene dimension URL URL URL,6,2,362,0.0018890965729951,0.0496743917465209,0.9484364986419678,0.9484364986419678,0.9465474020689726,Positive
1765453320167293221,2024-03-06T11:04:06Z,2024-03-06,11,Wednesday,dnabrian,#AppleVisionPro #VisionPro #SpatialComputing Thanks to spatial computing devices like Apple #visionpro we are able to present the future the way it was meant to be scene .. in the 4th dimension. https://t.co/AP8ZzxxeRT… (https://t.co/AP8ZzxxeRT…) https://t.co/wmPpXxLkFR,applevisionpro visionpro spatialcomputing thanks spatial computing device like apple visionpro able present future way meant scene dimension URL URL URL,3,0,115,0.0018890965729951,0.0496743917465209,0.9484364986419678,0.9484364986419678,0.9465474020689726,Positive
1765438525325852767,2024-03-06T10:05:19Z,2024-03-06,10,Wednesday,esmoent,"Will the Apple Vision Pro, one day look like just a normal spectacle? 🤔 #AppleVisionPro",apple vision pro one day look like normal spectacle applevisionpro,1,1,93,0.0129868471994996,0.5340326428413391,0.4529805481433868,0.5340326428413391,0.4399937009438872,Neutral
1765417135612854466,2024-03-06T08:40:19Z,2024-03-06,8,Wednesday,datacated_,I just heard we can use #applevisionpro to LOOK at data?!?! We are in the FUTURE #SAPDataUnleashed SAP Partner https://t.co/SW5TvTxtQg,heard use applevisionpro look data future sapdataunleashed sap partner URL,7,2,2128,0.0034990459680557,0.1367919445037841,0.8597090244293213,0.8597090244293213,0.8562099784612656,Positive
1765407946224308412,2024-03-06T08:03:48Z,2024-03-06,8,Wednesday,chris_robb1,Sell-off in Apple is a huge gift to long-term shareholders. Last stop b4 $4 trillion! Cook's legacy will be intertwined with some of the most dazzling manifestations of artif. intelligence. $AAPL https://t.co/dUnuwBoezh #applemusic #Apple #AppleVisionPro #Cupertino #timcook,apple huge gift shareholder last stop NUMBER trillion cook legacy intertwined dazzling manifestation artif intelligence aapl URL applemusic apple applevisionpro cupertino timcook,5,1,319,0.0024489655625075,0.0240935012698173,0.9734575748443604,0.9734575748443604,0.9710086092818528,Positive
1765337685038710857,2024-03-06T03:24:37Z,2024-03-06,3,Wednesday,oisbuisx,👀 Yeni Apple Vision Pro ile tanışın! 🌐 En son teknoloji ve sürükleyici deneyimler mi arıyorsunuz? Fiyatlar ve teknik özellikler sizi şaşırtacak. Detaylar için linke tıklayın! 🚀💼 #AppleVisionPro #AppleVisionProFiyatları #VisionProFiyatı https://t.co/K2fEIGam2Z https://t.co/JRUedvDd72,yeni apple vision pro ile tanışın en son teknoloji sürükleyici deneyimler mi arıyorsunuz fiyatlar teknik özellikler sizi şaşırtacak detaylar için linke tıklayın applevisionpro applevisionprofiyatları visionprofiyatı URL URL,0,0,26,0.0061248200945556,0.313464492559433,0.6804106831550598,0.6804106831550598,0.6742858630605042,Positive
1765315215246434590,2024-03-06T01:55:19Z,2024-03-06,1,Wednesday,breakingtech__,Mirrors in visionOS #AppleVisionPro https://t.co/VoXgOjVcgH,mirror visionos applevisionpro URL,0,0,68,0.0067201149649918,0.6829197406768799,0.3103601336479187,0.6829197406768799,0.3036400186829269,Neutral
1765312923751133188,2024-03-06T01:46:13Z,2024-03-06,1,Wednesday,ife2_michael,Think of the habits you can start now - that will compound years later to make you THAT person you want to be (point B) Start those habits It will iterate later (habits will birth better habits) #Apple #Believe #AppleVisionPro #AppleWatch #SteveJobs #BelieveIt https://t.co/Hfio3XQJEZ,think habit start compound year later make person want point b start habit iterate later habit birth better habit apple believe applevisionpro applewatch stevejobs believeit URL,1,0,29,0.0049713137559592,0.0913417413830757,0.9036869406700134,0.9036869406700134,0.8987156269140542,Positive
1765267525581807880,2024-03-05T22:45:49Z,2024-03-05,22,Tuesday,asychov,We are back: Arthur Rabner - CEO of Hypervision (the #XR optics company) with a detailed tech dive into of #AppleVisionPro optical stack. - What is behind #VisionPro visuals? - What compromises did they do? - What to expect from next gen? 🗓️TODAY ➡️ https://t.co/KHBXkIpLSR https://t.co/kcC7hH6wlv,back arthur rabner ceo hypervision xr optic company detailed tech dive applevisionpro optical stack behind visionpro visuals compromise expect next gen URL URL,18,5,1639,0.0046225544065237,0.7500621676445007,0.2453152686357498,0.7500621676445007,0.2406927142292261,Neutral
1765246918303572138,2024-03-05T21:23:56Z,2024-03-05,21,Tuesday,breakingtech__,Is Apple Vision Pro really the Future?🔮 #AppleVisionPro #Apple https://t.co/3KebqNmO4G,apple vision pro really future applevisionpro apple URL,1,0,256,0.0052784979343414,0.2939073145389557,0.7008141875267029,0.7008141875267029,0.6955356895923615,Positive
1765243543449227688,2024-03-05T21:10:32Z,2024-03-05,21,Tuesday,vegan__sushi,Looking for new music?? Well hear you go! You will VIBE WiTH THIS https://t.co/rcDl7IMeXL #NewMusic2024 #NewMusic2023 #NewMusicAlert #Spotify #AppleVisionPro #AppleMusic #FolkMusic #indieartist #chillmusic #folkartist #indieartist https://t.co/ezyph1CRiZ,looking new music well hear go vibe URL newmusicalert spotify applevisionpro applemusic folkmusic indieartist chillmusic folkartist indieartist URL,2,0,14,0.0019793191459029,0.0672977119684219,0.930722951889038,0.930722951889038,0.9287436327431352,Positive
1765243263550734645,2024-03-05T21:09:25Z,2024-03-05,21,Tuesday,rektradincrypto,@WallStreetSilv People laugh today in 2024 but this will be normal everyday life in five to ten years. #AppleVisionPro https://t.co/sBr8SEeEnJ,USER people laugh today NUMBER normal everyday life five ten year applevisionpro URL,0,0,22,0.0194056592881679,0.3651517033576965,0.61544269323349,0.61544269323349,0.596037033945322,Positive
1765232404292305065,2024-03-05T20:26:16Z,2024-03-05,20,Tuesday,cly3d,"Yesterday, in our private #Imax I was discussing with my son how I could not justify 2 #AppleVisionPro headsets to bridge the geo-distance between us in the #VR lives we live... His argument: “but dad they have over 250 3D movies! Think about the quality time you get to spend with me.” 😂",yesterday private imax discussing son could justify NUMBER applevisionpro headset bridge u vr life live argument dad NUMBER movie think quality time get spend,2,0,297,0.16287861764431,0.5920206904411316,0.2451007664203643,0.5920206904411316,0.0822221487760543,Neutral
1765220722161684487,2024-03-05T19:39:51Z,2024-03-05,19,Tuesday,iamceeianes,Produced by an award-winning team ✨ #AppleVisionPro #CryptoHunters #RealityTV $CRH https://t.co/Olgr6TpBBz,produced team applevisionpro cryptohunters realitytv crh URL,14,7,662,0.002281388733536,0.0718587487936019,0.9258598685264589,0.9258598685264589,0.9235784797929228,Positive
1765159014818869501,2024-03-05T15:34:38Z,2024-03-05,15,Tuesday,creativejace,New #AppleVisionPro stand 😎 https://t.co/UxjCBJ09xK,new applevisionpro stand URL,3,0,207,0.0014817172195762,0.0813221782445907,0.9171961545944214,0.9171961545944214,0.9157144373748451,Positive
1765141458162446671,2024-03-05T14:24:53Z,2024-03-05,14,Tuesday,relativityboy,"@netflix - no vision pro app, and copyright protection doesn't let me cast it from my computer into that space. Raising rates and not supporting #AppleVisionPro in a meaningful way is #FTL.",USER vision pro app copyright protection let cast computer space raising rate supporting applevisionpro meaningful way ftl,0,0,31,0.8566970825195312,0.1352070122957229,0.0080959899351,0.8566970825195312,-0.8486010925844312,Negative
1765099526308933687,2024-03-05T11:38:15Z,2024-03-05,11,Tuesday,srmeasure,Is this the future of stockpile measurement? We tried measuring a stockpile with the new Apple Vision Pro and the results were 🤯 #applevisionpro #construction #mining #quarry https://t.co/uDJRep6lRm,future stockpile measurement tried measuring stockpile new apple vision pro result applevisionpro construction mining quarry URL,22,3,1804,0.0066421022638678,0.1846960186958313,0.8086618781089783,0.8086618781089783,0.8020197758451104,Positive
1765089100632367293,2024-03-05T10:56:50Z,2024-03-05,10,Tuesday,iexmojailbreak,iOS 17.4 is finally here!🔥 #iOS174 #iPadOS174 https://t.co/m8djDErJ4c iOS 17.4 Jailbreak Status: iOS 17 - iOS 17.4 Jailbreak - All Available Tools for Customization ✅ #RT &amp;❤️ #Follow for Latest Updates🔄 #Apple #iOS17 #jailbreak #Themes #iphone #AppleVisionPro #iPhone15 https://t.co/DSlTjmBkIx,io NUMBER finally URL io NUMBER jailbreak status io NUMBER io NUMBER jailbreak available tool customization rt amp follow latest apple jailbreak theme iphone applevisionpro URL,14,1,3263,0.0015621879138052,0.0722888484597206,0.9261489510536194,0.9261489510536194,0.924586763139814,Positive
1765084485450944585,2024-03-05T10:38:29Z,2024-03-05,10,Tuesday,abdu_shining,#AppleVisionPro #TombRaider https://t.co/bAYTzUJOTo,applevisionpro tombraider URL,0,0,42,0.0073156501166522,0.8282416462898254,0.1644427478313446,0.8282416462898254,0.1571270977146923,Neutral
1765082471736168677,2024-03-05T10:30:29Z,2024-03-05,10,Tuesday,binaryboxing,#realidadvirtual #metaquest #applevisionpro,realidadvirtual metaquest applevisionpro,0,0,43,0.0263000782579183,0.8747793436050415,0.0989205539226532,0.8747793436050415,0.0726204756647348,Neutral
1765080414593695905,2024-03-05T10:22:19Z,2024-03-05,10,Tuesday,samirestefan,#TheMatrix en las #AppleVisionPro. #AMagicRoom https://t.co/Fht8HlTZY2,thematrix en la applevisionpro amagicroom URL,1,0,181,0.0044421576894819,0.8476119041442871,0.1479459851980209,0.8476119041442871,0.1435038275085389,Neutral
1765047944443576721,2024-03-05T08:13:17Z,2024-03-05,8,Tuesday,2edgesth,#AppleVisionPro #Porn https://t.co/srPwF82iB9,applevisionpro porn URL,4,0,423,0.0317170098423957,0.8870168328285217,0.0812661796808242,0.8870168328285217,0.0495491698384285,Neutral
1765043249939427338,2024-03-05T07:54:38Z,2024-03-05,7,Tuesday,manyworldssl,"😎 ¡Las #AppleVisionPro han llegado para quedarse! En nuestro artículo, analizamos su éxito en la preventa, resolvemos dudas y evaluamos si cumplen las expectativas. Entra en nuestro blog👉🏻https://t.co/AdoNygy6lM #RealidadVirtual #RealidadAumentada #TecnologíaInmersiva https://t.co/SiBz1wDgzr",applevisionpro han llegado para quedarse en nuestro artículo analizamos su éxito en la preventa resolvemos dudas evaluamos si cumplen la expectativas entra en nuestro URL realidadvirtual realidadaumentada tecnologíainmersiva URL,0,0,8,0.0029015457257628,0.1020074561238288,0.8950910568237305,0.8950910568237305,0.8921895110979676,Positive
1764989773628789098,2024-03-05T04:22:08Z,2024-03-05,4,Tuesday,son_of_grace02,@MonstersCoins One of the best communities I've come across is the @OVRtheReality's project. With a hardworking team always making sure the project stays at it peak. A project which has a good partnership with solid brands such as the #AppleVisionPro and so on. Why won't I rep this gem?,USER one best community come across USER project hardworking team always making sure project stay peak project good partnership solid brand applevisionpro wo rep gem,12,0,38,0.0045944354496896,0.0151873398572206,0.9802182912826538,0.9802182912826538,0.9756238558329642,Positive
1764958950934397233,2024-03-05T02:19:39Z,2024-03-05,2,Tuesday,israaali2077,Good peaceful morning to all humanity ❤️🌹 @imgn_ai #PromptShare #PromptChallenge #AIArtCommuity #SoraAI #OpenAiSora @krea_ai #digitalart #AppleVisionPro https://t.co/Qdl0MREEpz,good peaceful morning humanity USER promptshare promptchallenge aiartcommuity soraai openaisora USER digitalart applevisionpro URL,5,0,236,0.0020885167177766,0.0326836183667182,0.9652278423309326,0.9652278423309326,0.963139325613156,Positive
1764950017528185141,2024-03-05T01:44:10Z,2024-03-05,1,Tuesday,kraider93,"Widget Box by @manimaustudios is now live on our Apps for Apple Vision Pro directory, check it out! #AppleVisionPro #visionOS #VisionPro #SpatialComputing https://t.co/TB63crcH67",widget box USER live apps apple vision pro directory check applevisionpro visionos visionpro spatialcomputing URL,0,0,107,0.002632868476212,0.3130561411380768,0.6843109726905823,0.6843109726905823,0.6816781042143703,Positive
1764949998263844950,2024-03-05T01:44:05Z,2024-03-05,1,Tuesday,metaversocerca,En este Reels te explicamos cómo las #AppleVisionPro transformarán el #metaverso. ¡No te lo pierdas! 😉 https://t.co/1ctbjODF3n,en este reel te explicamos cómo la applevisionpro transformarán el metaverso te lo pierdas URL,0,0,17,0.0059527438133955,0.2459412068128585,0.7481061220169067,0.7481061220169067,0.7421533782035112,Positive
1764923805544468894,2024-03-05T00:00:00Z,2024-03-05,0,Tuesday,immersion3d,👀 Nous venons de recevoir le nouveau casque Apple Vision Pro. C’était l’occasion pour la team Immersion de pouvoir essayer le dernier né d’Apple. #apple #applevisionpro https://t.co/y2CTo8HKBf,nous venons de recevoir le nouveau casque apple vision pro c était l occasion pour la team immersion de pouvoir essayer le dernier né apple apple applevisionpro URL,2,1,161,0.008280811831355,0.6403847932815552,0.3513343930244446,0.6403847932815552,0.3430535811930895,Neutral
1764910933556834620,2024-03-04T23:08:51Z,2024-03-04,23,Monday,demianborba,"We had a blast meeting @StartupSanDiego members at @clickup in downtown SD! So many great conversations and a ton of feedback! It was great to showcase @_Pactto on the iPad, computer and even on the new #AppleVisionPro 🔥 Let's go! 🔥 https://t.co/7gBcyHgaeC",blast meeting USER member USER downtown sd many great conversation ton feedback great showcase USER ipad computer even new applevisionpro let go URL,5,0,344,0.0016233011847361,0.0067483787424862,0.9916282892227172,0.9916282892227172,0.9900049880379812,Positive
1764906539196854704,2024-03-04T22:51:23Z,2024-03-04,22,Monday,artifexwall,Abstract Wave Wallpapers Pack FREE Check out this 5 FREE WALLPAPERs 🥳 : - https://t.co/xIGCNC7ls1 #wallpaper #Wallpapers #abstractart #AppleVisionPro #macbook #iPhone #wavewallpaper #artifexwall https://t.co/5isQgKm5KG,abstract wave wallpaper pack free check NUMBER free wallpaper URL wallpaper wallpaper abstractart applevisionpro macbook iphone wavewallpaper artifexwall URL,0,0,280,0.0019324304303154,0.1737997382879257,0.8242678046226501,0.8242678046226501,0.8223353741923347,Positive
1764902512144875741,2024-03-04T22:35:23Z,2024-03-04,22,Monday,metinsmn,"Man was not created for this. But people are very different, very different. They managed to make it happen. The conversion is complete. This is now the “New Normal”. #AppleVisionPro https://t.co/zdQ344IAdu",man created people different different managed make happen conversion complete new normal applevisionpro URL,4,0,866,0.022864282131195,0.404325008392334,0.5728106498718262,0.5728106498718262,0.5499463677406311,Positive
1764893521020891203,2024-03-04T21:59:40Z,2024-03-04,21,Monday,drawingdeskapp,Unleash your creativity with Drawing Desk on Apple Vision Pro! 🌟 Watch art come to life in a whole new way. https://t.co/RhMWWw7YFz #Apple #AppleVisionPro #drawingdesk https://t.co/rjb7tLIGyC,unleash creativity drawing desk apple vision pro watch art come life whole new way URL apple applevisionpro drawingdesk URL,1,1,107,0.0015912614762783,0.0338335484266281,0.9645752310752868,0.9645752310752868,0.9629839695990086,Positive
1764879999625007492,2024-03-04T21:05:56Z,2024-03-04,21,Monday,bennettbuhner,Get ready for some amazing tech from Apple tomorrow! Will it be new iPhone color? New iPads? What will it all be?! I can't wait! #Apple #AppleVisionPro #iPhone15 #iPhone15ProMax #iPadPro2024 #iOS17,get ready amazing tech apple tomorrow new iphone color new ipads ca wait apple applevisionpro,12,2,2886,0.0014446033164858,0.0084822634235024,0.9900730848312378,0.9900730848312378,0.988628481514752,Positive
1764841072868368622,2024-03-04T18:31:15Z,2024-03-04,18,Monday,myslftlm,#coupe #earthquake #sirus #presidentinvaalit2024 #NBC #AppleMusic #AppleVisionPro #dj #AppleMusic #FCC #movies #Memes #Barbie📷 #Beachlife #90dayfiancebeforethe90days #maskedsinger #MarriageIn17Minutes why does my quality of care have to suffer due to a law suit. How when I have something in 2018 all the sudden it is not in records in 2024,coupe earthquake sirus nbc applemusic applevisionpro dj applemusic fcc movie meme beachlife maskedsinger quality care suffer due law suit something NUMBER sudden record NUMBER,1,1,225,0.3574782311916351,0.5867528319358826,0.0557689629495143,0.5867528319358826,-0.3017092682421207,Neutral
1764837877458862331,2024-03-04T18:18:33Z,2024-03-04,18,Monday,dissolvethecage,"Automated Zombies https://t.co/gCOYSjeSbb via @YouTube Digital lobotomies are all the rage these days! Share, like, subscribe to my Dissolve the Cage channel and help a talented man get discovered! #comedy #zombies #automation #AppleVisionPro #SoraAI #TikTok #GenZ",automated zombie URL via USER digital lobotomy rage day share like subscribe dissolve cage channel help talented man get discovered comedy zombie automation applevisionpro soraai tiktok genz,0,0,69,0.0082766478881239,0.1613459587097168,0.8303773999214172,0.8303773999214172,0.8221007520332932,Positive
1764798246507917376,2024-03-04T15:41:04Z,2024-03-04,15,Monday,applexfans,Today -&gt; is the expected date at which Apple iPhone users will get iOS 17.4 update. #apple #ios #iOS174 #iosbeta #ios17 #iPhone15 #iPhone15Pro #iPhone15ProMax #developers #ايفون #AppleVisionPro #visionpro #ios17update,today gt expected date apple iphone user get io NUMBER update apple io iosbeta developer ايفون applevisionpro visionpro,0,0,3238,0.0033977024722844,0.5782454609870911,0.4183568656444549,0.5782454609870911,0.4149591631721705,Neutral
1764793448840802637,2024-03-04T15:22:01Z,2024-03-04,15,Monday,matth_actu,VisionOS 1.1 RC est dispo #Apple #AppleVisionPro #VisionPro #VisionOS https://t.co/KcXUYbo3CK,visionos NUMBER rc est dispo apple applevisionpro visionpro visionos URL,0,0,145,0.0075592794455587,0.668077290058136,0.3243634700775146,0.668077290058136,0.3168041906319558,Neutral
1764766334938644836,2024-03-04T13:34:16Z,2024-03-04,13,Monday,freeapplevision,We have an exciting opportunity for you to win a FREE Apple vision pro! 🎉🍎. We can't wait to see what you create with it! Spread the love and tag a friend who would also love to win this amazing prize❤️#AppleVisionPro #RobloxDevs #Zombies #FursuitFriday #PalworldXboxSweepstakes https://t.co/jXgKYSLq1b,exciting opportunity win free apple vision pro ca wait see create spread love tag friend would also love win amazing applevisionpro robloxdevs zombie fursuitfriday palworldxboxsweepstakes URL,0,0,58,0.001465001492761,0.0097017912194132,0.98883318901062,0.98883318901062,0.987368187517859,Positive
1764759797348307253,2024-03-04T13:08:17Z,2024-03-04,13,Monday,_metaversenews,Accesorios para las Apple Vision Pro: Las mejores opciones para 2024 ▸ https://t.co/NlOBflgBKj #metaverso #applevisionpro #visionpro #realidavirtual #gafasrealidadvirtual #realidadaumentada #apple #RealidadMixta,accesorios para la apple vision pro la mejores opciones para NUMBER URL metaverso applevisionpro visionpro realidavirtual gafasrealidadvirtual realidadaumentada apple realidadmixta,0,0,89,0.0095180580392479,0.780052125453949,0.2104298770427703,0.780052125453949,0.2009118190035224,Neutral
1764757583921877231,2024-03-04T12:59:30Z,2024-03-04,12,Monday,visualunivrs,"Beond, a luxury airline, to offer Apple Vision Pro headsets on business-class flights to the Maldives starting July. Experience movies, games, and virtual tours with fares from $3,000. Note: Vision Pro's 2.5-hour battery vs Beond's shortest flight time 🤔 #Travel #AppleVisionPro https://t.co/YI7qOuJr1d",beond luxury airline offer apple vision pro headset flight maldives starting july experience movie game virtual tour fare NUMBER NUMBER note vision pro NUMBER battery v beond shortest flight time travel applevisionpro URL,0,0,68,0.0045839394442737,0.4668282270431518,0.528587818145752,0.528587818145752,0.5240038787014782,Positive
1764729029863563726,2024-03-04T11:06:02Z,2024-03-04,11,Monday,blogical_org,Apple Faces Difficulties: Will They Recover?📉 $AAPL Read the full article on Blogical. #Apple #AppleSpotify #stocks #Bullish #Bitcoin #AppleVisionPro #Nasdaq https://t.co/CTqxmtefYX,apple face difficulty recover aapl read full article blogical apple applespotify stock bullish bitcoin applevisionpro nasdaq URL,2,1,585,0.0431174375116825,0.8447924256324768,0.1120901182293891,0.8447924256324768,0.0689726807177066,Neutral
1764727619029725284,2024-03-04T11:00:26Z,2024-03-04,11,Monday,mixedrealitytv,META QUEST 3 vs. APPLE VISION PRO - Zuckerberg is WRONG and the Quest 3 is NOT better than the AVP simply because visuals are just so much better on the Vision Pro! #avp #applevisionpro #quest3 @MetaQuestVR @Apple https://t.co/pkoN8Cz1Mb,meta quest NUMBER apple vision pro zuckerberg wrong quest NUMBER better avp simply visuals much better vision pro avp applevisionpro USER USER URL,7,4,1153,0.7440946102142334,0.2043025195598602,0.0516028888523578,0.7440946102142334,-0.6924917213618755,Negative
1764723735775391768,2024-03-04T10:45:00Z,2024-03-04,10,Monday,la___virgule,🇪🇺 L'#UnionEuropéenne a infligé une amende d'environ 2 milliards de dollars à #Apple pour violation des lois sur la concurrence #UE #AppleVisionPro #appleradio #AppleMusic #Europe https://t.co/EPvz8X05kx,l unioneuropéenne infligé une amende NUMBER milliard de dollar à apple pour violation de lois sur la concurrence ue applevisionpro appleradio applemusic europe URL,0,0,444,0.0586054995656013,0.852878212928772,0.0885163247585296,0.852878212928772,0.0299108251929283,Neutral
1764697692771373567,2024-03-04T09:01:31Z,2024-03-04,9,Monday,mrtvdeutsch,"META QUEST 3 vs. APPLE VISION PRO - Hier liegt Zuckerberg falsch und die AVP gewinnt gegen die Quest 3: Die Vision Pro hat ein wesentlich besseres Bild als die Quest 3, dank der viel höheren Auflösung und den besseren Farben und OLED Schwarzwerten! #quest3 #avp #applevisionpro https://t.co/tOxWGu9YcY",meta quest NUMBER apple vision pro hier liegt zuckerberg falsch und die avp gewinnt gegen die quest NUMBER die vision pro hat ein wesentlich besseres bild al die quest NUMBER dank der viel höheren auflösung und den besseren farben und oled schwarzwerten avp applevisionpro URL,0,0,195,0.0115953469648957,0.7296775579452515,0.2587270736694336,0.7296775579452515,0.2471317267045378,Neutral
1764694729453953224,2024-03-04T08:49:44Z,2024-03-04,8,Monday,arealmrpg,Hey Everyone! We are upgrading the renderer to HDURP. Better graphics = Better Experience. Download it and let us know what you think. Link in bio #hd @gamer #vr #ar #augmentedreality #meta #MetaQuest3 #AppleVisionPro https://t.co/T2d82c23lS,hey everyone upgrading renderer hdurp better graphic better experience download let u know think link bio hd USER vr ar augmentedreality meta applevisionpro URL,2,0,139,0.0018883333541452,0.0373526886105537,0.9607590436935424,0.9607590436935424,0.9588707103393972,Positive
1764682612990419384,2024-03-04T08:01:35Z,2024-03-04,8,Monday,anooprajaji,"Apple has announced new 13"" and 15"" MacBook Air models with the M3 chip in India 💻...  13"" ~ 💵 ₹1,14,900 [ $1,099 ] &amp; ₹1,04,900 for students pricing  15"" ~ 💵 ₹1,34,900 [ $1,299 ] &amp; ₹1,24,900 for students pricing #Apple #MacbookAir3 #M3chip #AppleVisionPro https://t.co/hNEDfA5euu",apple announced new NUMBER NUMBER macbook air model chip india NUMBER NUMBER NUMBER NUMBER NUMBER NUMBER amp NUMBER NUMBER NUMBER student pricing NUMBER NUMBER NUMBER NUMBER NUMBER NUMBER amp NUMBER NUMBER NUMBER student pricing apple applevisionpro URL,3,1,1255,0.0023500795941799,0.5309863686561584,0.4666635692119598,0.5309863686561584,0.4643134896177798,Neutral
1764678785025151285,2024-03-04T07:46:23Z,2024-03-04,7,Monday,cambazbaybay,Ich muss unbedingt diesen Planeten hier irgendwie schnellst möglich verlassen! #AppleVisionPro https://t.co/ykRG8JgYsh,ich mus unbedingt diesen planeten hier irgendwie schnellst möglich verlassen applevisionpro URL,68,15,3278,0.0067132376134395,0.2639776170253753,0.7293091416358948,0.7293091416358948,0.7225959040224552,Positive
1764651725238018468,2024-03-04T05:58:51Z,2024-03-04,5,Monday,mrtvdeutsch,"META QUEST 3 vs. APPLE VISION PRO - Zuckerberg hat RECHT, die Quest 3 ist teilweise tatsächlich besser als die AVP: die Linsen der Quest 3 haben denen der Vision Pro einiges voraus! Weniger Glare und keine Farbverschiebungen am Rand! #quest3 #applevisionpro #avp https://t.co/48zXHEynGw",meta quest NUMBER apple vision pro zuckerberg hat recht die quest NUMBER ist teilweise tatsächlich besser al die avp die linsen der quest NUMBER haben denen der vision pro einiges voraus weniger glare und keine farbverschiebungen rand applevisionpro avp URL,2,0,231,0.0109419729560613,0.7289934158325195,0.2600646317005157,0.7289934158325195,0.2491226587444543,Neutral
1764639974794670296,2024-03-04T05:12:10Z,2024-03-04,5,Monday,aimedisglobal,⚡️IMPORTANT ANNOUNCEMENT⚡️ Aimedis Avalon: Apple Vision Pro Development Has Begun 🚀🚀🚀 https://t.co/S3duJzAioC $AIMX #metaverse #healthcare #AI #DeSci #AIMEDIS #AIMX #applevisionpro #apple #NFTs #NFT #VirtualReality #AR #VR,aimedis avalon apple vision pro development begun URL aimx metaverse healthcare ai desci aimedis aimx applevisionpro apple nfts nft virtualreality ar vr,79,28,6285,0.0017793411388993,0.0634356886148452,0.9347849488258362,0.9347849488258362,0.9330056076869369,Positive
1764613958596538508,2024-03-04T03:28:47Z,2024-03-04,3,Monday,ceotechi,Apple: dopo 25 anni Dan Riccio sta per andare in pensione #Apple #AppleMac #AppleVisionPro #Azienda #Cambiamenti #Curiosità #DanRiccio #Dirigenti #FaceID #iPad #iPadMini #Lavoro #Manager #MarkGurman #Notizie #Tech #TechNews #Tecnologia #TouchID https://t.co/ciA67kCAAQ https://t.co/XASEvEANjx,apple dopo NUMBER anni dan riccio sta per andare pensione apple applemac applevisionpro azienda cambiamenti curiosità danriccio dirigenti faceid ipad ipadmini lavoro manager markgurman notizie tech technews tecnologia touchid URL URL,4,3,83,0.0051172343082726,0.4441796839237213,0.5507031083106995,0.5507031083106995,0.5455858740024269,Positive
1764611331469009376,2024-03-04T03:18:20Z,2024-03-04,3,Monday,perriermister,Là on est bien bien bien! Allez viens rejoins-nous 🤘 #AppleVisionPro https://t.co/mRilqcjxQU,là est bien bien bien allez viens applevisionpro URL,3,0,285,0.0034280233085155,0.057227686047554,0.9393443465232848,0.9393443465232848,0.9359163232147694,Positive
1764607246036574367,2024-03-04T03:02:06Z,2024-03-04,3,Monday,israaali2077,Good peaceful morning to all humanity ❤️🌹🌺 @bing #BingAI #DALLE3 #PromptShare #PromptChallenge #AIArtCommuity #SoraAI #OpenAiSora @krea_ai #digitalart #AppleVisionPro https://t.co/TfN7k9xEf0,good peaceful morning humanity USER bingai promptshare promptchallenge aiartcommuity soraai openaisora USER digitalart applevisionpro URL,6,0,326,0.0022274027578532,0.0373520031571388,0.960420548915863,0.960420548915863,0.9581931461580098,Positive
1764585014748955135,2024-03-04T01:33:46Z,2024-03-04,1,Monday,ptr_imascono,"Un referente tech del periodismo hablando de #AppleVisionPro. Súper interesante el contenido @jorgeconbotones, gran resumen de la situación actual con este dispositivo 👏🏻🔝⬇️",un referente tech del periodismo hablando de applevisionpro súper interesante el contenido USER gran resumen de la situación actual con este dispositivo,4,1,240,0.0048167794011533,0.0683948993682861,0.9267883896827698,0.9267883896827698,0.9219716102816164,Positive
1764584467983728872,2024-03-04T01:31:36Z,2024-03-04,1,Monday,nervo,"Hey @Apple, the #AppleVisionPro is not ""Italian-Gestures-friendly"" yet! 🤌🤌🤌 https://t.co/YZc8rg15OL",hey USER applevisionpro yet URL,0,0,33,0.6394494771957397,0.2637960016727447,0.0967544540762901,0.6394494771957397,-0.5426950231194496,Negative
1764583000182767947,2024-03-04T01:25:46Z,2024-03-04,1,Monday,subhvalue4brand,Rumors suggest #Apple might launch the new #iPadPro and #MacBookAir equipped with the #M3chip without a dedicated launch event. #AppleVisionPro #Apple #AppleEvent https://t.co/FfJiMXctkZ,rumor suggest apple might launch new ipadpro macbookair equipped without dedicated launch event applevisionpro apple appleevent URL,0,0,185,0.0048204814083874,0.7943387627601624,0.2008407562971115,0.7943387627601624,0.1960202748887241,Neutral
1764574345534255124,2024-03-04T00:51:22Z,2024-03-04,0,Monday,freeapplevision,We have an exciting opportunity for you to win a FREE Apple vision pro! 🎉🍎. We can't wait to see what you create with it! Spread the love and tag a friend who would also love to win this amazing prize❤️#AppleVisionPro #RobloxDevs #Zombies #FursuitFriday #PalworldXboxSweepstakes https://t.co/gBD1upbHrP,exciting opportunity win free apple vision pro ca wait see create spread love tag friend would also love win amazing applevisionpro robloxdevs zombie fursuitfriday palworldxboxsweepstakes URL,0,0,51,0.001465001492761,0.0097017912194132,0.98883318901062,0.98883318901062,0.987368187517859,Positive
1764572843751207177,2024-03-04T00:45:24Z,2024-03-04,0,Monday,afsimsir,"🚀 Starting the week with a bang - introducing Capture 1.4! Completely redesigned for the Apple Vision Pro. With exclusive new features like pinning windows in your space, Capture feels more at home on this platform. #iosdev #buildinpublic #indiedev #AppleVisionPro https://t.co/2iJDgLxaMN",starting week bang introducing capture NUMBER completely redesigned apple vision pro exclusive new feature like pinning window space capture feel home platform iosdev buildinpublic indiedev applevisionpro URL,1,0,123,0.0013452034909278,0.0235710814595222,0.9750837087631226,0.9750837087631226,0.9737385052721949,Positive
1764549420367126647,2024-03-03T23:12:20Z,2024-03-03,23,Sunday,thesansoro,"On Friday, I created an app to stream my phone inside the Apple Vision Pro. Because it's pretty hard to see your phone’s screen with pass-through, everything is blurry especially the texts. #AppleVisionPro #Apple #streaming #buildinpublic https://t.co/3BTP3eJy55",friday created app stream phone inside apple vision pro pretty hard see phone screen everything blurry especially text applevisionpro apple streaming buildinpublic URL,5,2,1028,0.2234250456094741,0.6574413776397705,0.1191335767507553,0.6574413776397705,-0.1042914688587188,Neutral
1764535575791780046,2024-03-03T22:17:19Z,2024-03-03,22,Sunday,_ctxo,"Rumor has it that Apple is cooking up a new iPhone SE 4 with a modern design refresh. New CAD files leaked claim to offer a sneak peek at this update, showing an iPhone SE 4 with an iPhone 14-style design. 🧵 #Apple #AppleVisionPro #iPhone https://t.co/mo4gKwau5N",rumor apple cooking new iphone se NUMBER modern design refresh new cad file leaked claim offer sneak peek update showing iphone se NUMBER iphone NUMBER design apple applevisionpro iphone URL,2,0,131,0.0034850595984607,0.3709757626056671,0.6255391836166382,0.6255391836166382,0.6220541240181774,Positive
1764531831204934061,2024-03-03T22:02:26Z,2024-03-03,22,Sunday,inhnewsindia,एप्पल की स्मार्ट रिंग . . . . #apple #applesmarteing #applevisionpro #smartring #ring #reel #reelsindia #reels #trendingreels #trendingnow #trending #trendingreel #trendingreelsvideo https://t.co/YQ2a9QR6iq,apple applesmarteing applevisionpro smartring ring reel reelsindia reel trendingreels trendingnow trending trendingreel trendingreelsvideo URL,0,0,33,0.0486754439771175,0.8633151650428772,0.0880093351006507,0.8633151650428772,0.0393338911235332,Neutral
1764525602529505635,2024-03-03T21:37:41Z,2024-03-03,21,Sunday,touring540,@Unrecycling #TWR #METAVERSE #VR #AugmentedReality $CAMMER #METAQUEST #AppleVisionPro #NFT #NFTGaming #CryptoGaming #CryptoGames,USER twr metaverse vr augmentedreality cammer metaquest applevisionpro nft nftgaming cryptogaming cryptogames,3,0,108,0.0039991117082536,0.6937243938446045,0.302276462316513,0.6937243938446045,0.2982773506082594,Neutral
1764523285675434355,2024-03-03T21:28:29Z,2024-03-03,21,Sunday,tofsluck,I need Hands on it #AppleVisionPro #EveryoneLovesMe,need hand applevisionpro everyonelovesme,1,0,393,0.004941324237734,0.0735830441117286,0.92147558927536,0.92147558927536,0.916534265037626,Positive
1764470636674429399,2024-03-03T17:59:16Z,2024-03-03,17,Sunday,ntelemicro5,Joven se casa usando las gafas Apple Vision Pro y esta fue la reacción de la novia #AppleVisiónPro #Boda #NTelemicro5 #LoÚltimo #NT5FindeSemana https://t.co/BalqQ5BjlR,joven se casa usando la gafas apple vision pro esta fue la reacción de la novia applevisiónpro boda loúltimo URL,0,0,401,0.0119292745366692,0.7600855827331543,0.2279851138591766,0.7600855827331543,0.2160558393225073,Neutral
1764469894035505565,2024-03-03T17:56:19Z,2024-03-03,17,Sunday,marcusting,"Astronauts on the ISS are now using VR for mental health and exercise in space! 🚀 HTC's Vive Focus 3 brings scenic Earth experiences to zero gravity, enhancing physical and mental well-being. #virtualreality #xr #spatialcomputing #meta #applevisionpro #vr #ar https://t.co/A9LpU7OsCH",astronaut iss using vr mental health exercise space htc vive focus NUMBER brings scenic earth experience zero gravity enhancing physical mental virtualreality xr spatialcomputing meta applevisionpro vr ar URL,0,0,93,0.0018735233461484,0.0974129438400268,0.9007135033607483,0.9007135033607483,0.8988399800145999,Positive
1764424169301672342,2024-03-03T14:54:38Z,2024-03-03,14,Sunday,asychov,"Ladies and gentlemen - my #AppleVisionPro review♥️ My first FULL review natively on @X so that @elonmusk can watch it too😅 ""1000 small things = ONE BIG REVOLUTIONARY WIN"" I used this device for 2+ weeks DAILY for 2-3 hours each day, and...🤫 YouTube➡️https://t.co/IDuHtJOwhr https://t.co/WOY2oAFhsi",lady gentleman applevisionpro first full review natively USER USER watch NUMBER small thing one big revolutionary win used device NUMBER week daily NUMBER NUMBER hour day URL URL,180,31,39584,0.0018078963039442,0.0369683168828487,0.961223840713501,0.961223840713501,0.9594159444095568,Positive
1764388526966349832,2024-03-03T12:33:00Z,2024-03-03,12,Sunday,skarredghost,"This picture summarizes how we are happy with the Vision Pro on, and how the other people look at us LOL source: https://t.co/aJwZ4RUvWA #VirtualReality #Apple #AppleVisionPro #SpatialComputing https://t.co/25xv44NRUO",picture summarizes happy vision pro people look u lol source URL virtualreality apple applevisionpro spatialcomputing URL,13,1,1574,0.0038979409728199,0.2139001786708831,0.7822018265724182,0.7822018265724182,0.7783038855995983,Positive
1764363414858498418,2024-03-03T10:53:13Z,2024-03-03,10,Sunday,alighterreality,I’m so angry!!? My Apple Vision Pro has died 3 times already and now no matter what I do it will not power back on!! This was not cheap as we know and it’s literally just passed 14 days. I was going to use to for travel tomorrow!! Something has to be done! @Apple #AppleVisionPro,angry apple vision pro died NUMBER time already matter power back cheap know literally passed NUMBER day going use travel tomorrow something done USER applevisionpro,0,0,101,0.9414648413658142,0.0508053191006183,0.0077298413962125,0.9414648413658142,-0.9337349999696016,Negative
1764324770613539091,2024-03-03T08:19:39Z,2024-03-03,8,Sunday,tekpam509,#Apple gen anpil sekrè li pa di nou sou #AppleVisionPro a !! https://t.co/uV9xdkSxDh,apple gen anpil sekrè li pa di nou sou applevisionpro URL,0,0,103,0.0315363109111785,0.7475519776344299,0.220911756157875,0.7475519776344299,0.1893754452466964,Neutral
1764266917659824418,2024-03-03T04:29:46Z,2024-03-03,4,Sunday,akdebuging,"I updated my education app about animals on #AppleVisionPro , Some users sent feedback and I toke all the feedback and applied it! which turned out super cool! #visionpro #ar #vr https://t.co/H3f4tO8UbY",updated education app animal applevisionpro user sent feedback toke feedback applied turned super cool visionpro ar vr URL,1,1,136,0.0020552438218146,0.0214059334248304,0.9765388369560242,0.9765388369560242,0.9744835931342096,Positive
1764244837933412503,2024-03-03T03:02:02Z,2024-03-03,3,Sunday,tekpam509,Hello #AppleVisionPro 🤯!! 🚨 Bon Ki plan #Apple menm pou lemond ak kalite teknoloji sa 🧐⁉️ https://t.co/eADMT3zuXj,hello applevisionpro bon ki plan apple menm pou lemond ak kalite teknoloji sa URL,0,0,82,0.0039589703083038,0.1982091963291168,0.7978318333625793,0.7978318333625793,0.7938728630542755,Positive
1764240151750816251,2024-03-03T02:43:24Z,2024-03-03,2,Sunday,expresstechie,Chicago-based artist Vivek Agrawal is keen to add an immersive angle to music on Apple’s Vision Pro headset #AppleVisionPro https://t.co/UBabkWF6Rc,artist vivek agrawal keen add immersive angle music apple vision pro headset applevisionpro URL,6,2,2927,0.0025925787631422,0.2349415719509124,0.7624658346176147,0.7624658346176147,0.7598732558544725,Positive
1764161100973506848,2024-03-02T21:29:17Z,2024-03-02,21,Saturday,therealrtu,Would you watch a story on the #AppleVisionPro cracking on early adopters?,would watch story applevisionpro cracking early adopter,9,0,5046,0.0218199770897626,0.8987223505973816,0.0794576704502105,0.8987223505973816,0.0576376933604478,Neutral
1764124633467609222,2024-03-02T19:04:23Z,2024-03-02,19,Saturday,breakingtech__,She's seen everything.💥 #AppleVisionPro https://t.co/mAhaPQVULn,seen applevisionpro URL,1,0,129,0.0026078356895595,0.0693114250898361,0.9280807375907898,0.9280807375907898,0.9254729019012302,Positive
1764056649507995757,2024-03-02T14:34:14Z,2024-03-02,14,Saturday,freeapplevision,We have an exciting opportunity for you to win a FREE Apple vision pro! 🎉🍎. We can't wait to see what you create with it! Spread the love and tag a friend who would also love to win this amazing prize❤️#AppleVisionPro #RobloxDevs #Zombies #FursuitFriday #PalworldXboxSweepstakes https://t.co/Qb2LP2LVmY,exciting opportunity win free apple vision pro ca wait see create spread love tag friend would also love win amazing applevisionpro robloxdevs zombie fursuitfriday palworldxboxsweepstakes URL,0,0,58,0.001465001492761,0.0097017912194132,0.98883318901062,0.98883318901062,0.987368187517859,Positive
1764040455891636398,2024-03-02T13:29:53Z,2024-03-02,13,Saturday,mydaebakcafe,"Well, I've been looking for something like this for quite a while now. VR180 is not very well represented in terms of devices and to create content for #Quest2, #Quest3, #AppleVisionPro at this price point, I think it's a no-brainer. I've ordered one. The review sounds good. https://t.co/Pb1U4TU5vI",well looking something like quite well represented term device create content applevisionpro price point think ordered one review sound good URL,1,0,250,0.0214607696980237,0.1735424697399139,0.8049967885017395,0.8049967885017395,0.7835360188037157,Positive
1764031958039032135,2024-03-02T12:56:07Z,2024-03-02,12,Saturday,tacticalphalanx,https://t.co/avj2dtyj0G #AppleVisionPro #iPhone修理 #iPhone15 #iPhone14,URL applevisionpro iphone修理,0,0,17,0.0057068290188908,0.4135079681873321,0.5807852149009705,0.5807852149009705,0.5750783858820796,Positive
1763965108093321613,2024-03-02T08:30:29Z,2024-03-02,8,Saturday,paulsyng,The guy behind the crazy F1 concept #Formula1 #applevisionpro #ESPN https://t.co/nda7vrNc3g,guy behind crazy concept applevisionpro espn URL,0,1,407,0.0196898728609085,0.5455190539360046,0.4347910583019256,0.5455190539360046,0.4151011854410171,Neutral
1763950058087526595,2024-03-02T07:30:41Z,2024-03-02,7,Saturday,stfr4nkie,"Esta semana, grabe el 2do video del mes...hablare de los #AppleVisionPro y además, cito un twett de @earcos en el que se deja en claro, la creación de la patente de este producto. Tambien hago un respaso, de que otros productos han salido previamente. Y disfruto editandolo. cya",esta semana grabe el video del me hablare de los applevisionpro además cito un twett de USER en el que se deja en claro la creación de la patente de este producto tambien hago un respaso de que otros productos han salido previamente disfruto editandolo cya,1,0,104,0.0124703692272305,0.7857571244239807,0.2017724066972732,0.7857571244239807,0.1893020374700427,Neutral
1763927471915741484,2024-03-02T06:00:56Z,2024-03-02,6,Saturday,jhemy2374,"By records, it has been one of the best metaverse projects in performance recently. First project to come about the #map2Earn concept, one of the projects to embrace the #AppleVisionPro and the #DePIN narrative.",record one best metaverse project performance recently first project come concept one project embrace applevisionpro depin narrative,8,0,44,0.0024970963131636,0.0257880296558141,0.9717149138450624,0.9717149138450624,0.9692178175318986,Positive
1763925817413783873,2024-03-02T05:54:21Z,2024-03-02,5,Saturday,untold_23,🚶🐒🦖🤡 #Transhumanism #AppleVisionPro #WEF2030Agenda #NWO #GreatReset #ExitTheWHO #DepopulationAgenda #SocialCreditSystem #CarbonFootPrint https://t.co/MjIbrg2W5r,transhumanism applevisionpro nwo greatreset exitthewho depopulationagenda socialcreditsystem carbonfootprint URL,1,1,124,0.5393750071525574,0.4261437654495239,0.0344812534749507,0.5393750071525574,-0.5048937536776066,Negative
1763910142502842839,2024-03-02T04:52:04Z,2024-03-02,4,Saturday,myslftlm,#coupe #earthquake #sirus #presidentinvaalit2024 #NBC #AppleMusic #AppleVisionPro #dj #AppleMusic #FCC #movies #Memes #Barbie #Beachlife #90dayfiancebeforethe90days #maskedsinger I was hospitalized with high carbon monoxide last year twice told I was gonna have oxygen when released they changed their mind and decided to give me a CPAC machine that forces air in lungs while asleep how does the rest of your air that is still in your lungs expel I think they might be trying to kill me. Considering it is in the same place that my lawsuit is filed and they fund the city and the state here.,coupe earthquake sirus nbc applemusic applevisionpro dj applemusic fcc movie meme barbie beachlife maskedsinger hospitalized high carbon monoxide last year twice told gon na oxygen released changed mind decided give cpac machine force air lung asleep rest air still lung expel think might trying kill considering place lawsuit filed fund city state,3,1,174,0.2949322164058685,0.6504939794540405,0.054573755711317,0.6504939794540405,-0.2403584606945514,Neutral
1763900310152442338,2024-03-02T04:13:00Z,2024-03-02,4,Saturday,visionpro_guide,🎮🍏 Explore the battle between Apple Vision Pro and PSVR2! Discover the immersive tech transforming gaming experiences! #AppleVisionPro #PSVR2 #GamingTech https://t.co/dio2wopa8q https://t.co/uRqgMpnxsY,explore battle apple vision pro discover immersive tech transforming gaming experience applevisionpro gamingtech URL URL,1,0,59,0.0026379048358649,0.2436456978321075,0.7537164092063904,0.7537164092063904,0.7510785043705255,Positive
1763899356388675620,2024-03-02T04:09:12Z,2024-03-02,4,Saturday,nrlartt,@TocoDeco #AppleVisionPro @CollinaCleo_nft @artrigon https://t.co/WFbjbt0CHT,USER applevisionpro USER USER URL,7,2,99,0.0047624660655856,0.764945924282074,0.2302916049957275,0.764945924282074,0.2255291389301419,Neutral
1763871502871703888,2024-03-02T02:18:32Z,2024-03-02,2,Saturday,thespuzz,"Apple TV Plus adds over 50 movies, including some in 4K and 3D #appletvplus #subscribers #applevisionpro #thespuzz #radhikamerchant https://t.co/MjFMdP1cid",apple tv plus add NUMBER movie including appletvplus subscriber applevisionpro thespuzz radhikamerchant URL,0,0,47,0.0026914689224213,0.3059835135936737,0.6913250088691711,0.6913250088691711,0.6886335399467498,Positive
1763851496066552055,2024-03-02T00:59:02Z,2024-03-02,0,Saturday,himanshuz_chd,"Many Vision Pro users are reporting an annoying issue wherein windows or native UI elements appear as tilted (or slightly angled). I researched on this, and found some workarounds as well. More details: https://t.co/FRu6rIRSlI #apple #VisionPro #AppleVisionPro",many vision pro user reporting annoying issue wherein window native ui element appear tilted slightly angled researched found workarounds well detail URL apple visionpro applevisionpro,0,0,82,0.5201156735420227,0.4487143754959106,0.0311699602752923,0.5201156735420227,-0.4889457132667303,Negative
1763810532631490840,2024-03-01T22:16:15Z,2024-03-01,22,Friday,celalealgan,Hello #etz24 💫 We are here again ❤️ @EdTechSummit #AppleVisionPro @furkankaracafk https://t.co/kEXLUMk0DL,hello USER applevisionpro USER URL,4,3,429,0.0009868420893326,0.0231010038405656,0.9759121537208556,0.9759121537208556,0.9749253116315232,Positive
1763758723351134594,2024-03-01T18:50:23Z,2024-03-01,18,Friday,freeapplevision,We have an exciting opportunity for you to win a FREE Apple vision pro! 🎉🍎. We can't wait to see what you create with it! Spread the love and tag a friend who would also love to win this amazing prize❤️#AppleVisionPro #RobloxDevs #Zombies #FursuitFriday #PalworldXboxSweepstakes https://t.co/IkrS83topZ,exciting opportunity win free apple vision pro ca wait see create spread love tag friend would also love win amazing applevisionpro robloxdevs zombie fursuitfriday palworldxboxsweepstakes URL,0,0,52,0.0014650007942691,0.0097017865628004,0.98883318901062,0.98883318901062,0.987368188216351,Positive
1763674501563170862,2024-03-01T13:15:43Z,2024-03-01,13,Friday,syndrowm,The perfect app doesn't exist... #AppleVisionPro,perfect app exist applevisionpro,1,0,290,0.4911189973354339,0.3253105282783508,0.1835704296827316,0.4911189973354339,-0.3075485676527023,Negative
1763644516504879201,2024-03-01T11:16:34Z,2024-03-01,11,Friday,tocodeco,"A piece of my #HerStory: Toco Deco was one of the first visual artists featured on the #AppleVisionPro. Toco Deco's multidisciplinary, glitch and AI art became part of the world's first spatial computer experience with Apple's release of the Vision Pro on February 2, 2024. Along with 100 artists from 32 countries in the Art Universe by Kaleido, Toco Deco inaugurated the next step in the future of computing and art. Exclusive to the Apple Vision Pro, the Art Universe by Kaleido showcases an elite group of contemporary artists in a brand new, spatial environment - where artwork magically comes to life in a stunningly immersive form. “Vision Pro” by Toco Deco commemorates the historic release of Apple's Vision Pro and the world's first spatial computer. #HerStoryRemix2024 #InternationalWomensDay",piece herstory toco deco one first visual artist featured applevisionpro toco deco multidisciplinary glitch ai art became part world first spatial computer experience apple release vision pro february NUMBER NUMBER along NUMBER artist NUMBER country art universe kaleido toco deco inaugurated next step future computing art exclusive apple vision pro art universe kaleido showcase elite group contemporary artist brand new spatial environment artwork magically come life stunningly immersive form vision pro toco deco commemorates historic release apple vision pro world first spatial computer internationalwomensday,3,0,160,0.0020621058065444,0.1033463180065155,0.8945915102958679,0.8945915102958679,0.8925294044893235,Positive
1763641308722397421,2024-03-01T11:03:49Z,2024-03-01,11,Friday,timd_ca,Daniel Sproll did a formal analysis of the top Vision Pro Apps by ratings. Check out his interview too. CellWalk was #6 on the #applevisionpro App Store by rating. #visionpro #visionos,daniel sproll formal analysis top vision pro apps rating check interview cellwalk NUMBER applevisionpro app store rating visionpro visionos,3,0,578,0.003809023881331,0.5853593945503235,0.4108316004276275,0.5853593945503235,0.4070225765462965,Neutral
1763626094798729661,2024-03-01T10:03:22Z,2024-03-01,10,Friday,freeapplevision,We have an exciting opportunity for you to win a FREE Apple vision pro! 🎉🍎. We can't wait to see what you create with it! Spread the love and tag a friend who would also love to win this amazing prize❤️#AppleVisionPro #RobloxDevs #Zombies #FursuitFriday #PalworldXboxSweepstakes https://t.co/kW8wIIxXau,exciting opportunity win free apple vision pro ca wait see create spread love tag friend would also love win amazing applevisionpro robloxdevs zombie fursuitfriday palworldxboxsweepstakes URL,0,0,22,0.0014650007942691,0.0097017865628004,0.98883318901062,0.98883318901062,0.987368188216351,Positive
1763610239473946871,2024-03-01T09:00:22Z,2024-03-01,9,Friday,magnumpitom,@Jedi_ant the biggest mistake $aapl made with the #AppleVisionPro is sending it to rich people. They all talk to each other and they all know it's a dud. They are all pulling money out of Apple.,USER biggest mistake aapl made applevisionpro sending rich people talk know dud pulling money apple,0,0,59,0.8588079810142517,0.1257743090391159,0.015417649410665,0.8588079810142517,-0.8433903316035867,Negative
1763603459838775743,2024-03-01T08:33:25Z,2024-03-01,8,Friday,freeapplevision,We have an exciting opportunity for you to win a FREE Apple vision pro! 🎉🍎. We can't wait to see what you create with it! Spread the love and tag a friend who would also love to win this amazing prize❤️#AppleVisionPro #RobloxDevs #Zombies #FursuitFriday #PalworldXboxSweepstakes https://t.co/0UJDsUkUYd,exciting opportunity win free apple vision pro ca wait see create spread love tag friend would also love win amazing applevisionpro robloxdevs zombie fursuitfriday palworldxboxsweepstakes URL,0,0,26,0.0014650007942691,0.0097017865628004,0.98883318901062,0.98883318901062,0.987368188216351,Positive
1763579039183245458,2024-03-01T06:56:23Z,2024-03-01,6,Friday,unboxdz,Meta Quest 3 vs Apple Vision Pro: How accurate was Zuckerberg’s review? https://t.co/TWEBoOKUjE . . . . . . . #AppleVisionPro #applevisiopro #MetaQuest3 #MetaQuest #Apple #Metaverse #gadgets #MarkZuckerberg #meta #tech #technology #TECH4ALL #TechTrends,meta quest NUMBER v apple vision pro accurate zuckerberg review URL applevisionpro applevisiopro metaquest apple metaverse gadget markzuckerberg meta tech technology techtrends,0,0,114,0.0238807089626789,0.8876587748527527,0.0884605050086975,0.8876587748527527,0.0645797960460186,Neutral
1763552768709492753,2024-03-01T05:11:59Z,2024-03-01,5,Friday,politicalplayer,"Software engineer wore an #AppleVisionPro to his wedding. the groom’s name may be Jacob Wright but he is in fact so, so wrong for this, just look at the bride’s face. https://t.co/XeINHfGzgH",software engineer wore applevisionpro wedding groom name may jacob wright fact wrong look bride face URL,2,1,318,0.8123646378517151,0.1700245440006256,0.0176108125597238,0.8123646378517151,-0.7947538252919912,Negative
1763545429470286200,2024-03-01T04:42:50Z,2024-03-01,4,Friday,powerpage,Rumor: Apple Vision Pro could launch to international markets sooner than expected https://t.co/7bawhF2kqy #Apple #rumor #hardware #retail #VisionPro #AR #VR #expansion #internationalmarkets #Europe #wearable #headset #AppleVisionPro,rumor apple vision pro could launch international market sooner expected URL apple rumor hardware retail visionpro ar vr expansion internationalmarkets europe wearable headset applevisionpro,2,1,101,0.002698526950553,0.3119029402732849,0.6853985786437988,0.6853985786437988,0.6827000516932458,Positive
1763542291812331611,2024-03-01T04:30:22Z,2024-03-01,4,Friday,ietrending,Viral #weddingphoto shows groom wearing #AppleVisionPro; sparks debate online https://t.co/j18WVV5mQt,viral weddingphoto show groom wearing applevisionpro spark debate online URL,0,0,31,0.0745839476585388,0.8877978324890137,0.0376182608306407,0.8877978324890137,-0.036965686827898,Neutral
1763535632909926599,2024-03-01T04:03:54Z,2024-03-01,4,Friday,armandielaion,Now with the #AppleVisionPro saving kittens is my new workout routine 🤣 https://t.co/ZnDEBmk8Qj,applevisionpro saving kitten new workout routine URL,19,0,862,0.0067022955045104,0.3696759939193725,0.6236217617988586,0.6236217617988586,0.6169194662943482,Positive
1763534703045321021,2024-03-01T04:00:12Z,2024-03-01,4,Friday,uctodaynews,"Apple's new @Apple Vision Pro headset takes on MetaQuest 3, causing a social media explosion! 🥽 Watch the full discussion 👉 https://t.co/1CzIvKhxkB #AppleVisionPro #VR #TechNews | @BizTecGuru | @robscottnews | @zkerravala | @craigdurr | @MaribelLopez | @epopova https://t.co/hzbcfur9U5",apple new USER vision pro headset take metaquest NUMBER causing social medium explosion watch full discussion URL applevisionpro vr technews USER USER USER USER USER USER URL,0,0,132,0.0037482227198779,0.3199224174022674,0.6763293147087097,0.6763293147087097,0.6725810919888318,Positive
1763518969628037406,2024-03-01T02:57:41Z,2024-03-01,2,Friday,skarredghost,"I forgot to play the speculation game this year, so better late than never, here you are my predictions for XR in 2024! What are your instead? https://t.co/YaHcWcsSly #VirtualReality #AugmentedReality #AppleVisionPro #metaverse #SpatialComputing",forgot play speculation game year better late never prediction xr NUMBER instead URL virtualreality augmentedreality applevisionpro metaverse spatialcomputing,23,3,2009,0.0596372485160827,0.3766674697399139,0.5636952519416809,0.5636952519416809,0.5040580034255981,Positive
1763515785300123998,2024-03-01T02:45:02Z,2024-03-01,2,Friday,directorstalk,Exciting use cases of Apple Vision Pro in healthcare by FundamentalVR CEO https://t.co/TxrcU13Xvs #TERN #VentureCapital #IoT #IoMT #IIoT #AIoT #Technology #TechTrends #Industrial #Healthcare #BigData #Investing #FundamentalVR #Healthcare #AppleVisionPro https://t.co/3Dn6MeyxQ0,exciting use case apple vision pro healthcare fundamentalvr ceo URL tern venturecapital iot iomt iiot aiot technology techtrends industrial healthcare bigdata investing fundamentalvr healthcare applevisionpro URL,1,0,228,0.002176972804591,0.0660787522792816,0.9317442178726196,0.9317442178726196,0.9295672450680286,Positive
1763354589057708141,2024-02-29T16:04:30Z,2024-02-29,16,Thursday,spatialapp,Keep posting spatial with improved UI! #SpatialNetwork #visionOS #VisionPro #AppleVisionPro https://t.co/uJZM6CqyDL,keep posting spatial improved ui spatialnetwork visionos visionpro applevisionpro URL,3,0,143,0.0030196404550224,0.1031082198023796,0.893872082233429,0.893872082233429,0.8908524417784065,Positive
1763327005746225474,2024-02-29T14:14:53Z,2024-02-29,14,Thursday,israaali2077,Freckles @bing #BingAI #DALLE3 #PromptShare #PromptChallenge #AIArtCommuity #SoraAI #OpenAiSora @krea_ai #digitalart #AppleVisionPro https://t.co/JdLejcjZOS,freckle USER bingai promptshare promptchallenge aiartcommuity soraai openaisora USER digitalart applevisionpro URL,10,0,488,0.005009809974581,0.8088948130607605,0.1860954016447067,0.8088948130607605,0.1810855916701257,Neutral
1763300848858280068,2024-02-29T12:30:57Z,2024-02-29,12,Thursday,thepeej,Low key my favourite piece of industrial design of the #AppleVisionPro is this soft/hard cover. It’s remarkable how nicely it slips on &amp; off (even one handed!) against how well it holds on. It makes carrying it around so much nicer &amp; less stressful. It’s REALLY REALLY NICE. https://t.co/a2xnDnzp6z,low key favourite piece industrial design applevisionpro cover remarkable nicely slip amp even one handed well hold make carrying around much nicer amp less stressful really really nice URL,1,0,67,0.0077846650965511,0.0225073378533124,0.96970796585083,0.96970796585083,0.9619233007542788,Positive
1763234375771246962,2024-02-29T08:06:49Z,2024-02-29,8,Thursday,hellopavithran,#AppleVisionPro #Memes https://t.co/DcmQxQR9AE,applevisionpro meme URL,3,0,100,0.0058710388839244,0.760564923286438,0.2335640788078308,0.760564923286438,0.2276930399239063,Neutral
1763226348833693716,2024-02-29T07:34:55Z,2024-02-29,7,Thursday,sellific,"Launch of #AppleVisionPro from ESG news sentiment perspective. This totally resonates with what many Apple users said: ""Let's wait for 2nd generation""",launch applevisionpro esg news sentiment perspective totally resonates many apple user said let wait generation,5,1,186,0.0028452901169657,0.0659829974174499,0.9311716556549072,0.9311716556549072,0.9283263655379416,Positive
1763192031550022066,2024-02-29T05:18:33Z,2024-02-29,5,Thursday,futuristowl,"My second feedback on #AppleVisionPro! A Mixed Bag of Controls** 🚀 After spending some quality time with the AppleVisionPro, it's time to share some real talk about what it's like to navigate this cutting-edge device. Let's talk controls! ⌨️🖱️ First up, the Magic Keyboard... or should I say, ""Tricky Keyboard""? 🤔 For those of us not used with this keyboard, typing can feel like learning a new language. My trusty MacBook Pro became my go-to for lengthy typing marathons. 🏃‍♂️💻 specially for me as Im using the device to study #python and #AI on #coursera. And the mouse situation? The Apple Magic Pad shines here, seamlessly translating my gestures into actions. But in the other hand, the MacBook pro touch pad does not work very well.. so using macbook's keyboard with external magic pad is definetly not the most practical combo for a seamless experience. 🤷‍♂️ Here's the deal: Apple, we love innovation, but let's make it inclusive. Opening up the controls to third-party devices could be a game-changer. Or at least, let's get that MacBook Pro touchpad in tune with the Vision Pro's needs. 🎯 What's your take, fellow tech aficionados? Have you navigated the control conundrum of the Vision Pro? Drop your thoughts, experiences, and even your workarounds below! Let's navigate this tech wave together. 🌊💡 #TechTalk #AppleVisionProFeedback #InnovationForAll #UserExperienceMatters #visionpro #pythonforeveryone @Apple @coursera",second feedback applevisionpro mixed bag control spending quality time applevisionpro time share real talk like navigate device let talk control first magic keyboard say tricky keyboard u used keyboard typing feel like learning new language trusty macbook pro became lengthy typing marathon specially im using device study python ai coursera mouse situation apple magic pad shine seamlessly translating gesture action hand macbook pro touch pad work well using macbook keyboard external magic pad definetly practical combo seamless experience deal apple love innovation let make inclusive opening control device could least let get macbook pro touchpad tune vision pro need take fellow tech aficionado navigated control conundrum vision pro drop thought experience even workarounds let navigate tech wave together techtalk applevisionprofeedback innovationforall userexperiencematters visionpro pythonforeveryone USER USER,0,0,46,0.004133419599384,0.1983057409524917,0.7975608706474304,0.7975608706474304,0.7934274510480464,Positive
1763100612869177549,2024-02-28T23:15:17Z,2024-02-28,23,Wednesday,seldahasret,Apple vision pro ile ameliyat simülasyonu. Robotik cerrahinin çok ötesinde. #YapayZeka #ai #AppleVisionPro https://t.co/aoLMRHqYS9,apple vision pro ile ameliyat simülasyonu robotik cerrahinin çok ötesinde yapayzeka ai applevisionpro URL,4,0,306,0.0204508136957883,0.8012435436248779,0.1783055663108825,0.8012435436248779,0.1578547526150941,Neutral
1763083351768924375,2024-02-28T22:06:42Z,2024-02-28,22,Wednesday,macprime,Analyst: #AppleVisionPro schon bald in weiteren Ländern; Rückgabe-Rate tief; Erst in drei Jahren neues Modell? https://t.co/8UroOTPai9,analyst applevisionpro schon bald weiteren ländern tief erst drei jahren neues modell URL,0,0,139,0.0207543298602104,0.8819751739501953,0.0972704365849495,0.8819751739501953,0.076516106724739,Neutral
1763081956412289061,2024-02-28T22:01:09Z,2024-02-28,22,Wednesday,manish_verma08,Finally iPhone 17 and 17 Plus to get 120Hz displays with always-on display. #Apple #AppleVisionPro Sc:- GSMArena https://t.co/PavmNEmWra,finally iphone NUMBER NUMBER plus get display display apple applevisionpro sc gsmarena URL,1,0,38,0.0026843945961445,0.2047254890203476,0.7925900816917419,0.7925900816917419,0.7899056870955974,Positive
1763046804525052224,2024-02-28T19:41:28Z,2024-02-28,19,Wednesday,cly3d,And they say apple respects your privacy. Of course they do. You're in a jail cell... (their walled garden) by default you have this NOTION of pseudo-privacy...where you're insulated and monitored by big brother. Same holds true for #WebXR on their #AppleVisionPro. No AR in their WebXR as it will interfere with appstore e-commerce.,say apple respect privacy course jail cell walled garden default notion insulated monitored big brother hold true webxr applevisionpro ar webxr interfere appstore,4,2,727,0.4819129109382629,0.4734745919704437,0.0446125343441963,0.4819129109382629,-0.4373003765940666,Negative
1763037391265092006,2024-02-28T19:04:04Z,2024-02-28,19,Wednesday,atenraa,Watching #BobMarleyOneLove and I can’t help to think my watching experience would be far better if @Apple bought down the price of the #AppleVisionPro,watching bobmarleyonelove help think watching experience would far better USER bought price applevisionpro,0,0,16,0.0084999101236462,0.0913662165403366,0.9001339077949524,0.9001339077949524,0.8916339976713061,Positive
1763017519991013638,2024-02-28T17:45:06Z,2024-02-28,17,Wednesday,chargerlab,How Fast Is #Apple Vision Pro Charged? - #ChargerLAB Compatibility 100 @Apple 🔗https://t.co/vrDbaF9K38 #AppleVisionPro #Innovation #fastcharging,fast apple vision pro charged chargerlab compatibility NUMBER USER URL applevisionpro innovation fastcharging,0,0,132,0.0034345283638685,0.5837406516075134,0.412824809551239,0.5837406516075134,0.4093902811873704,Neutral
1762990286844600473,2024-02-28T15:56:53Z,2024-02-28,15,Wednesday,mwaanagsan,"Tim Cook Apple CEO say ""Apple will break new grounds in generative AI this year"" $AAPL #Apple #AppleVisionPro #applewar #appledash https://t.co/CzaaFxdYlh",tim cook apple ceo say apple break new ground generative ai year aapl apple applevisionpro applewar appledash URL,0,0,1541,0.0021163371857255,0.1046467199921608,0.8932369351387024,0.8932369351387024,0.8911205979529768,Positive
1762934446129295522,2024-02-28T12:15:00Z,2024-02-28,12,Wednesday,tudocelular,"Apple Vision Pro exibe demanda ""acima do esperado"" e queda nas devoluções, segundo Kuo 🍎🕶️ #TudoCelular #Apple #AppleVisionPro #Notícias https://t.co/wbaOIeeUmU",apple vision pro exibe demanda acima esperado e queda na devoluções segundo kuo tudocelular apple applevisionpro notícias URL,6,1,347,0.0175581313669681,0.7985436916351318,0.1838982254266739,0.7985436916351318,0.1663400940597057,Neutral
1762928516574961723,2024-02-28T11:51:26Z,2024-02-28,11,Wednesday,gargtoshit,I believe in the future VR/AR headsets will replace most of the technology products we buy today. Here is my opinion on the Apple Vision Pro and a prediction on how the future looks for AR/VR headsets. #apple #applevisionpro #technology https://t.co/s7v52YqbJp,believe future headset replace technology product buy today opinion apple vision pro prediction future look headset apple applevisionpro technology URL,2,0,123,0.0041650249622762,0.2446468919515609,0.7511881589889526,0.7511881589889526,0.7470231340266764,Positive
1762926149061984546,2024-02-28T11:42:02Z,2024-02-28,11,Wednesday,coolesach,https://t.co/D2Y5iORkS6 Damen Elegant Casual Strickjacke Solid Langarm Cardigan Leicht Gestrickt Blazer #appel #skullandbones #totenkopf #marketing #onepiece #seelenheil #amazon #AppleVisionPro #davos,URL damen elegant casual strickjacke solid langarm cardigan leicht gestrickt blazer appel skullandbones totenkopf marketing onepiece seelenheil amazon applevisionpro davos,0,0,33,0.0145056108012795,0.7635046243667603,0.2219897210597992,0.7635046243667603,0.2074841102585196,Neutral
1762908595534823853,2024-02-28T10:32:17Z,2024-02-28,10,Wednesday,svmichanco,some quick learning on bringing experiences to Apple Vision Pro! #AppleVisionPro https://t.co/63rP6to5ac,quick learning bringing experience apple vision pro applevisionpro URL,1,0,63,0.0024356674402952,0.232635349035263,0.7649290561676025,0.7649290561676025,0.7624933887273073,Positive
1762873744140255410,2024-02-28T08:13:47Z,2024-02-28,8,Wednesday,wjgreality,"I just got the notice my 1st @apple Vision Pro App ""Favs AVP"" is in review. I created it ""Favs AVP"" to become more productive to install/launch my Favs (Vision Pro Apps, iPad Apps, or Website Apps). Also shows time, date, &amp; battery #Apple #AppleVisionPro https://t.co/K3IUbYMOMB",got notice USER vision pro app favs avp review created favs avp become productive favs vision pro apps ipad apps website apps also show time date amp battery apple applevisionpro URL,2,0,115,0.0053120194934308,0.2271235436201095,0.7675644755363464,0.7675644755363464,0.7622524560429156,Positive
1762864869387243755,2024-02-28T07:38:31Z,2024-02-28,7,Wednesday,ixdiego,My nearly blind self is rejoicing: #AVP #AppleVisionPro https://t.co/8cIpj8vBVX,nearly blind self rejoicing avp applevisionpro URL,1,0,88,0.0024772942997515,0.0227684155106544,0.9747543334960938,0.9747543334960938,0.9722770391963422,Positive
1762852404741947821,2024-02-28T06:49:00Z,2024-02-28,6,Wednesday,the_tech_desk_,"Dive into the future with #AppleVisionPro! 🚀 Just spent a little over a week exploring every nook and cranny of this game-changing device. From surreal immersion to quirky Personas, it’s a whole new world. Full experience #TechReview #VisionProExperience https://t.co/CP5OpPu3F5 https://t.co/WJUxiH9I55",dive future applevisionpro spent little week exploring every nook cranny device surreal immersion quirky persona whole new world full experience techreview visionproexperience URL URL,0,0,24,0.0018945391057059,0.0182025227695703,0.9799029231071472,0.9799029231071472,0.9780083840014412,Positive
1762832524420710889,2024-02-28T05:30:00Z,2024-02-28,5,Wednesday,wehelpyou19,What's your ultimate VR dream destination? Tell us about it in the comments below!💬 #reels #WHYsquad #vr #applevisionpro #MetaQuest #virtualrealityworld #headmounteddisplay #programming #KISSHonoursBillGates https://t.co/4AjtXCrsSM,ultimate vr dream destination tell u comment reel whysquad vr applevisionpro metaquest virtualrealityworld headmounteddisplay programming kisshonoursbillgates URL,2,0,25,0.0075624962337315,0.5771315097808838,0.4153060019016266,0.5771315097808838,0.4077435056678951,Neutral
1762821619339112887,2024-02-28T04:46:40Z,2024-02-28,4,Wednesday,24update__net,apple iphone 16 Ultra Look #Apple #AppleVisionPro #iphone #iPhone16ProMax #iphone16 #iphone16pro #iphone16ultra #iphone16ultrapromax #iPhone16ProMax Know Everything at: https://t.co/i3l2cDc5vB https://t.co/rRZLHu5vbK,apple iphone NUMBER ultra look apple applevisionpro iphone know everything URL URL,0,0,523,0.0027894810773432,0.2829773128032684,0.7142331600189209,0.7142331600189209,0.7114436789415777,Positive
1762794777475731949,2024-02-28T03:00:00Z,2024-02-28,3,Wednesday,tgeawards,"#Apple has scrapped its electric car plans, a project that has been in the works for nearly a decade. The company announced this in an internal meeting on Tuesday &amp; members of the group would be shifted to different roles, mostly Apple's AI division. #AppleCar #AppleVisionPro",apple scrapped electric car plan project work nearly decade company announced internal meeting tuesday amp member group would shifted different role mostly apple ai division applecar applevisionpro,0,0,41,0.6225877404212952,0.3584057986736297,0.0190064050257205,0.6225877404212952,-0.6035813353955746,Negative
1762771877334794381,2024-02-28T01:29:00Z,2024-02-28,1,Wednesday,tnewsclusterfr,"🇺🇸 @Apple a mis fin à ses projets secrets de construction d'une voiture électrique autonome #AppleCar, un effort de dix ans qui a été considéré comme l'une des entreprises les plus ambitieuses de l'histoire mondiale. #AppleVisionPro #AppleCar https://t.co/WE13VvmBVG",USER mi fin à s projets secret de construction voiture électrique autonome applecar un effort de dix an qui été considéré comme de entreprises le plus ambitieuses de mondiale applevisionpro applecar URL,0,0,52,0.0094945980235934,0.4477045238018036,0.5428008437156677,0.5428008437156677,0.5333062456920743,Positive
1762738862164779335,2024-02-27T23:17:49Z,2024-02-27,23,Tuesday,maugf,Unos #GoogleGlass con #Kindle... 🙏🙏🙏🙏🙏 o #AppleVisionPro? Cuando necesito mis #libros no están. #SadButTrue.,unos googleglass con kindle applevisionpro cuando necesito mi libros están sadbuttrue,0,0,31,0.2574274837970733,0.4693336486816406,0.273238867521286,0.4693336486816406,0.0158113837242126,Neutral
1762690670836543620,2024-02-27T20:06:19Z,2024-02-27,20,Tuesday,appleairbot,"They are working on a brain microchip called Apple Neuron+, robot called Apple iBot and a nano robot called Apple AirBot, softlens pro or bionic eyes called Apple Vision Air @Apple @AppleSupport #Apple #applepronews #AppleCar #AppleVisionPro",working brain microchip called apple robot called apple ibot nano robot called apple airbot softlens pro bionic eye called apple vision air USER USER apple applepronews applecar applevisionpro,0,0,69,0.0043829046189785,0.478116363286972,0.5175007581710815,0.5175007581710815,0.513117853552103,Positive
1762669406830673942,2024-02-27T18:41:50Z,2024-02-27,18,Tuesday,unpaid1213,"Nice, looks sick, this Apple Vision Pro cover #apple #Apple #AppleVisionPro #applevisionpro",nice look sick apple vision pro cover apple apple applevisionpro applevisionpro,2,0,61,0.0028916015289723,0.014970832504332,0.9821375608444214,0.9821375608444214,0.979245959315449,Positive
1762659904127467946,2024-02-27T18:04:04Z,2024-02-27,18,Tuesday,vistalargagames,"Zuckerberg Bought Oculus to Outmaneuver Apple, Will He Succeed? Well yes. #quest3 needs a real competitor on functionality. Not popularity. The #applevisionPro doesn’t touch the quest 3. But “competition” is always good for business. That’s what this is. https://t.co/9BMSGNsswU",zuckerberg bought oculus outmaneuver apple succeed well yes need real competitor functionality popularity applevisionpro touch quest NUMBER competition always good business URL,0,0,66,0.0357816107571125,0.3798856437206268,0.5843327045440674,0.5843327045440674,0.5485510937869549,Positive
1762621021482619227,2024-02-27T15:29:34Z,2024-02-27,15,Tuesday,triggwatson,Getting my enrichment time in the airplane bathroom with my Apple Vision Pro (and @usher ) 👀 #applevisionpro #visionpro #appleproducts #techgadgets #usher #halftimeshow #superbowl https://t.co/pjKb5xuq7b,getting enrichment time airplane bathroom apple vision pro USER applevisionpro visionpro appleproducts techgadgets usher halftimeshow superbowl URL,1,0,265,0.0019059588667005,0.1312754899263382,0.8668185472488403,0.8668185472488403,0.8649125883821398,Positive
1762580309441147325,2024-02-27T12:47:47Z,2024-02-27,12,Tuesday,francbeans,Can anyone confirm that Kopin Corp $KOPN is the supplier of OLEDs for the Apple Vision Pro? #AppleVisionPro #AI #KOPN,anyone confirm kopin corp kopn supplier oled apple vision pro applevisionpro ai kopn,0,0,572,0.0068726437166333,0.852659285068512,0.1404680460691452,0.852659285068512,0.1335954023525118,Neutral
1762577039914402136,2024-02-27T12:34:48Z,2024-02-27,12,Tuesday,akamatsu,A new #AppleVisionPro app “Spatial Poetry” has been released. Check it now. https://t.co/sRAq4E6Pv8 https://t.co/91R3Or0bVP,new applevisionpro app spatial poetry released check URL URL,6,1,666,0.0019825680647045,0.2619538307189941,0.7360635995864868,0.7360635995864868,0.7340810315217823,Positive
1762575722508374187,2024-02-27T12:29:33Z,2024-02-27,12,Tuesday,espchris,"I get amused by the people who get upset by reviews like this. The best one being responses like... ""8? Should have taken into account the price..."" I mean, the price is probably why it got an 8 though. #AppleVisionPro",get amused people get upset review like best one response like NUMBER taken account price mean price probably got NUMBER though applevisionpro,1,0,33,0.3905674517154693,0.3454976081848144,0.2639349102973938,0.3905674517154693,-0.1266325414180755,Negative
1762575684499538077,2024-02-27T12:29:24Z,2024-02-27,12,Tuesday,rockingryann97,SpongeBob had the Apple Vision Pro before anyone🤣 #AppleVisionPro https://t.co/d2WW0ggYZB,spongebob apple vision pro applevisionpro URL,0,0,37,0.0059440680779516,0.2706135511398315,0.7234423756599426,0.7234423756599426,0.717498307581991,Positive
1762574413961335077,2024-02-27T12:24:21Z,2024-02-27,12,Tuesday,davidgewirtz,"And so, it begins: https://t.co/KvCx1hYIoi #visionpro #applevisionpro",begin URL visionpro applevisionpro,1,0,242,0.0049966843798756,0.593978226184845,0.4010250866413116,0.593978226184845,0.396028402261436,Neutral
1762570765260529909,2024-02-27T12:09:52Z,2024-02-27,12,Tuesday,jakeblogical,Sad to hear would love to have an Apple car one day🙃 #Apple $AAPL #AppleVisionPro,sad hear would love apple car one apple aapl applevisionpro,1,0,85,0.4841860830783844,0.2452731281518936,0.2705407440662384,0.4841860830783844,-0.213645339012146,Negative
1762569799639461937,2024-02-27T12:06:01Z,2024-02-27,12,Tuesday,funontheridebtc,CLCRIPTO 🥽🚀 Prepare your CRYPTO INCOME with the APPLE VISION PRO https://t.co/lqMwNkZKol COINTRACKING 10% Discount! https://t.co/PHcm4ulmXx 🗞️IA-NEWS https://t.co/sFVOAqFhU4 @CriptoLegal_Es @JLorenteA #AppleVisionPro https://t.co/Yu15aVFXR7,clcripto prepare crypto income apple vision pro URL cointracking NUMBER discount URL URL USER USER applevisionpro URL,2,0,25,0.002462157048285,0.1416015774011612,0.8559362888336182,0.8559362888336182,0.8534741317853332,Positive
1762548150512779742,2024-02-27T10:40:00Z,2024-02-27,10,Tuesday,salvasandoval,Cuando la tecnología suma👏👏 #AppleVisionPro,cuando la tecnología applevisionpro,0,0,27,0.0032852888107299,0.0568867065012455,0.9398280382156372,0.9398280382156372,0.9365427494049072,Positive
1762527190757822738,2024-02-27T09:16:43Z,2024-02-27,9,Tuesday,mpaxcom,"Of course, one type of #smartglasses could be used to learn surgery... But we've got a couple of more ideas. The future of #livestreaming, #wearables, and smart technology is about to get even more exciting. Stay tuned! #MPAX #POV #streaming #sports #applevisionpro https://t.co/XX6122KdsD",course one type smartglasses could used learn surgery got couple idea future livestreaming wearable smart technology get even exciting stay tuned mpax pov streaming sport applevisionpro URL,6,2,328,0.0020153317600488,0.0516706332564353,0.946313977241516,0.946313977241516,0.9442986454814672,Positive
1762494572322775217,2024-02-27T07:07:06Z,2024-02-27,7,Tuesday,sgo_group,[▶️TUTORIAL▶️] Explore how to create seamless content for Apple Vision Pro! Learn more about composing 3D objects and managing the depth of the graphics properly in a spatial video in our last #tutorial of this series. 🚀✨➡️https://t.co/GjLOLGZYME #applevisionpro #compositing,explore create seamless content apple vision pro learn composing object managing depth graphic properly spatial video last tutorial series URL applevisionpro compositing,1,0,102,0.0028650644235312,0.1475810557603836,0.8495538830757141,0.8495538830757141,0.8466888186521828,Positive
1762459919653999052,2024-02-27T04:49:24Z,2024-02-27,4,Tuesday,freeapplevision,We have an exciting opportunity for you to win a FREE Apple vision pro! 🎉🍎. We can't wait to see what you create with it! Spread the love and tag a friend who would also love to win this amazing prize❤️#AppleVisionPro #RobloxDevs #Zombies #FursuitFriday #PalworldXboxSweepstakes https://t.co/tGGb66R8fK,exciting opportunity win free apple vision pro ca wait see create spread love tag friend would also love win amazing applevisionpro robloxdevs zombie fursuitfriday palworldxboxsweepstakes URL,0,0,44,0.001465001492761,0.0097017912194132,0.98883318901062,0.98883318901062,0.987368187517859,Positive
1762457742218797405,2024-02-27T04:40:45Z,2024-02-27,4,Tuesday,jessebenisrael,"The components of Apple Vision Pro cost $1,542, but there's more to the story than just the price tag. #AppleVisionPro #TechNews https://t.co/5zPHXGSNlC",component apple vision pro cost NUMBER NUMBER story price tag applevisionpro technews URL,1,0,10,0.011337555013597,0.47494837641716,0.513714075088501,0.513714075088501,0.502376520074904,Positive
1762449103500222780,2024-02-27T04:06:25Z,2024-02-27,4,Tuesday,mldinesh0,Building an Apple Vision Pro App - visionOS Tutorial https://t.co/NkzHM1EkYJ via @PeopleConninc #AppleVisionPro #MachineLearning #Apple #visionOS #DiaryBlog #India,building apple vision pro app visionos tutorial URL via USER applevisionpro machinelearning apple visionos diaryblog india,3,1,70,0.0044042533263564,0.6539886593818665,0.3416070938110351,0.6539886593818665,0.3372028404846787,Neutral
1762386551353258140,2024-02-26T23:57:52Z,2024-02-26,23,Monday,alighterreality,Me bein’ all super comfortable on the plane ✈️ I even had a few inquirers! #applevisionpro https://t.co/hrwC03VcQx,bein super comfortable plane even inquirer applevisionpro URL,0,0,103,0.0025280017871409,0.0523300655186176,0.9451419115066528,0.9451419115066528,0.942613909719512,Positive
1762357484591759517,2024-02-26T22:02:22Z,2024-02-26,22,Monday,sulegulmenx,"@futuristufuk #iphone da ilk çıktığında alamayanlar tarafından merak dolu tuhaf gözle bakılmıştı ama şimdi (en karşıtı dahil) herkesin elinde 🤳 alamayan android 📱 alıyor. #AppleVisionPro olmadı #MetaQuest 🌟 zira teknoloji, hayatı daha iyi, konforlu, keyifli hale getiriyor. #FuturelsNow",USER iphone da ilk çıktığında alamayanlar tarafından merak dolu tuhaf gözle bakılmıştı ama şimdi en karşıtı dahil herkesin elinde alamayan android alıyor applevisionpro olmadı metaquest zira teknoloji hayatı daha iyi konforlu keyifli hale getiriyor futurelsnow,0,0,25,0.0241138897836208,0.7971721887588501,0.1787139773368835,0.7971721887588501,0.1546000875532627,Neutral
1762340405310377988,2024-02-26T20:54:29Z,2024-02-26,20,Monday,dollarvigilante,"The NPCs today are cutting themselves off each other and community, opting to be controlled by devices like the Apple goggles. #AppleVisionPro https://t.co/Kh4Q2DrgFV",npc today cutting community opting controlled device like apple goggles applevisionpro URL,55,15,3707,0.5967056751251221,0.3824688494205475,0.0208254065364599,0.5967056751251221,-0.5758802685886621,Negative
1762334994104463516,2024-02-26T20:32:59Z,2024-02-26,20,Monday,unfold_vr,@UnrealEngine Any clarity about #AppleVisionPro support and for #Fortnite Mac support which no matter how many articles I read I can't figure out why it isn't updated yet 🤷🏼‍♂️,USER clarity applevisionpro support fortnite mac support matter many article read ca figure updated yet,0,0,156,0.470703125,0.4948226809501648,0.0344742201268672,0.4948226809501648,-0.4362289048731327,Neutral
1762299261348139159,2024-02-26T18:11:00Z,2024-02-26,18,Monday,auradeluxe,Every time I'm in the #AppleVisionPro now I think of this panel by @DarickR from ISSUE 1 of #Transmetropolitan 🥽 https://t.co/f6fqnM4NqP,every time applevisionpro think panel USER issue NUMBER transmetropolitan URL,3,0,247,0.0056877224706113,0.426004409790039,0.5683078765869141,0.5683078765869141,0.5626201541163027,Positive
1762291728290078990,2024-02-26T17:41:04Z,2024-02-26,17,Monday,techsgod,Tres proyectos secretos de Apple al descubierto #Apple #AppleVisionPro #iPhone15ProMax #AppleVision #anillo @Apple #applering #AirPods #secrets https://t.co/ZZ5zvoA5fn,tres proyectos secretos de apple al descubierto apple applevisionpro applevision anillo USER applering airpods secret URL,0,0,55,0.0292516108602285,0.7968069314956665,0.1739414036273956,0.7968069314956665,0.1446897927671671,Neutral
1762291304719876369,2024-02-26T17:39:23Z,2024-02-26,17,Monday,freeapplevision,We have an exciting opportunity for you to win a FREE Apple vision pro! 🎉🍎. We can't wait to see what you create with it! Spread the love and tag a friend who would also love to win this amazing prize❤️#AppleVisionPro #RobloxDevs #Zombies #FursuitFriday #PalworldXboxSweepstakes https://t.co/ScGecU42Hc,exciting opportunity win free apple vision pro ca wait see create spread love tag friend would also love win amazing applevisionpro robloxdevs zombie fursuitfriday palworldxboxsweepstakes URL,0,0,52,0.0014650007942691,0.0097017865628004,0.98883318901062,0.98883318901062,0.987368188216351,Positive
1762281675726237880,2024-02-26T17:01:07Z,2024-02-26,17,Monday,hardwarezone,Turns out the most cutting-edge mixed reality headset ever made costs a lot to build. #applevisionpro #microoled #spatialcomputing https://t.co/eC4Mo8VoR3,turn mixed reality headset ever made cost lot build applevisionpro microoled spatialcomputing URL,0,1,293,0.0175874289125204,0.1718293130397796,0.8105832934379578,0.8105832934379578,0.7929958645254374,Positive
1762281160200040537,2024-02-26T16:59:04Z,2024-02-26,16,Monday,custompc_uk,"Apple 2023 MacBook Pro Laptop M3 1TB £1,699.97 🛒 https://t.co/Sc6xeGPuRE 📦Amazon Prime Free 30 Day Trial https://t.co/CwH37fGkxd *price + stock availability can change daily* #AmazonUK #ad #MacBookPro #M3 #iphone15 #AppleVisionPro #Apple #iPhone15ProMax #Gaming #iOS17 #4K",apple NUMBER macbook pro laptop NUMBER NUMBER URL prime free NUMBER day trial URL price stock availability change daily amazonuk ad macbookpro applevisionpro apple gaming,1,0,106,0.0033361769746989,0.3595730066299438,0.637090802192688,0.637090802192688,0.6337546252179891,Positive
1762256094674501719,2024-02-26T15:19:28Z,2024-02-26,15,Monday,lasermovieclips,Ready Player One: Journey Into The Oasis #shorts #vr https://t.co/3ej66Xd31a via @YouTube #dune #rothchild #AppleVisionPro,ready player one journey oasis short vr URL via USER dune rothchild applevisionpro,0,0,106,0.004843873437494,0.738598644733429,0.2565575242042541,0.738598644733429,0.2517136507667601,Neutral
1762229770983465346,2024-02-26T13:34:52Z,2024-02-26,13,Monday,brunodonft,🔍 Alerta Tech! 🚨 Apple Vision Pro: Imagens e relatos na web revelam experiências negativas. Durabilidade em xeque para um produto de 20 mil reais que racha sozinho. 🤔 Vale o investimento? Comente! #Metaverso #Apple #VisionPro #AppleVisionPro #TechTalk https://t.co/3a9bGxevUO,alerta tech apple vision pro imagens e relatos na web revelam experiências negativas durabilidade em xeque para um produto de NUMBER mil reais que racha sozinho vale investimento comente metaverso apple visionpro applevisionpro techtalk URL,0,0,54,0.0272994339466094,0.8459386825561523,0.1267618834972381,0.8459386825561523,0.0994624495506286,Neutral
1762216762861568015,2024-02-26T12:43:11Z,2024-02-26,12,Monday,itspaolopv,"Big update is here for my Vision Pro Game, Jumpfinity! 🚀 Jump in with Pip! Enjoy a catchy theme song with fast paced fun! Download it now before the price changes! https://t.co/4ky8e19JB8 Feel free to share #VisionPro #IndieGame #AppleVisionPro #VisionProApp #VisionProGame https://t.co/mwTGUX8aNY",big update vision pro game jumpfinity jump pip enjoy catchy theme song fast paced fun download price change URL feel free share visionpro indiegame applevisionpro visionproapp visionprogame URL,5,0,470,0.0012068659998476,0.0242549013346433,0.974538266658783,0.974538266658783,0.9733314006589352,Positive
1762215243256603135,2024-02-26T12:37:09Z,2024-02-26,12,Monday,marwatechspot,Learning #piano without a sheet music using #flowingtiles app designed for #AppleVisionPro. #spatialexperience,learning piano without sheet music using flowingtiles app designed applevisionpro spatialexperience,0,0,111,0.0063716834411025,0.5685205459594727,0.4251077473163605,0.5685205459594727,0.4187360638752579,Neutral
1762199563979436340,2024-02-26T11:34:50Z,2024-02-26,11,Monday,ulrich1000,Could get used to this view. #AppleVisionPro https://t.co/Lh0ECx521P,could get used view applevisionpro URL,0,0,50,0.0037128943949937,0.1283193081617355,0.8679677248001099,0.8679677248001099,0.8642548304051161,Positive
1762181485996741107,2024-02-26T10:23:00Z,2024-02-26,10,Monday,coachsergiofit,Im a gamer. This is why I believe $AAPL will absolutely dominate the VR gaming space with #AppleVisionPro $META will have big competition in the coming years WHEN Apple gets their headset sub 1k$,im gamer believe aapl absolutely dominate vr gaming space applevisionpro meta big competition coming year apple get headset sub,0,0,120,0.0029203544836491,0.0318360812962055,0.9652435183525084,0.9652435183525084,0.9623231638688594,Positive
1762178421445042209,2024-02-26T10:10:50Z,2024-02-26,10,Monday,chxrliediseno,"Estas gafas de Realidad Aumentada permiten gestionar varias tareas, son intuitivas y permiten sincronizarse con otros dispositivos de la marca, pero tiene aspectos a mejorar, como el campo de visión, el peso, la batería, la adicción que puede causar y su precio. #AppleVisionPro https://t.co/9gOpFsCFAa",estas gafas de realidad aumentada permiten gestionar varias tareas son intuitivas permiten sincronizarse con otros dispositivos de la marca pero tiene aspectos mejorar como el campo de visión el peso la batería la adicción que puede causar su precio applevisionpro URL,0,0,26,0.0247798673808574,0.7438332438468933,0.2313868552446365,0.7438332438468933,0.206606987863779,Neutral
1762169481852281164,2024-02-26T09:35:18Z,2024-02-26,9,Monday,gratefulmagnet,These are not videos! These are mappings of stills in AR experienced and mapped via @OVRtheReality $ovr Pretty cool imho Imagine all the possibilities #AppleVisionPro 🤯🤩,video mapping still ar experienced mapped via USER ovr pretty cool imho imagine possibility applevisionpro,2,0,106,0.0030024095904082,0.035411637276411,0.9615859985351562,0.9615859985351562,0.958583588944748,Positive
1762166384828502422,2024-02-26T09:23:00Z,2024-02-26,9,Monday,tonymongkolsmai,Popped on the #InTechnology podcast with @morhardt to talk about my experiences with #AppleVisionPro and if I actually can use it every day for all my use cases. https://t.co/XgVdZHUCVb,popped intechnology podcast USER talk experience applevisionpro actually use every day use case URL,2,0,124,0.002920136321336,0.296260118484497,0.7008197903633118,0.7008197903633118,0.6978996540419757,Positive
1762145992801968502,2024-02-26T08:01:58Z,2024-02-26,8,Monday,techoptyx23,"Join us as we embark on this journey into the unknown with the Apple Vision Pro as our guide. The future of augmented reality awaits, and with it, endless possibilities. #techoptyx #AppleVisionPro #AugmentedReality #Innovation 🍏✨ https://t.co/NIest6lXVK",join u embark journey unknown apple vision pro guide future augmented reality awaits endless possibility techoptyx applevisionpro augmentedreality innovation URL,1,0,29,0.0015834688674658,0.0317256264388561,0.9666908979415894,0.9666908979415894,0.9651074290741236,Positive
1762106238416957755,2024-02-26T05:24:00Z,2024-02-26,5,Monday,aureliensacaze,Simpsons predicted the Apple Vision Pro in 2016 👀 #AppleVisionPro https://t.co/R8rHhvIivc,simpson predicted apple vision pro NUMBER applevisionpro URL,0,0,250,0.004164567682892,0.6764594316482544,0.3193760216236114,0.6764594316482544,0.3152114539407193,Neutral
1762081071191978335,2024-02-26T03:43:59Z,2024-02-26,3,Monday,vidarcoc,#AppleVisionPro 🤔 Forscher warnen vor täglicher Nutzung von Headsets wie Apple Vision Pro https://t.co/Aycs77pTkm,applevisionpro forscher warnen vor täglicher nutzung von headset wie apple vision pro URL,2,1,220,0.0163262672722339,0.912425935268402,0.0712477713823318,0.912425935268402,0.0549215041100978,Neutral
1762077551495614723,2024-02-26T03:30:00Z,2024-02-26,3,Monday,invogamestudio,What are you most excited about with Apple Vision Pro? Share your thoughts and potential uses in the comments below! Let's explore the possibilities together. #AppleVisionPro #OpenDiscussion #Innovation,excited apple vision pro share thought potential us comment let explore possibility together applevisionpro opendiscussion innovation,0,0,21,0.0017231906531378,0.0282139126211404,0.9700628519058228,0.9700628519058228,0.9683396612526848,Positive
1762070026977198183,2024-02-26T03:00:06Z,2024-02-26,3,Monday,guillembruix,Ja podeu veure els millors jacuzzis de Catalunya a les #AppleVisionPro 😂 Gràcies @barrainversa per la menció!,ja podeu veure el millors jacuzzis de catalunya le applevisionpro gràcies USER per la menció,2,1,211,0.0057803657837212,0.1128140389919281,0.8814056515693665,0.8814056515693665,0.8756252857856452,Positive
1762020819843121163,2024-02-25T23:44:34Z,2024-02-25,23,Sunday,onetechpl,Naukowcy odkryli efekty codziennego noszenia #AppleVisionPro. https://t.co/xYOtm72x9l,naukowcy odkryli efekty codziennego noszenia applevisionpro URL,0,0,336,0.0272925421595573,0.8110072612762451,0.1617001742124557,0.8110072612762451,0.1344076320528984,Neutral
1761995519696793953,2024-02-25T22:04:02Z,2024-02-25,22,Sunday,auradeluxe,So much #Metaverse. So little time. #AppleVisionPro https://t.co/v00Ffuz0El,much metaverse little time applevisionpro URL,29,2,976,0.1632878631353378,0.5272181034088135,0.3094940781593323,0.5272181034088135,0.1462062150239944,Neutral
1761992230489714740,2024-02-25T21:50:58Z,2024-02-25,21,Sunday,omid_rh_,"There is no fixed form of man, we are constantly changing, we are just a reaction to everything that happens to us in this life. -------------------------------------------- #fun #lifestyle #AppleVisionPro #viralvideo #Liverpool #Chelsea #NFTs #art #TaylorSwift https://t.co/YvbRLvUXNO",fixed form man constantly changing reaction everything happens u life fun lifestyle applevisionpro viralvideo liverpool chelsea nfts art taylorswift URL,4,0,136,0.0373508110642433,0.748108446598053,0.2145407348871231,0.748108446598053,0.1771899238228798,Neutral
1761991458309976065,2024-02-25T21:47:54Z,2024-02-25,21,Sunday,aledonetti,"A new way to produce music is arriving for the #AppleVisionPro - the 1st immersive digital audio workstation (DAW) with a 3D display, developed by @HitnMix #AlessandroDonettiDaily #CreationEconomy #Web3 #NFT #AIForCreators #MetaverseExperience https://t.co/Bu1VBRVvoV",new way produce music arriving applevisionpro immersive digital audio workstation daw display developed USER alessandrodonettidaily creationeconomy nft aiforcreators metaverseexperience URL,1,0,59,0.0025503491051495,0.1813059449195861,0.8161436915397644,0.8161436915397644,0.8135933424346149,Positive
1761971899666764152,2024-02-25T20:30:11Z,2024-02-25,20,Sunday,360reader,Securely factory reset your headset! #Apple #AppleVisionPro https://t.co/neuwvOR1FY,securely factory reset headset apple applevisionpro URL,1,0,32,0.0065657501108944,0.3418437838554382,0.6515904664993286,0.6515904664993286,0.6450247163884342,Positive
1761911403865108821,2024-02-25T16:29:48Z,2024-02-25,16,Sunday,killersites,"I tried the #AppleVisionPro today at the Boca Raton Apple Store. It was impressive but not 100% there, from my perspective. My main complaint is comfort. That said, this type of device will become mainstream sooner than later. https://t.co/0jtsGnPoqN",tried applevisionpro today boca raton apple store impressive NUMBER perspective main complaint comfort said type device become mainstream sooner later URL,6,0,531,0.2149356305599212,0.3899354636669159,0.3951289355754852,0.3951289355754852,0.1801933050155639,Positive
1761885400120127609,2024-02-25T14:46:28Z,2024-02-25,14,Sunday,touring540,@fs_famspirit12 @Unrecycling #NFT #NFTGAMING #METAVERSE #VR #AR #METAQUESR #APPLEVISIONPRO,USER USER nft nftgaming metaverse vr ar metaquesr applevisionpro,1,1,56,0.0060058655217289,0.8266655206680298,0.1673285812139511,0.8266655206680298,0.1613227156922221,Neutral
1761865123503784229,2024-02-25T13:25:53Z,2024-02-25,13,Sunday,faisalsaleem583,Who has got this ? #Apple #AppleVisionPro #azaja #Liverpool #sundayvibes https://t.co/TmQX6DSHbh,got apple applevisionpro azaja liverpool sundayvibes URL,1,0,303,0.0040751821361482,0.3666316270828247,0.6292932033538818,0.6292932033538818,0.6252180212177336,Positive
1761803479113462059,2024-02-25T09:20:56Z,2024-02-25,9,Sunday,tomas3n,When #AppleVisionPro disappearing from timeline: https://t.co/TOTdsm8EzM,applevisionpro disappearing timeline URL,1,0,816,0.1516495645046234,0.8116371035575867,0.0367132574319839,0.8116371035575867,-0.1149363070726394,Neutral
1761796252662956427,2024-02-25T08:52:13Z,2024-02-25,8,Sunday,antseeff,"Wouldn’t it be cool if the next generation of #AppleCarPlay would integrate with the #AppleVisionPro to show you a heads up display of your speed, etc? https://t.co/91B6algPdc",cool next generation applecarplay would integrate applevisionpro show head display speed etc URL,0,0,42,0.0030688256956636,0.1150336265563964,0.8818975687026978,0.8818975687026978,0.8788287430070341,Positive
1761709809324187731,2024-02-25T03:08:44Z,2024-02-25,3,Sunday,abonauta,Un placer hablar con @marcusfernandez en @codigocero sobre el nuevo juguete #AppleVisionPro : https://t.co/RwUcpX0WqQ,un placer hablar con USER en USER sobre el nuevo juguete applevisionpro URL,3,1,195,0.006281407084316,0.8260554671287537,0.1676630675792694,0.8260554671287537,0.1613816604949534,Neutral
1761703709401092533,2024-02-25T02:44:29Z,2024-02-25,2,Sunday,swiftfoxsw,DeskFrame for visionOS is featured on Product Hunt today! Check it out: https://t.co/SRevp91p0E #producthunt #ph #visionOS #applevisionpro,deskframe visionos featured product hunt today check URL producthunt ph visionos applevisionpro,3,0,149,0.0032524976413697,0.4378089010715484,0.5589386224746704,0.5589386224746704,0.5556861248333007,Positive
1761674965785461161,2024-02-25T00:50:16Z,2024-02-25,0,Sunday,freeapplevision,We have an exciting opportunity for you to win a FREE Apple vision pro! 🎉🍎. We can't wait to see what you create with it! Spread the love and tag a friend who would also love to win this amazing prize❤️#AppleVisionPro #RobloxDevs #Zombies #FursuitFriday #PalworldXboxSweepstakes https://t.co/rm6BO78pkK,exciting opportunity win free apple vision pro ca wait see create spread love tag friend would also love win amazing applevisionpro robloxdevs zombie fursuitfriday palworldxboxsweepstakes URL,0,0,43,0.0014650007942691,0.0097017865628004,0.98883318901062,0.98883318901062,0.987368188216351,Positive
1761653782088474682,2024-02-24T23:26:06Z,2024-02-24,23,Saturday,stratorob,"We tested the new #raybanmetasmartglasses so you don't have to - I know... not so new because of #applevisionpro 😅 Watch my unofficial #review to know more aside from having #ai and my guilty pleasure of listening to my favorite country songs in it. But the most important question is, should social media and marketing professionals buy it for content creation? Would you buy it or do you have one already? @mvollmer1 @sonu_monika @JagersbergKnut @EstelaMandela @enilev @BetaMoroney @Shi4Tech @sallyeaves @PerBBerggreen @ahier @Corix_JC @dinisguarda @NeiraOsci @tlloydjones @sim010101 @TarakRindani @Nicochan33 @YvesMulkers @FGraillot @globaliqx @HolgerGelhausen @ChuckDBrooks @AndrewinContact @FrRonconi @ArdleCulleton @SusanHayes_ @mikeflache @darioandriani @Lago72 @FinMKTG @maponi @Khulood_Almani @amalmerzouk @sminaev2015 @FernandaKellner @drsharwood @Eli_Krumova @pchamard @CurieuxExplorer @MHcommunicate @jeancayeux @chidambara09 P.S. If you're going to the Insurtech Insights Europe event in London - then you might see me wearing this at our book party with @robgalb. Register now so you will not miss your seats. 👇 https://t.co/h29PusMaoB #socialmedia #marketing #contentcreation #rayban",tested new raybanmetasmartglasses know new applevisionpro watch unofficial review know aside ai guilty pleasure listening favorite country song important question social medium marketing professional buy content creation would buy one already USER USER USER USER USER USER USER USER USER USER USER USER USER USER USER USER USER USER USER USER USER USER USER USER USER USER USER USER USER USER USER USER USER USER USER USER USER USER USER USER USER USER going insurtech insight europe event london might see wearing book party USER register miss seat URL socialmedia marketing contentcreation rayban,30,20,1797,0.0088973427191376,0.2349680513143539,0.7561346292495728,0.7561346292495728,0.7472372865304351,Positive
1761620185629299161,2024-02-24T21:12:36Z,2024-02-24,21,Saturday,kilewastaken,game day #AppleVisionPro https://t.co/jkjhmbedID,game day applevisionpro URL,8,0,598,0.0050987997092306,0.4665819108486175,0.5283192992210388,0.5283192992210388,0.5232204995118082,Positive
1761526839644766612,2024-02-24T15:01:40Z,2024-02-24,15,Saturday,techninjaspeaks,Is the Apple Vision Pro worth the price? #apple #AVP #AppleVisionPro https://t.co/FoMqkIgvtW,apple vision pro worth price apple avp applevisionpro URL,3,0,639,0.0065701561979949,0.5330451726913452,0.4603846967220306,0.5330451726913452,0.4538145405240357,Neutral
1761432066476896278,2024-02-24T08:45:05Z,2024-02-24,8,Saturday,shiftcommand,Love the new Accessibility feature on Apple Vision Pro! It's so cool how you can control it just by making sounds 👏🤩 #AppleVisionPro #Accessibility,love new accessibility feature apple vision pro cool control making sound applevisionpro accessibility,1,0,141,0.0022518346086144,0.0116606326773762,0.9860875010490416,0.9860875010490416,0.9838356664404272,Positive
1761372752051630202,2024-02-24T04:49:23Z,2024-02-24,4,Saturday,freeapplevision,We have an exciting opportunity for you to win a FREE Apple vision pro! 🎉🍎. We can't wait to see what you create with it! Spread the love and tag a friend who would also love to win this amazing prize❤️#AppleVisionPro #RobloxDevs #Zombies #FursuitFriday #PalworldXboxSweepstakes https://t.co/U99Sfav0VM,exciting opportunity win free apple vision pro ca wait see create spread love tag friend would also love win amazing applevisionpro robloxdevs zombie fursuitfriday palworldxboxsweepstakes URL,1,0,84,0.0014650007942691,0.0097017865628004,0.98883318901062,0.98883318901062,0.987368188216351,Positive
1761369286621139276,2024-02-24T04:35:37Z,2024-02-24,4,Saturday,jeutie,Been playing around with the #AppleVisionPro for a couple days now… just stumbled on Prehistoric Planet on Apple TV+ in immersive view. 😳 How epic is that?! 🤯,playing around applevisionpro couple day stumbled prehistoric planet apple immersive view epic,0,0,69,0.0020504139829427,0.0264644715934991,0.9714851379394532,0.9714851379394532,0.9694347239565104,Positive
1761349910438478192,2024-02-24T03:18:37Z,2024-02-24,3,Saturday,darius,The bottom line is the #AppleVisionPro has better editing fidelity and sharpness than my MacBook and without the glare. Apple Changed the game,bottom line applevisionpro better editing fidelity sharpness macbook without glare apple changed game,73,6,8561,0.007727560121566,0.0335783846676349,0.9586941003799438,0.9586941003799438,0.9509665402583778,Positive
1761321418820821248,2024-02-24T01:25:24Z,2024-02-24,1,Saturday,demockerycy,@B5001001101 #AppleVisionPro 💩,USER applevisionpro,1,1,24,0.4430920779705047,0.4520967006683349,0.1048112958669662,0.4520967006683349,-0.3382807821035385,Neutral
1761315530005197286,2024-02-24T01:02:00Z,2024-02-24,1,Saturday,fbnlogan,"I built my own Apple Vision Pro Music: ""Arzni (Part 2) [ft. Sam Khachatourian]"" by Diezel Tea and ""SECRET SPOT"" by John Lopker Popular USA Majority from https://t.co/ibJHQ7tbXA is licenced by Creative Commons BY-4.0 #Apple #AppleVisionPro #VisionPro #vr #ar #VirtualReality https://t.co/DXu9l4hiKL",built apple vision pro music arzni part NUMBER sam khachatourian diezel tea secret spot john lopker popular usa majority URL licenced creative common NUMBER apple applevisionpro visionpro vr ar virtualreality URL,0,0,127,0.0041535273194313,0.6202167868614197,0.375629723072052,0.6202167868614197,0.3714761957526207,Neutral
1761244199478055224,2024-02-23T20:18:34Z,2024-02-23,20,Friday,konrad_gnat,"Ship It day at @fdotinc #AppleVisionPro today - after pushing as hard as i can all week, you get to share about what you did. A great way to get feedback and to have an intent for the week. My mission is to have 100 paying customers by end of residency. https://t.co/o28JcgXw4w",ship day USER applevisionpro today pushing hard week get share great way get feedback intent week mission NUMBER paying customer end residency URL,20,0,1028,0.0029470592271536,0.0261315945535898,0.9709213376045228,0.9709213376045228,0.967974278377369,Positive
1761219184111788163,2024-02-23T18:39:10Z,2024-02-23,18,Friday,dissolvethecage,"Automated Zombies https://t.co/hbb2YFzdll via @YouTube Digital lobotomies are all the rage these days! Share, like, subscribe to my Dissolve the Cage channel and help a talented man get discovered! #comedy #zombies #automation #AppleVisionPro #SoraAI",automated zombie URL via USER digital lobotomy rage day share like subscribe dissolve cage channel help talented man get discovered comedy zombie automation applevisionpro soraai,0,0,64,0.0065683638677001,0.1257085353136062,0.8677231073379517,0.8677231073379517,0.8611547434702516,Positive
1761182183543255364,2024-02-23T16:12:08Z,2024-02-23,16,Friday,vlisimus,"@SadCreatorTalks The price might seem steep, but the features and capabilities of #AppleVisionPro make it worth every penny. Can't wait to experience the next level of immersive tech! 💸🔥",USER price might seem steep feature capability applevisionpro make worth every penny ca wait experience next level immersive tech,0,0,5,0.0024360411334782,0.0119189657270908,0.985645055770874,0.985645055770874,0.9832090146373956,Positive
1761133834740154806,2024-02-23T13:00:01Z,2024-02-23,13,Friday,oliverw,Honoured that our Apple Vision Pro App is in the App Store Editors Choice: “New Apps and Games we Love”! Day Ahead is an overview of your day's events in elegant 3D. More here: https://t.co/KPGXskjrZc #AppleVisionPro #SpatialComputing https://t.co/0PNFVBzywe,honoured apple vision pro app app store editor choice new apps game love day ahead overview day event elegant URL applevisionpro spatialcomputing URL,4,1,816,0.0012384258443489,0.0158212967216968,0.9829402565956116,0.9829402565956116,0.9817018307512626,Positive
1761075895068995756,2024-02-23T09:09:47Z,2024-02-23,9,Friday,techlearning,Teaching With the Apple Vision Pro https://t.co/JfOmOzkhuV #applevisionpro #apple #edtech #teachers #edchat #VR #AR #immersivetech https://t.co/QDiyFZsn0k,teaching apple vision pro URL applevisionpro apple edtech teacher edchat vr ar immersivetech URL,0,0,206,0.0030690671410411,0.4625557065010071,0.5343752503395081,0.5343752503395081,0.5313061831984669,Positive
1761030277042786343,2024-02-23T06:08:31Z,2024-02-23,6,Friday,studiodelatorre,Using #AppleVisionPro eyesight with another persons eyes is kinda freeky and uncanny 😬 https://t.co/Gib3SgaTcJ,using applevisionpro eyesight another person eye kinda freeky uncanny URL,0,0,87,0.2111387848854065,0.6783942580223083,0.1104669868946075,0.6783942580223083,-0.1006717979907989,Neutral
1761025875124891867,2024-02-23T05:51:01Z,2024-02-23,5,Friday,paterfamilias,Spontaneous deprecation! That’s the new #AppleVisionPro,spontaneous deprecation new applevisionpro,0,0,40,0.013539308682084,0.176409438252449,0.8100512623786926,0.8100512623786926,0.7965119536966085,Positive
1761010428404977983,2024-02-23T04:49:38Z,2024-02-23,4,Friday,openyourmind_21,@BrunoLeMaire Bienvenue dans le #Metaverse #AppleVisionPro https://t.co/BkTarMklfr,USER bienvenue dans le metaverse applevisionpro URL,0,0,92,0.0055189584381878,0.8342435956001282,0.1602374017238617,0.8342435956001282,0.1547184432856738,Neutral
1760940440096813181,2024-02-23T00:11:32Z,2024-02-23,0,Friday,ceotechi,Apple Vision Pro: crepe misteriose preoccupano i proprietari #Apple #AppleVisionPro #AppleCare #AssistenzaApple #Crepe #Difetti #DifettoDiProduzione #Garanzia #Notizie #Problemi #Qualità #Sicurezza #Tech #TechNews #Tecnologia #VisionPro #VisoreVR https://t.co/2jphC2hgv3 https://t.co/tIvJKbxYvr,apple vision pro crepe misteriose preoccupano proprietari apple applevisionpro applecare assistenzaapple crepe difetti difettodiproduzione garanzia notizie problemi qualità sicurezza tech technews tecnologia visionpro visorevr URL URL,5,3,84,0.0099552767351269,0.4821673035621643,0.5078774690628052,0.5078774690628052,0.4979221923276782,Positive
1760932159203029436,2024-02-22T23:38:37Z,2024-02-22,23,Thursday,itech98614587,#AppleVisionPro #VisionPro #Apple,applevisionpro visionpro apple,1,0,98,0.0038061127997934,0.2713549733161926,0.7248388528823853,0.7248388528823853,0.7210327400825918,Positive
1760915292983550249,2024-02-22T22:31:36Z,2024-02-22,22,Thursday,sarahjhry,"Check out my new album ""Sarah's Album Covers Version 1"" live on Apple Music! #AppleMusic #AppleVisionPro #album #single https://t.co/TqtGQiDzzE",check new album sarah album cover version NUMBER live apple music applemusic applevisionpro album single URL,2,0,29,0.0022606367710977,0.3242697417736053,0.6734696626663208,0.6734696626663208,0.671209025895223,Positive
1760874869846380579,2024-02-22T19:50:59Z,2024-02-22,19,Thursday,jalahoaks,Benarkah kartun The Simpsons sudah memprediksi headset VR pada tahun 2015? Baca selengkapnya untuk lihat faktanya: https://t.co/3lrW73AOkQ #Jalahoaks #SuksesJakartauntukIndonesia #AppleVisionPro,benarkah kartun simpson sudah memprediksi headset vr pada tahun NUMBER baca selengkapnya untuk lihat faktanya URL jalahoaks suksesjakartauntukindonesia applevisionpro,1,0,32,0.0404842570424079,0.8955790996551514,0.063936673104763,0.8955790996551514,0.023452416062355,Neutral
1760834971911049269,2024-02-22T17:12:26Z,2024-02-22,17,Thursday,k3v46862589,The #AppleVisionPro implies the existence of a more casual apple vision. EXPLAIN YOURSELF @Apple,applevisionpro implies existence casual apple vision explain USER,0,0,33,0.0792617723345756,0.8042222857475281,0.1165159791707992,0.8042222857475281,0.0372542068362236,Neutral
1760834764880154754,2024-02-22T17:11:37Z,2024-02-22,17,Thursday,misaelsevilla,Trabajando ando 😎🔥 #AppleVisionPro #iStore https://t.co/2v5ic4rLuX,trabajando ando applevisionpro istore URL,4,0,139,0.00199034367688,0.0782244876027107,0.9197851419448853,0.9197851419448853,0.9177947982680053,Positive
1760831299328295101,2024-02-22T16:57:51Z,2024-02-22,16,Thursday,kuvalrosario,"@therealworld_ai @Cobratate I can't get enough of the Tates! They always keep it real and honest. The #AppleVisionPro may be for geeks, but hey, geeks are the cool ones these days, right? 🤓💻",USER USER ca get enough tate always keep real honest applevisionpro may geek hey geek cool one day right,3,0,235,0.0051952651701867,0.0241939090192317,0.9706108570098876,0.9706108570098876,0.9654155918397008,Positive
1760813188608860670,2024-02-22T15:45:53Z,2024-02-22,15,Thursday,mechatlove,Quick tip for using Apple Vision Pro from MeChat👇 #AppleVisionPro #VirtualReality https://t.co/Rlt6go6SZP,quick tip using apple vision pro applevisionpro virtualreality URL,37,2,2061,0.0056590344756841,0.5869498252868652,0.4073911309242248,0.5869498252868652,0.4017320964485407,Neutral
1760770308863086729,2024-02-22T12:55:29Z,2024-02-22,12,Thursday,viyaqu,"Before you buy Apple Vision Pro, remember this: ""Don't sacrifice peace of mind for a piece of luxury."" -@JamesClear #AppleVisionPro",buy apple vision pro remember sacrifice peace mind piece luxury USER applevisionpro,0,0,44,0.0511120520532131,0.5244161486625671,0.424471765756607,0.5244161486625671,0.3733597137033939,Neutral
1760749123894984797,2024-02-22T11:31:18Z,2024-02-22,11,Thursday,nftsgallerry,"Twitter 💕👉 @backstreetdogx Hey bro, I already have my @Apple Vision Pro glasses, I was the first dog to buy them, they adapt very well to my long snout. Thanks @tim_cook for opening the door of the store #AppleVisionPro #apple #NFTCollection #nftart #NFTCompetition #NFTartist #nftcollectors #NFTCommmunity",twitter USER hey bro already USER vision pro glass first dog buy adapt well long snout thanks USER opening door store applevisionpro apple nftcollection nftart nftcompetition nftartist nftcollectors nftcommmunity,113,107,3159,0.0018920897273346,0.0219717156141996,0.9761362075805664,0.9761362075805664,0.9742441178532316,Positive
1760718864789458974,2024-02-22T09:31:04Z,2024-02-22,9,Thursday,iam_edh,These #AppleVisionPro videos are getting out of control hahahah 😂😂 https://t.co/A8KfMopulQ,applevisionpro video getting control hahahah URL,3,0,248,0.192155659198761,0.2681314051151275,0.5397129058837891,0.5397129058837891,0.3475572466850281,Positive
1760710844227440666,2024-02-22T08:59:12Z,2024-02-22,8,Thursday,techinfoit14,"Apple Magic Keyboard and Mouse Kit (2024, White) #Apple #AppleVisionPro #AppleMusic https://t.co/dD2liQx270",apple magic keyboard mouse kit NUMBER white apple applevisionpro applemusic URL,1,0,32,0.0030196646694093,0.4554236829280853,0.5415566563606262,0.5415566563606262,0.5385369916912168,Positive
1760709460002263377,2024-02-22T08:53:42Z,2024-02-22,8,Thursday,gokmedia0,Landscape - Wallpaper pack [🔗Link in comment] #Wallpapers #wallpaper #iPhone15 #AppleVisionPro #Samsung https://t.co/Iul4DcGjjW,landscape wallpaper pack comment wallpaper wallpaper applevisionpro samsung URL,2,0,335,0.0062219076789915,0.8654289245605469,0.1283491402864456,0.8654289245605469,0.122127232607454,Neutral
1760664500255039989,2024-02-22T05:55:03Z,2024-02-22,5,Thursday,perriermister,C’est parti pour le déballage et le futur test 👍 #AppleVisionPro https://t.co/XKkyhkod8L,c est parti pour le déballage et le futur test applevisionpro URL,3,1,522,0.0033723718952387,0.162006065249443,0.8346216082572937,0.8346216082572937,0.8312492363620549,Positive
1760636101243310243,2024-02-22T04:02:12Z,2024-02-22,4,Thursday,igeeksblog,What are your favorite Apple Vision Pro apps right now? 🥽 #AppleVisionPro #VisionPro,favorite apple vision pro apps right applevisionpro visionpro,1,0,338,0.0024138134904205,0.1389504522085189,0.8586357235908508,0.8586357235908508,0.8562219101004303,Positive
1760552242200154561,2024-02-21T22:28:58Z,2024-02-21,22,Wednesday,lucasbr24481006,@BenGeskin Capture the world in stunning detail. Vision Pro's high-resolution display brings visuals to life. #BreathtakingVisuals #ImmersiveExperience #AppleVisionPro,USER capture world stunning detail vision pro display brings visuals life breathtakingvisuals immersiveexperience applevisionpro,0,0,23,0.0030480988789349,0.0298731662333011,0.967078685760498,0.967078685760498,0.9640305868815632,Positive
1760540499901817295,2024-02-21T21:42:19Z,2024-02-21,21,Wednesday,tom_02_28,Aussi classe que Yoda avec ses lunettes 🔥 #TEAMG1 #AppleVisionPro @JulienTellouck 👌,aussi classe que yoda avec s lunette applevisionpro USER,0,0,67,0.0038083971012383,0.126229703426361,0.8699619174003601,0.8699619174003601,0.8661535202991217,Positive
1760528411238220010,2024-02-21T20:54:16Z,2024-02-21,20,Wednesday,techmarvel007,People are starting to use Apple Vision Pro in public places and it raises a concern of safety? What do you think? Comment your views below. #EmergingTech #AppleVisionPro,people starting use apple vision pro public place raise concern safety think comment view emergingtech applevisionpro,0,0,50,0.1380428224802017,0.7856640219688416,0.0762931704521179,0.7856640219688416,-0.0617496520280838,Neutral
1760483412316479974,2024-02-21T17:55:28Z,2024-02-21,17,Wednesday,el_bembon,"Mor.. la vida que te inventas, ni con la realidad aumentada de las #AppleVisionPro .",mor la vida que te inventas ni con la realidad aumentada de la applevisionpro,0,0,37,0.0382434912025928,0.7401639223098755,0.2215925306081771,0.7401639223098755,0.1833490394055843,Neutral
1760480466371477885,2024-02-21T17:43:45Z,2024-02-21,17,Wednesday,alegrance1000,No se pueden conectar las #AppleVisionPro con los telescopios de @Celestron para observar las galaxias y los cuerpos celestes? #Astrophotography #NASA https://t.co/84YV0ndQRl,se pueden conectar la applevisionpro con los telescopios de USER para observar la galaxias los cuerpos celestes astrophotography nasa URL,0,0,49,0.0215073842555284,0.9033827185630798,0.0751097872853279,0.9033827185630798,0.0536024030297994,Neutral
1760461904752116051,2024-02-21T16:30:00Z,2024-02-21,16,Wednesday,mymobile_india,iFixit Dives Into Apple Vision Pro: An Insightful Teardown Reveals Intricacies Read here: https://t.co/Vq8U7IRbZ4 #ifixit #applevision #applevisionpro #visionproheadset #arheadset #vrheadset #technews #mymobileindia https://t.co/PuuuDV4ztC,ifixit dive apple vision pro insightful teardown reveals intricacy read URL ifixit applevision applevisionpro visionproheadset arheadset vrheadset technews mymobileindia URL,0,0,82,0.0054852282628417,0.6068902611732483,0.3876245319843292,0.6068902611732483,0.3821393037214875,Neutral
1760458659707105457,2024-02-21T16:17:06Z,2024-02-21,16,Wednesday,mankindforward,People who want a more open app ecosystem and then complain when there are experimental/rough/silly apps on the #AppleVisionPro . 🤣 This is what open is about,people want open app ecosystem complain apps applevisionpro open,1,0,90,0.3949207067489624,0.4411290884017944,0.1639502048492431,0.4411290884017944,-0.2309705018997192,Neutral
1760448609533768149,2024-02-21T15:37:10Z,2024-02-21,15,Wednesday,zandyxr,Need a spatial vid converter for #applevisionpro ? Paris has an awesome solution!,need spatial vid converter applevisionpro paris awesome solution,3,0,272,0.0035046837292611,0.0692062377929687,0.9272890090942384,0.9272890090942384,0.9237843253649772,Positive
1760434557998780780,2024-02-21T14:41:20Z,2024-02-21,14,Wednesday,dissolvethecage,"Automated Zombies https://t.co/wOFXR0i9yB via @YouTube Digital lobotomies are all the rage these days! Share, like, subscribe to my Dissolve the Cage channel and help a talented man get discovered! #comedy #zombies #automation #AppleVisionPro #SoraAI",automated zombie URL via USER digital lobotomy rage day share like subscribe dissolve cage channel help talented man get discovered comedy zombie automation applevisionpro soraai,1,0,50,0.006568347569555,0.1257082819938659,0.8677233457565308,0.8677233457565308,0.8611549981869757,Positive
1760419332880732458,2024-02-21T13:40:50Z,2024-02-21,13,Wednesday,pmouldu,@bones420us @AP I tested my @MetaQuestVR 3 with an emf detector app and it shows bursts of ≈1000 microtesla. I wonder if it can cause harm and explain a day long diziness after a one hour use...#vr #Apple #AppleVisionPro https://t.co/afMy9mXBg9,USER USER tested USER NUMBER emf detector app show burst NUMBER microtesla wonder cause harm explain day long diziness one hour use vr apple applevisionpro URL,1,0,56,0.5974100232124329,0.3779250979423523,0.0246649123728275,0.5974100232124329,-0.5727451108396053,Negative
1760414147383034018,2024-02-21T13:20:14Z,2024-02-21,13,Wednesday,wisdomdesign37,APPLE VISION PRO SATIRE 😊 https://t.co/fow4Ub0myC #Apple #AppleVisionPro #SoraAI #FUNNY https://t.co/qQtRmPQzZF,apple vision pro satire URL apple applevisionpro soraai funny URL,2,0,73,0.0013702219584956,0.0331214480102062,0.9655083417892456,0.9655083417892456,0.96413811983075,Positive
1760408317254406629,2024-02-21T12:57:04Z,2024-02-21,12,Wednesday,vrgamegeek,I think I will sleep well tonight @MindwayVR What a great experience #mentalhealth #applevisionpro https://t.co/7CEvyrlnim,think sleep well tonight USER great experience mentalhealth applevisionpro URL,0,0,42,0.0021691063884645,0.0081848930567502,0.989646017551422,0.989646017551422,0.9874769111629575,Positive
1760389633672622138,2024-02-21T11:42:49Z,2024-02-21,11,Wednesday,aminekuujo,Un homme heureux 😂 #TEAMG1 #AppleVisionPro https://t.co/4GGbdMldob,un homme heureux applevisionpro URL,18,1,450,0.0270102750509977,0.5704461336135864,0.4025436341762543,0.5704461336135864,0.3755333591252565,Neutral
1760362049358766450,2024-02-21T09:53:13Z,2024-02-21,9,Wednesday,rac__rac,"""Exciting news from Apple! 🍏👀 Introducing Apple Vision Pro, a groundbreaking innovation in visual technology. Prepare to witness a new era of clarity, color, and creativity. #AppleVisionPro #InnovationUnleashed""",exciting news apple introducing apple vision pro groundbreaking innovation visual technology prepare witness new era clarity color creativity applevisionpro innovationunleashed,0,0,29,0.0017060014652088,0.0106865232810378,0.9876075387001038,0.9876075387001038,0.9859015372348948,Positive
1760361864834555980,2024-02-21T09:52:29Z,2024-02-21,9,Wednesday,d_type_25,Experience the true horsepower with #AppleVisionPro https://t.co/cy6IdWIsLl,experience true horsepower applevisionpro URL,3,1,208,0.0037340205162763,0.158358097076416,0.8379078507423401,0.8379078507423401,0.8341738302260637,Positive
1760317182934704215,2024-02-21T06:54:56Z,2024-02-21,6,Wednesday,tech_utopia1,APPLE THOUGHT NOONE WOULD NOTICE... #technology #technological #TechnologicalAdvancements #TechnologicalInnovation #technews #TechNewsToday #TechNewsUpdate #applevisionpro https://t.co/VRpe9FORkn,apple thought noone would notice technology technological technologicaladvancements technologicalinnovation technews technewstoday technewsupdate applevisionpro URL,0,0,18,0.0308276806026697,0.5587815046310425,0.4103908240795135,0.5587815046310425,0.3795631434768438,Neutral
1760314521455837247,2024-02-21T06:44:21Z,2024-02-21,6,Wednesday,jelmerverhoog,The #Quest2 case is the ultimate #AppleVisionPro case! Much more compact that apple’s own case. Given you still have the protective cardboard inside. https://t.co/XzJCYp3zQA,case ultimate applevisionpro case much compact apple case given still protective cardboard inside URL,0,0,177,0.0020672872196882,0.0409706234931945,0.9569620490074158,0.9569620490074158,0.9548947617877276,Positive
1760284958529347747,2024-02-21T04:46:53Z,2024-02-21,4,Wednesday,arghyapolley,#AppleVisionPro https://t.co/Ny0c2o7zDa,applevisionpro URL,0,0,18,0.006501005962491,0.6011123657226562,0.392386645078659,0.6011123657226562,0.385885639116168,Neutral
1760280669643542750,2024-02-21T04:29:50Z,2024-02-21,4,Wednesday,aniekemeumoh22,".....3D Mapping interface through the integration of the #AppleVisionPro headset. @OVRtheReality has consistently pushed the boundaries of innovation. Now, with the imminent deployment of #DePIN, they are poised..... #crypto #defi #web3 #humpday $SOL $INJ $MEXC $PIXL #binance",mapping interface integration applevisionpro headset USER consistently pushed boundary innovation imminent deployment depin poised crypto defi humpday sol inj mexc pixl binance,10,0,173,0.0020076252985745,0.0811950787901878,0.9167972803115844,0.9167972803115844,0.91478965501301,Positive
1760275821720158238,2024-02-21T04:10:34Z,2024-02-21,4,Wednesday,soundonsoundmag,SOS NEWS! @HitnMix have revealed plans for a version of RipX DAW that will be compatible with Apple’s Vision Pro mixed reality headset. For more info visit https://t.co/wsVjdBavQk #sosnews #daw #applevisionpro #recording #musicproduction #mixedreality https://t.co/WG3UqH6Bwl,so news USER revealed plan version ripx daw compatible apple vision pro mixed reality headset info visit URL sosnews daw applevisionpro recording musicproduction mixedreality URL,11,3,1790,0.0023276950232684,0.3768221437931061,0.620850145816803,0.620850145816803,0.6185224507935345,Positive
1760266640996835342,2024-02-21T03:34:06Z,2024-02-21,3,Wednesday,blackdragonerc,@OfficialTravlad @Xox_Labs @AlveyChain First world VR/ar CEX it's coming this days for #applevisionpro and #MetaQuest https://t.co/7THtEmoMtv,USER USER USER first world cex coming day applevisionpro metaquest URL,0,0,24,0.0030724334064871,0.4904952347278595,0.5064323544502258,0.5064323544502258,0.5033599210437387,Positive
1760262792060326162,2024-02-21T03:18:48Z,2024-02-21,3,Wednesday,disprinxtra,#AppleVisionPro lite... https://t.co/7bQtuFaOyz,applevisionpro lite URL,37,7,1872,0.0045942463912069,0.7024174928665161,0.2929882705211639,0.7024174928665161,0.2883940241299569,Neutral
1760238717627707563,2024-02-21T01:43:08Z,2024-02-21,1,Wednesday,vivekbaddalwar,#HuaweiVision #MixedReality #AppleVisionPro #TechNews 🎮,huaweivision mixedreality applevisionpro technews,0,0,4,0.0046201916411519,0.4241277873516083,0.5712520480155945,0.5712520480155945,0.5666318563744426,Positive
1760221672815091952,2024-02-21T00:35:24Z,2024-02-21,0,Wednesday,jevalideoupas,"I'm looking for someone with an ""Apple Vision Pro"" to record a 1-2 minute audio review for a university assignment. Thank you very much. #AppleVisionPro #apple",looking someone apple vision pro record NUMBER NUMBER minute audio review university assignment thank much applevisionpro apple,0,0,46,0.0084372274577617,0.4033540785312652,0.5882087349891663,0.5882087349891663,0.5797715075314045,Positive
1760210802035024173,2024-02-20T23:52:12Z,2024-02-20,23,Tuesday,grendz_com,Closet Management and Shopping App for Vision Pro https://t.co/gA8yna2Dwv #VisionPro #VisionOS #Fashion #trends #grendz #AppleVisionPro,closet management shopping app vision pro URL visionpro visionos fashion trend grendz applevisionpro,0,0,2160,0.0056367758661508,0.6544370651245117,0.3399262726306915,0.6544370651245117,0.3342894967645407,Neutral
1760205214244577786,2024-02-20T23:30:00Z,2024-02-20,23,Tuesday,tejostudio2016,Mark Zuckerberg's Views On Vision Pro. . .#tejostudio #infomania #MarkZuckerberg #VisionPro #AppleVisionPro #applepronews #Metaverse #Quest3 https://t.co/IpT84Ud9ih,mark zuckerberg view vision pro tejostudio infomania markzuckerberg visionpro applevisionpro applepronews metaverse URL,0,0,109,0.0068399445153772,0.9134222865104676,0.0797377750277519,0.9134222865104676,0.0728978305123746,Neutral
1760154427808485395,2024-02-20T20:08:12Z,2024-02-20,20,Tuesday,rajeshrkmishra,Time to record your view! #AppleVisionPro #Apple https://t.co/Pz8Yr8rtL7,time record view applevisionpro apple URL,1,0,36,0.0030088240746408,0.3058161437511444,0.6911750435829163,0.6911750435829163,0.6881662195082754,Positive
1760151073610924255,2024-02-20T19:54:52Z,2024-02-20,19,Tuesday,tips_pinoy,10 Best (Must-Have) Apps for #AppleVisionPro to Elevate Your Experience https://t.co/gCVd3BzExL,NUMBER best apps applevisionpro elevate experience URL,1,0,24,0.002181225689128,0.0531384199857711,0.9446802735328674,0.9446802735328674,0.9424990478437394,Positive
1760111247150792757,2024-02-20T17:16:37Z,2024-02-20,17,Tuesday,flexnation125,Having a bad day trying to work out your disabled iPhone ... DM now!!... It won't take more than 5 mins to unlock your iPhone for use. #iPhone #iPhone15ProMax #Apple #AppleVisionPro #lockedaccount #iPhone14 #iPhone15 https://t.co/Si6aOzj1Kj,bad day trying work disabled iphone dm wo take NUMBER min unlock iphone use iphone apple applevisionpro lockedaccount URL,0,0,37,0.6471828818321228,0.2908155918121338,0.0620015710592269,0.6471828818321228,-0.5851813107728958,Negative
1760101625350295954,2024-02-20T16:38:23Z,2024-02-20,16,Tuesday,everydaystech,Apple is currently in full cleanup mode 😅 #Apple #AppleMusic #AppleVisionPro https://t.co/4j9bXrOzKi,apple currently full cleanup mode apple applemusic applevisionpro URL,0,0,14,0.0298882573843002,0.361797034740448,0.6083147525787354,0.6083147525787354,0.5784264951944351,Positive
1760083971323699216,2024-02-20T15:28:14Z,2024-02-20,15,Tuesday,m_sturdevant,Exactly. https://t.co/qSsbGew84R #AppleVisionPro #Apple,exactly URL applevisionpro apple,0,0,18,0.0041626426391303,0.2130271643400192,0.7828102111816406,0.7828102111816406,0.7786475685425103,Positive
1760074988613144726,2024-02-20T14:52:32Z,2024-02-20,14,Tuesday,daviddifranco,"Apple continues to excel in the accessibility department. Well done, @Apple! #AppleVisionPro https://t.co/UeOy7jD107",apple continues excel accessibility department well done USER applevisionpro URL,4,0,1241,0.002670710440725,0.0094408458098769,0.9878883957862854,0.9878883957862854,0.9852176853455604,Positive
1760064837135015989,2024-02-20T14:12:12Z,2024-02-20,14,Tuesday,astra0406,Je prends le #AppleVisionPro pour 1 mois ou 2 ? (Location),je prends le applevisionpro pour NUMBER mois ou NUMBER location,0,0,37,0.0102741802111268,0.9205115437507628,0.0692143365740776,0.9205115437507628,0.0589401563629508,Neutral
1760047624458219710,2024-02-20T13:03:48Z,2024-02-20,13,Tuesday,kelvinm15348727,wearing the new apple vision pro in africa people will say its witchcraft😂 #AppleVisionPro,wearing new apple vision pro africa people say applevisionpro,0,0,15,0.2794407606124878,0.5495765805244446,0.1709827184677124,0.5495765805244446,-0.1084580421447753,Neutral
1760046067100323940,2024-02-20T12:57:37Z,2024-02-20,12,Tuesday,iamgarydavid,the new wave of live streaming is here. just don't forgot to bring your chat with you. #AppleVisionPro @KickStreaming https://t.co/6HrTfyUynB,new wave live streaming forgot bring chat applevisionpro USER URL,69,8,4218,0.0019895634613931,0.1823383718729019,0.8156720399856567,0.8156720399856567,0.8136824765242636,Positive
1760045047465095618,2024-02-20T12:53:34Z,2024-02-20,12,Tuesday,bint_i_naseer,"As usual, March should be eventful for Apple, as it is expected to release new MacBook Air, iPad Pro, and iPad Air models during the month. In a recent press release, Apple also confirmed that iOS 17.4 will be released in March. #AppleVisionPro #Trisha https://t.co/Avh63pOf9H",usual march eventful apple expected release new macbook air ipad pro ipad air model month recent press release apple also confirmed io NUMBER released march applevisionpro trisha URL,8,0,478,0.0011851935414597,0.0294460151344537,0.9693687558174132,0.9693687558174132,0.9681835622759536,Positive
1760044212890771791,2024-02-20T12:50:15Z,2024-02-20,12,Tuesday,dhlusicka,😱😱😱oh por dios el Dr. Emmett Brown estaba usando Apple visión pro!!!!! Oh my god dr. emmett brown was using Apple Vision Pro!!!! #AppleVisionPro https://t.co/8W4SIFKXKQ,por dios el emmett brown estaba usando apple visión pro oh god emmett brown using apple vision pro applevisionpro URL,0,0,38,0.0036182471085339,0.0485929660499095,0.9477887153625488,0.9477887153625488,0.9441704682540148,Positive
1760042084248002750,2024-02-20T12:41:47Z,2024-02-20,12,Tuesday,therealtohm,"@AppleSupport your staff is mistreating disabled people, doesn’t know anything, and has gone from the best in the business to the worst. This #AppleVisionPro rollout is an absolute abomination, and you’re treading paying customers and those with disabilities abysmally.",USER staff mistreating disabled people know anything gone best business worst applevisionpro rollout absolute abomination treading paying customer disability abysmally,0,0,6,0.949251353740692,0.04495345428586,0.0057952073402702,0.949251353740692,-0.943456146400422,Negative
1760039230686855460,2024-02-20T12:30:27Z,2024-02-20,12,Tuesday,kirsten_horning,"The #AppleVisionPro having the part that sits on your face being fabric gives off major ""there were no women consulted in the making of this"" vibes. I'd ruin this with makeup in one use and skincare girlies wouldn't put uncleanable fabric on their face all day every day. https://t.co/0OsYEPmPin",applevisionpro part sits face fabric give major woman consulted making vibe ruin makeup one use skincare girlies would put uncleanable fabric face day every day URL,3,0,145,0.761024534702301,0.2072146385908126,0.0317608192563056,0.761024534702301,-0.7292637154459953,Negative
1760033357805564320,2024-02-20T12:07:06Z,2024-02-20,12,Tuesday,zandyxr,If you’re on #AVP you’ve got to check out a sample of their concerts. That was freaking amazing #tpain and #amazevr …. I was blown away with that one! Incredible! Wow!🤯🔥😍🙌 #AppleVisionPro,avp got check sample concert freaking amazing tpain amazevr blown away one incredible wow applevisionpro,7,1,345,0.0031310596968978,0.010369342751801,0.9864996671676636,0.9864996671676636,0.9833686074707656,Positive
1760028456195371485,2024-02-20T11:47:38Z,2024-02-20,11,Tuesday,wearecxr,"Join @WeAreCXR 's GM @llgobindram on @ohshipshow From his first week with the #AppleVisionPro to reshaping digital spaces with @WeAreCXR , it's a deep dive into the future of XR. Don't miss out! Watch Now - https://t.co/lPJToBfTOd #Innovation #AppleVisionPro #FutureTech",join USER gm USER USER first week applevisionpro reshaping digital space USER deep dive future xr miss watch URL innovation applevisionpro futuretech,1,1,58,0.001485334476456,0.0792231634259224,0.9192914366722108,0.9192914366722108,0.9178061021957546,Positive
1760019577386434944,2024-02-20T11:12:21Z,2024-02-20,11,Tuesday,cly3d,"- 'authoring in Passthru' at world scale (by default, it already will be) - as realistic as possible, shaders for URP level visual fidelity. - let creators worry about bogging down their #MetaQuest3 / #AppleVisionPro (if AVP give them access to passthru/ar via #WebXR) - geometric n-gon passthru window portals; virtual world to real world and vice-versa. - export scene to Unity or Gltf for 'finishing'",authoring passthru world scale default already realistic possible shaders urp level visual fidelity let creator worry bogging applevisionpro avp give access via webxr geometric passthru window portal virtual world real world export scene unity gltf finishing,0,0,107,0.0448100417852401,0.7065402865409851,0.2486497014760971,0.7065402865409851,0.2038396596908569,Neutral
1759994248949313631,2024-02-20T09:31:42Z,2024-02-20,9,Tuesday,tecnoandroidnet,https://t.co/67nQx2xeJZ Las Apple Vision Pro han llegado para redefinir tanto nuestro futuro como ya nuestro presente. Te dejo con mis impresiones tras haberlas probado. #Apple #AppleVisionPro #RealidadAumentada,URL la apple vision pro han llegado para redefinir tanto nuestro futuro como ya nuestro presente te dejo con mi impresiones tras haberlas probado apple applevisionpro realidadaumentada,0,0,34,0.0086900051683187,0.6894056797027588,0.3019042909145355,0.6894056797027588,0.2932142857462168,Neutral
1759990605143245270,2024-02-20T09:17:13Z,2024-02-20,9,Tuesday,dawn_aress,Video of man wearing Apple Vision Pro prompts reminder from police to ‘cross streets the old-fashioned way’ https://t.co/zfrv6jcpmA via @nbcnews #AppleVisionPro,video man wearing apple vision pro prompt reminder police cross street way URL via USER applevisionpro,0,0,25,0.033594787120819,0.8878020644187927,0.0786032155156135,0.8878020644187927,0.0450084283947944,Neutral
1759946420381962447,2024-02-20T06:21:39Z,2024-02-20,6,Tuesday,gastenews1,#AppleVisionPro 2 Delays Expectations: Launch Pushed to 2025 Disappointment for #Apple fans! The launch of Vision Pro 2 has been delayed by at least 18 months. The next-generation AR/VR headset is not expected to be released until 2025 https://t.co/DL04p2rAlw https://t.co/b6m1Nugaak,applevisionpro NUMBER delay expectation launch pushed NUMBER disappointment apple fan launch vision pro NUMBER delayed least NUMBER month headset expected released NUMBER URL URL,1,0,53,0.8666645884513855,0.1222168132662773,0.0111186346039175,0.8666645884513855,-0.8555459538474679,Negative
1759929243604045876,2024-02-20T05:13:24Z,2024-02-20,5,Tuesday,guz205,#AppleVisionPro https://t.co/Qdi6BkKkR7,applevisionpro URL,0,0,21,0.006501005962491,0.6011123657226562,0.392386645078659,0.6011123657226562,0.385885639116168,Neutral
1759916219598082281,2024-02-20T04:21:39Z,2024-02-20,4,Tuesday,shubhankitdhir,Still wondering how Pokemon Go will look on Apple vision Pro 🤔 #pokemongo #AppleVisionPro,still wondering pokemon go look apple vision pro pokemongo applevisionpro,0,0,55,0.0455413274466991,0.8104382157325745,0.1440204232931137,0.8104382157325745,0.0984790958464145,Neutral
1759878060659425476,2024-02-20T01:50:01Z,2024-02-20,1,Tuesday,tweetsbyhk,@geekyranjit thoughts on #AppleVisionPro and the future of VR headsets ?,USER thought applevisionpro future vr headset,0,0,31,0.0052246139384806,0.7792659401893616,0.2155093848705291,0.7792659401893616,0.2102847709320485,Neutral
1759859324753506626,2024-02-20T00:35:34Z,2024-02-20,0,Tuesday,ashamarie18,The @IUK_Immersive Network &amp; @fovventures will be running a series of #SpatialLDN #AppleVisionPro Meetups Join our 1st event @ Huckletree on Feb 26 to try some demos &amp; hear from our guest speaker @AntoniaRForster from @unity https://t.co/My0tGiCRLY #spatialcomputing #AR #XR https://t.co/iePRUUN5sC,USER network amp USER running series spatialldn applevisionpro meetups join event huckletree feb NUMBER try demo amp hear guest speaker USER USER URL spatialcomputing ar xr URL,15,7,1051,0.0024059803690761,0.6202448606491089,0.3773491382598877,0.6202448606491089,0.3749431578908115,Neutral
1759818773505147167,2024-02-19T21:54:26Z,2024-02-19,21,Monday,cleversamerr,That’s the absolute truth! #AppleVisionPro https://t.co/YAbW9p9C2h,absolute truth applevisionpro URL,9,1,314,0.0022503319196403,0.034586627036333,0.9631630778312684,0.9631630778312684,0.960912745911628,Positive
1759817443286089993,2024-02-19T21:49:08Z,2024-02-19,21,Monday,futureio,If you have an #AppleVisionPro you should check out this website! You can bring 100s of 3D models into your space and place them wherever you want while you jump in and out of other apps! Its great! Go here: beautifulthings dot xyz Made by @MattHoerl https://t.co/MPoG0asbvV,applevisionpro check website bring model space place wherever want jump apps great go beautifulthings dot xyz made USER URL,4,0,169,0.0021169811952859,0.0356610380113124,0.9622219800949096,0.9622219800949096,0.9601049988996238,Positive
1759768554872909997,2024-02-19T18:34:53Z,2024-02-19,18,Monday,darius,I just prepared this from my #AppleVisionPro for @PioneerDJglobal,prepared applevisionpro USER,4,0,1541,0.0041915317997336,0.5402395129203796,0.4555689692497253,0.5402395129203796,0.4513774374499917,Neutral
1759765313158361110,2024-02-19T18:22:00Z,2024-02-19,18,Monday,postaedomex,"La tecnología llegó hasta la #Iglesia, así se vio a un chico usar sus #AppleVisionPro 🥽en un evento de culto. ⛪️ https://t.co/PVVgFlOAsl",la tecnología llegó hasta la iglesia así se vio un chico usar sus applevisionpro un evento de culto URL,0,0,52,0.0054038716480135,0.6699966192245483,0.3245995938777923,0.6699966192245483,0.3191957222297787,Neutral
1759744677350436866,2024-02-19T17:00:00Z,2024-02-19,17,Monday,digilabs360,Apple's Vision Pro: The Pivotal Role of Safari in Its Success #AppleVisionPro #applevision #applevisiopro #VisionPro https://t.co/64ELPc2qCD,apple vision pro pivotal role safari success applevisionpro applevision applevisiopro visionpro URL,0,0,57,0.003253236413002,0.1357374787330627,0.8610092997550964,0.8610092997550964,0.8577560633420944,Positive
1759714925646070264,2024-02-19T15:01:46Z,2024-02-19,15,Monday,metametricsmx,¿Cinetosis con el #AppleVisionPro? Descubre por qué los usuarios están devolviendo estos lentes de realidad aumentada. #Cinetosis #Devoluciones https://t.co/y63uFObNJy,con el applevisionpro descubre por qué los usuarios están devolviendo estos lentes de realidad aumentada cinetosis devoluciones URL,0,0,293,0.0182252787053585,0.8914441466331482,0.0903306454420089,0.8914441466331482,0.0721053667366504,Neutral
1759682049584124221,2024-02-19T12:51:08Z,2024-02-19,12,Monday,jimsurrection,Dude created a new comedy style. Love it #AppleVisionPro,dude created new comedy style love applevisionpro,0,0,60,0.0035329752136021,0.0111429467797279,0.9853240847587584,0.9853240847587584,0.9817911095451564,Positive
1759663786523566408,2024-02-19T11:38:34Z,2024-02-19,11,Monday,stonekaiju,“Haunted House” 👻 🖤 Immersives ᯅ Use your #VR headset if you have one 360 🧭 mode @PixVerse_ #aivideo #aicinema #aihorror #AppleVisionPro #Quest3 https://t.co/Z0A3QMILM7,haunted house immersives ᯅ use vr headset one NUMBER mode USER aivideo aicinema aihorror applevisionpro URL,2,0,142,0.0036797726061195,0.7755721211433411,0.2207481116056442,0.7755721211433411,0.2170683389995247,Neutral
1759608870173827449,2024-02-19T08:00:21Z,2024-02-19,8,Monday,controllersuk,"The Apple Vision Pro, Apples first virtual reality headset, is finally here! 😍 https://t.co/pWSjgrojEM Let’s take a look at the Apple Vision Pro to help you decide if you will check it out when its released in the UK. 🛒 #applevisionpro #appleheadset #applevirtualreality",apple vision pro apple first virtual reality headset finally URL let take look apple vision pro help decide check released uk applevisionpro appleheadset applevirtualreality,0,0,265,0.0013434699503704,0.0420099645853042,0.9566465616226196,0.9566465616226196,0.9553030916722492,Positive
1759601232753107047,2024-02-19T07:30:00Z,2024-02-19,7,Monday,mymobile_india,Sam Altman Hails Apple Vision Pro as the ‘Second-Best’ Tech Marvel After the iPhone Read Here: https://t.co/O6pVb9aAil #samaltman #applevisionpro #visionpro #applenews #technews #mymobileindia https://t.co/ZwalxBppf2,sam altman hail apple vision pro tech marvel iphone read URL samaltman applevisionpro visionpro applenews technews mymobileindia URL,0,0,47,0.0038256817497313,0.2962936460971832,0.6998807191848755,0.6998807191848755,0.6960550374351442,Positive
1759592765858480486,2024-02-19T06:56:21Z,2024-02-19,6,Monday,behzadwgh,VV 🚀🔥 $VV 💎 #Crypto #Bitcoin #Metaverse #VR #AppleVisionPro #Solana #Binance,vv vv crypto bitcoin metaverse vr applevisionpro solana binance,0,0,235,0.0032528024166822,0.1851715743541717,0.8115756511688232,0.8115756511688232,0.808322848752141,Positive
1759546327166243215,2024-02-19T03:51:49Z,2024-02-19,3,Monday,accedotv,"In this blog post, we address some of the most important questions about the Apple Vision Pro at the moment leveraging our expertise and industry experience. Learn more here: https://t.co/iIRG8cbJLU #applevisionpro #xrdevelopment #spatialvideo #videoinnovation https://t.co/v9eM0jjqOD",blog post address important question apple vision pro moment leveraging expertise industry experience learn URL applevisionpro xrdevelopment spatialvideo videoinnovation URL,0,0,95,0.003298052586615,0.3804910480976105,0.6162108778953552,0.6162108778953552,0.6129128253087401,Positive
1759526154791276895,2024-02-19T02:31:40Z,2024-02-19,2,Monday,kraider93,"Hi @tracy__henry, Magic Room is now live on our A4AVP directory and part of our Featured Apps list 🎉, thanks for submitting it. Best of luck with the release! #AppleVisionPro #visionOS #VisionPro https://t.co/kg8pTiN401",hi USER magic room live directory part featured apps list thanks submitting best luck release applevisionpro visionos visionpro URL,7,2,1273,0.0012931576929986,0.0129375588148832,0.9857693314552308,0.9857693314552308,0.984476173762232,Positive
1759498682947297433,2024-02-19T00:42:30Z,2024-02-19,0,Monday,httech,"#AppleVisionPro is experiencing mixed reactions from users, leading to a notable number of returns due to varying issues and Mark Gurman lists all of them and then adds a twist at the end. https://t.co/9go28PAq6V",applevisionpro experiencing mixed reaction user leading notable number return due varying issue mark gurman list add twist end URL,2,1,1975,0.4484862983226776,0.5140993595123291,0.0374143458902835,0.5140993595123291,-0.411071952432394,Neutral
1759493795387744685,2024-02-19T00:23:05Z,2024-02-19,0,Monday,globertotravel,"Elevate your inflight entertainment experience with Beond Airlines, the first to offer Apple Vision Pro headsets onboard. Immerse yourself in mixed reality content and enjoy a private movie experience on your next luxury journey. #BeondAirlines #AppleVisionPro #LuxuryTravel https://t.co/TMoQwRGPbG",elevate inflight entertainment experience beond airline first offer apple vision pro headset onboard immerse mixed reality content enjoy private movie experience next luxury journey beondairlines applevisionpro luxurytravel URL,0,0,51,0.0020301956683397,0.0809223428368568,0.9170474410057068,0.9170474410057068,0.9150172453373672,Positive
1759456063923855637,2024-02-18T21:53:09Z,2024-02-18,21,Sunday,ayeshaanjum956,Apple vision pro❌ imagination ultra pro Max ✅ What a gadget 🫡superb #AppleVisionPro,apple vision imagination ultra pro max gadget applevisionpro,1,0,66,0.0022963837254792,0.0124096348881721,0.985293984413147,0.985293984413147,0.9829976006876676,Positive
1759397858028212442,2024-02-18T18:01:52Z,2024-02-18,18,Sunday,mechpil0t,Vision Pro + Mocopi test #mocopi #AppleVisionPro #designium https://t.co/Twd2PQjX0f,vision pro mocopi test mocopi applevisionpro designium URL,165,29,15821,0.0064534344710409,0.8164054751396179,0.1771410852670669,0.8164054751396179,0.170687650796026,Neutral
1759378191641456642,2024-02-18T16:43:43Z,2024-02-18,16,Sunday,kythrawowalls,https://t.co/K2OWIfnX7R #metaquest #apple #AppleVisionPro,URL metaquest apple applevisionpro,0,0,24,0.008775477297604,0.6628457307815552,0.3283787071704864,0.6628457307815552,0.3196032298728823,Neutral
1759376915557675083,2024-02-18T16:38:38Z,2024-02-18,16,Sunday,nxnxnxdiej,Having a bad day trying to work out your disabled iPhone ... DM now!!... It won't take more than 5 mins to unlock your iPhone for use. #iPhone #iPhone15ProMax #Apple #AppleVisionPro #lockedaccount #iPhone14 #iPhone15 https://t.co/yLtNXzWF5Q,bad day trying work disabled iphone dm wo take NUMBER min unlock iphone use iphone apple applevisionpro lockedaccount URL,0,0,30,0.6471828818321228,0.2908155918121338,0.0620015710592269,0.6471828818321228,-0.5851813107728958,Negative
1759367190275375204,2024-02-18T16:00:00Z,2024-02-18,16,Sunday,innovate,Augmented Reality and Healthcare: Improving Patient Experiences -- https://t.co/kEjYPJ0ptv -- Art Inteligencia -- #AugmentedReality #AppleVisionPro #healthcare https://t.co/ds4CavJIe0,augmented reality healthcare improving patient experience URL art inteligencia augmentedreality applevisionpro healthcare URL,0,0,76,0.0044510141015052,0.4384110569953918,0.5571379065513611,0.5571379065513611,0.5526868924498558,Positive
1759293202622746977,2024-02-18T11:06:00Z,2024-02-18,11,Sunday,skarredghost,I would like to have 10 hands to clap even more for this post that details the challenges of porting your Unity application to the #AppleVisionPro Designing for Apple Vision Pro: Lessons Learned from Puzzling Places by @IRCSS https://t.co/vTrdB0t7wo #VirtualReality #gamedev,would like NUMBER hand clap even post detail challenge porting unity application applevisionpro designing apple vision pro lesson learned puzzling place USER URL virtualreality gamedev,5,1,1345,0.0074931466951966,0.129568800330162,0.8629380464553833,0.8629380464553833,0.8554448997601867,Positive
1759266835118064080,2024-02-18T09:21:13Z,2024-02-18,9,Sunday,swaggerscan,"🎗️Tinder, Hinge &amp; Match accused of gamification of romance fueling addiction?!? MUST READ https://t.co/sRKPg9tQEW by @rachela_hall —— #gamedev #PrizePicks #Twitterdown #AppleVisionPro #sundayvibes #INDvsENG #Edtech WE ARE SO BACK Deutsche Face the Nation Disease X NASCAR Be you https://t.co/0aZOroUSac",hinge amp match accused gamification romance fueling addiction must read URL USER gamedev prizepicks twitterdown applevisionpro sundayvibes indvseng edtech back deutsche face nation disease x nascar URL,6,1,466,0.0382177457213401,0.8052251935005188,0.1565570533275604,0.8052251935005188,0.1183393076062202,Neutral
1759254935982518443,2024-02-18T08:33:56Z,2024-02-18,8,Sunday,jessietweeting,"Gamification of education is here! If this kind of immersive, fun teaching was around when I was in school, I’d bet I would have done a lot better academically. #VirtualReality #META #AppleVisionPro https://t.co/cOlF6zkJgV",gamification education kind immersive fun teaching around school bet would done lot better academically virtualreality meta applevisionpro URL,1,0,142,0.0151449628174304,0.093941256403923,0.8909137845039368,0.8909137845039368,0.8757688216865063,Positive
1759216288172282035,2024-02-18T06:00:22Z,2024-02-18,6,Sunday,appleinsider,Weekend reading: Apple Vision Pro is Apple's most ambitious yet strangest product yet. Learn more about the start of spatial computing here. #Apple #AppleVisionPro https://t.co/JZS8EzU3bW,weekend reading apple vision pro apple ambitious yet strangest product yet learn start spatial computing apple applevisionpro URL,28,3,13048,0.0022536425385624,0.0854952782392501,0.9122510552406312,0.9122510552406312,0.9099974127020688,Positive
1759187791294894236,2024-02-18T04:07:08Z,2024-02-18,4,Sunday,jordisellas,6. EFECTE WOW. La millor idea de les #AppleVisionPro ᯅ és la de mantenir-nos sempre en contacte amb la realitat que ens envolta. Aquest és un punt clau pels detractors de la VR tradicional. Veure com s'afegeix una capa digital de continguts al nostre entorn és totalment MÀGIC. https://t.co/gSGp6JCRuK,NUMBER efecte wow la millor idea de le applevisionpro ᯅ és la de sempre en contacte amb la realitat que en envolta aquest és un punt clau pel detractor de la vr tradicional veure com una capa digital de continguts al nostre entorn és totalment màgic URL,12,0,5119,0.0079708471894264,0.1659342944622039,0.8260948061943054,0.8260948061943054,0.818123959004879,Positive
1759137524788740145,2024-02-18T00:47:23Z,2024-02-18,0,Sunday,artifexwall,Abstract Minimalist Wallpaper pack Now upgrade you Screen look with this awesome wallpaper. https://t.co/ZviRX4LLAv #wallpaper #Wallpapers #macbook #AppleVisionPro #TRENDING #iPhone #iPhoneWallpaper https://t.co/eyGqgsPXIy,abstract minimalist wallpaper pack upgrade screen look awesome wallpaper URL wallpaper wallpaper macbook applevisionpro trending iphone iphonewallpaper URL,2,0,382,0.0018204664811491,0.0465475209057331,0.9516320824623108,0.9516320824623108,0.9498116159811616,Positive
1759103342771585287,2024-02-17T22:31:34Z,2024-02-17,22,Saturday,andrewh72164547,I’m getting those dumb stereograms on tik tok and I wonder what they’d look like in an #applevisionpro,getting dumb stereograms tik tok wonder look like applevisionpro,0,0,47,0.7080850601196289,0.2679252922534942,0.0239897053688764,0.7080850601196289,-0.6840953547507524,Negative
1758956471729917971,2024-02-17T12:47:57Z,2024-02-17,12,Saturday,anhphanfr,"C’est moi ou l’#AppleVisionPro est incapable de sortir le son sur les #Homepod d’Apple ou quoique ce soit via AirPlay, ce qui serait un comble pour une technologie Apple 😭 https://t.co/XAO9hIhJOg",c est moi ou l applevisionpro est incapable de sortir le son sur le homepod apple ou quoique ce soit via airplay ce qui serait un comble pour une technologie apple URL,11,2,2768,0.4138066172599792,0.5180100202560425,0.0681833177804946,0.5180100202560425,-0.3456232994794845,Neutral
1758947036433383759,2024-02-17T12:10:27Z,2024-02-17,12,Saturday,backatitaken,".@BenGeskin is the fucking 🐐 right now for all of his coverage of the #AppleVisionPro‼️ 🥽 BRB, 😬 I GOTTA try this out for myself! LOADING IN… https://t.co/0zuzBaOtvo",USER fucking right coverage brb got ta try loading URL,0,0,214,0.0061550713144242,0.0243667047470808,0.969478189945221,0.969478189945221,0.9633231186307968,Positive
1758944656207818770,2024-02-17T12:01:00Z,2024-02-17,12,Saturday,mymobile_india,Apple Vision Pro visionOS 1.1 Beta Rolling Out With MDM Support: Here’s What You Need to Know Read Here: https://t.co/1ii7o8qacy #apple #applevision #applevisionpro #visionpro #appleheadsets #applevrheadset #technews #mymobileindia https://t.co/xYVpmPaHZz,apple vision pro visionos NUMBER beta rolling mdm support need know read URL apple applevision applevisionpro visionpro appleheadsets applevrheadset technews mymobileindia URL,1,0,79,0.0031420493032783,0.5676357746124268,0.4292221367359161,0.5676357746124268,0.4260800874326378,Neutral
1758944405132595219,2024-02-17T12:00:00Z,2024-02-17,12,Saturday,ahumanvision,"VR, the low-res matrix of mind manipulation. Don those goggles and step into the pixelated illusion, where reality blurs, and control tightens. #vr #applevisionpro https://t.co/dr5mEel5lw",vr matrix mind manipulation goggles step pixelated illusion reality blur control tightens vr applevisionpro URL,1,1,19,0.0644522160291671,0.8015565276145935,0.1339912861585617,0.8015565276145935,0.0695390701293945,Neutral
1758937118393442624,2024-02-17T11:31:03Z,2024-02-17,11,Saturday,tadeutrew1,Revolução em Tecnologias Vestíveis: Além dos Limites em 2024 https://t.co/dOifhb1IaU #AppleVisionPro #dispositivosvestíveis #FuturoDigital https://t.co/4Ln0EGBVqB,revolução em tecnologias vestíveis além do limites em NUMBER URL applevisionpro dispositivosvestíveis futurodigital URL,0,0,12,0.0127312913537025,0.8769478797912598,0.1103207767009735,0.8769478797912598,0.0975894853472709,Neutral
1758861176664895578,2024-02-17T06:29:17Z,2024-02-17,6,Saturday,lap_surgeon,This is amazing 👌 Surgery using Apple Vision Pro. #AppleVisionPro #surgery https://t.co/OE0PmQ1aNI,amazing surgery using apple vision pro applevisionpro surgery URL,125,29,9065,0.0021104901097714,0.0105462726205587,0.9873431921005248,0.9873431921005248,0.9852327019907534,Positive
1758848678830203359,2024-02-17T05:39:37Z,2024-02-17,5,Saturday,mj_loop,"With Apple Vision Pro, you can set up screens outside your house that even change look with the weather. ☁️ #AppleVisionPro https://t.co/vrsq2Ksn8T",apple vision pro set screen outside house even change look weather applevisionpro URL,9,0,678,0.0027651879936456,0.2579296827316284,0.7393050789833069,0.7393050789833069,0.7365398909896612,Positive
1758843741194932473,2024-02-17T05:20:00Z,2024-02-17,5,Saturday,skarredghost,"Is Huawei planning its own Vision Pro headset, lighter and cheaper than the original? Huawei Vision rumor: Apple Vision Pro competitor, HALF the price, same Sony 4K micro-OLED tech https://t.co/vwog8f1nZi #Huawei #Apple #AppleVisionPro #MixedReality",huawei planning vision pro headset lighter cheaper original huawei vision rumor apple vision pro competitor half price sony tech URL huawei apple applevisionpro mixedreality,6,4,1192,0.0068320129066705,0.5022754073143005,0.4908925592899322,0.5022754073143005,0.4840605463832617,Neutral
1758766611400434074,2024-02-17T00:13:31Z,2024-02-17,0,Saturday,userblessedd,Mark Zuckerberg says the Quest 3 is better than the Apple Vision Pro “Quest is so much better for the vast majority of things that people use these headsets for with that price differential” #Apple #iphone #AppleVisionPro #Meta https://t.co/ndhavcd124,mark zuckerberg say quest NUMBER better apple vision pro quest much better vast majority thing people use headset price differential apple iphone applevisionpro meta URL,69,20,41870,0.0046189418062567,0.0413421429693698,0.9540388584136964,0.9540388584136964,0.9494199166074396,Positive
1758721563573080287,2024-02-16T21:14:30Z,2024-02-16,21,Friday,viadescapetv,#TikTok está disponible en #AppleVisionPro https://t.co/ncPJPhBqFo,tiktok está disponible en applevisionpro URL,0,0,15,0.0315807461738586,0.8252059817314148,0.1432133764028549,0.8252059817314148,0.1116326302289962,Neutral
1758717914377789932,2024-02-16T21:00:00Z,2024-02-16,21,Friday,amandealshunter,Apple's Vision Pro is here! This revolutionary new eyewear uses AR to enhance your vision and give you a personalized experience. Get 15% off yours today! Discount Code 👉 https://t.co/F7jVElqKIN &gt;&gt; Grab Now. #AppleVisionPro #SeeTheFuture https://t.co/qqup1dAjDR,apple vision pro revolutionary new eyewear us ar enhance vision give personalized experience get NUMBER today discount code URL gt gt grab applevisionpro seethefuture URL,0,0,52,0.0017673561815172,0.035310860723257,0.9629217982292176,0.9629217982292176,0.9611544420477004,Positive
1758655826250879379,2024-02-16T16:53:17Z,2024-02-16,16,Friday,sergioborduas,⭕️R⭕️E⭕️N⭕️D⭕️E⭕️R⭕️ #GPU #NVIDIA #AppleVisionPro https://t.co/HWBISM1nlP,gpu nvidia applevisionpro URL,0,0,62,0.0105692064389586,0.8230058550834656,0.1664249897003173,0.8230058550834656,0.1558557832613587,Neutral
1758635216351236445,2024-02-16T15:31:24Z,2024-02-16,15,Friday,johnhelmuth_,I wonder how many #AppleVisionPro’s are being returned now that the 14 day return window after launch is closing?,wonder many applevisionpro returned NUMBER day return window launch closing,0,0,40,0.0419463813304901,0.8579407930374146,0.1001128777861595,0.8579407930374146,0.0581664964556694,Neutral
1758619771912753542,2024-02-16T14:30:01Z,2024-02-16,14,Friday,skarredghost,"I wrote this news on my blog months ago, I'm glad that now it's official Job Simulator &amp; Vacation Simulator Are Coming To Apple Vision Pro - @UploadVR https://t.co/eDsH7FcsCY #VirtualReality @Apple #AppleVisionPro",wrote news blog month ago glad official job simulator amp vacation simulator coming apple vision pro USER URL virtualreality USER applevisionpro,3,0,631,0.0018700549844652,0.0257484540343284,0.9723815321922302,0.9723815321922302,0.970511477207765,Positive
1758592289364943186,2024-02-16T12:40:49Z,2024-02-16,12,Friday,tecnofanatico,Son los Meta Quest 3 mejores que los Apple Vision Pro? Bueno Mark Zuckerberg considera que sus lentes son mejores que los de Apple y aquí les dejo mi opinión #metaquest3 #applevisionpro #markzuckerberg https://t.co/JJQhgZB5jZ,son los meta quest NUMBER mejores que los apple vision pro bueno mark zuckerberg considera que sus lentes son mejores que los de apple aquí le dejo mi opinión applevisionpro markzuckerberg URL,10,0,1622,0.0140405101701617,0.8717776536941528,0.1141818240284919,0.8717776536941528,0.1001413138583302,Neutral
1758569894835040638,2024-02-16T11:11:50Z,2024-02-16,11,Friday,mcken,"#UneTassedetech☕️ #balado - Délestage cognitif, ou comment l’#IA nous rend idiot - OpenAI Sora vs Google Gemini 1.5 #GenAI - Testée: la tablette Samsung Galaxy Tab A9+ Aussi: les déçus de l'#AppleVisionPro, un souffleur pour webcam Elgato, et plus! https://t.co/ibJsMxhh4a",balado délestage cognitif ou comment l ia nous rend idiot openai sora v google gemini NUMBER genai testée la tablette samsung galaxy tab aussi le déçus de l applevisionpro un souffleur pour webcam elgato et plus URL,1,0,528,0.0124173611402511,0.9016759395599364,0.0859066992998123,0.9016759395599364,0.0734893381595611,Neutral
1758547522203816080,2024-02-16T09:42:56Z,2024-02-16,9,Friday,comingler1,#ChatGPT #Gemini #AppleVisionPro and now #Sora Anyone else think we need a way for our money to keep up with all this?,chatgpt gemini applevisionpro sora anyone else think need way money keep,5,2,276,0.0903701409697532,0.8140116333961487,0.0956183299422264,0.8140116333961487,0.0052481889724731,Neutral
1758517446942535693,2024-02-16T07:43:25Z,2024-02-16,7,Friday,manojlds,"Best review to make you not want this thing at all, at least till v3 or something #AppleVisionPro https://t.co/bLAmLJHCi2",best review make want thing least till something applevisionpro URL,0,0,147,0.4853965640068054,0.2617667019367218,0.2528367638587951,0.4853965640068054,-0.2325598001480102,Negative
1758492129272144044,2024-02-16T06:02:49Z,2024-02-16,6,Friday,seeingwithsound,"(YouTube) Apple Vision Pro #accessibility settings - basic #VoiceOver gestures &amp; controls https://t.co/4MCMQV7AYJ #blind #a11y of #visionOS looks very decent, but third-party apps lack pixel-level access to the passthrough camera view; #AppleVisionPro #VisionPro #AVP #AR",youtube apple vision pro accessibility setting basic voiceover gesture amp control URL blind visionos look decent apps lack access passthrough camera view applevisionpro visionpro avp ar,3,0,366,0.178039476275444,0.6047406196594238,0.2172198593616485,0.6047406196594238,0.0391803830862045,Neutral
1758474028182802544,2024-02-16T04:50:53Z,2024-02-16,4,Friday,persadian,tech is insane right now #AppleVisionPro + #OpenAISora https://t.co/AzbQFA9BiD,tech insane right applevisionpro openaisora URL,1,0,537,0.0040882918983697,0.0658053085207939,0.9301064014434814,0.9301064014434814,0.9260181095451115,Positive
1758470584017568101,2024-02-16T04:37:12Z,2024-02-16,4,Friday,duncaneadie,If you have tired of the heavy #AppleVisionPro &amp; got it at launch you can return it today free (14 day) or place on ebay for £5k. https://t.co/mMZzqOSzKd,tired heavy applevisionpro amp got launch return today free NUMBER day place ebay URL,0,0,102,0.0356057956814765,0.4751007854938507,0.489293485879898,0.489293485879898,0.4536876901984215,Positive
1758470270480974289,2024-02-16T04:35:57Z,2024-02-16,4,Friday,davntech,GravaStar Mercury M2 Wireless Gaming Mouse #Mouse #AppleVisionPro https://t.co/BZzvBIbkBj https://t.co/azATcLyN22,gravastar mercury wireless gaming mouse mouse applevisionpro URL URL,0,0,41,0.0051255668513476,0.781509518623352,0.2133649438619613,0.781509518623352,0.2082393770106136,Neutral
1758470015764828509,2024-02-16T04:34:57Z,2024-02-16,4,Friday,matth_actu,J’ai enfin reçus mon Apple Vision Pro rester a l’écoute d’ici la fin de la journée vous aurez mes premier impression sur l’Apple Vision Pro #Apple #AppleVisionPro #VisionPro,j ai enfin reçus mon apple vision pro rester l écoute ici la fin de la journée vous aurez me premier impression sur l apple vision pro apple applevisionpro visionpro,6,1,334,0.0228736996650695,0.6680494546890259,0.3090768456459045,0.6680494546890259,0.2862031459808349,Neutral
1758468961807519822,2024-02-16T04:30:45Z,2024-02-16,4,Friday,vw_artist,"I enjoy working with @Adobe @Lightroom on #AppleVisionPro . It's easy, just like that! ✌️ @creativecloud #lightroom #spatialcomputing #photography #womanintech https://t.co/pDG5BOvFQl",enjoy working USER USER applevisionpro easy like USER lightroom spatialcomputing photography womanintech URL,3,0,176,0.0019771009683609,0.012987189926207,0.9850356578826904,0.9850356578826904,0.9830585569143296,Positive
1758466627333423255,2024-02-16T04:21:29Z,2024-02-16,4,Friday,monkeysatwork,"We went from... Don't sit to close to the TV, in the 80's, to.... Here put this on your head... #AppleVisionPro https://t.co/zgbL3nuGGd",went sit close tv NUMBER put head applevisionpro URL,0,0,36,0.0416610240936279,0.7564433217048645,0.201895609498024,0.7564433217048645,0.160234585404396,Neutral
1758445447075504241,2024-02-16T02:57:19Z,2024-02-16,2,Friday,antoniofurioso0,My prevision: Thanks to #AppleVisionPro horizontal videos will return to be the main way we consume video content.,prevision thanks applevisionpro horizontal video return main way consume video content,0,0,22,0.0030962903983891,0.1441864967346191,0.8527172207832336,0.8527172207832336,0.8496209303848445,Positive
1758410203093987470,2024-02-16T00:37:16Z,2024-02-16,0,Friday,buydream_web,Read Details: https://t.co/hq4oFub6wD Follow for more👆 #MetaQuest3 #better #cheaper #applevisionpro #VisionPro #MarkZuckerberg https://t.co/XaSmqtpLLB,read detail URL follow better cheaper applevisionpro visionpro markzuckerberg URL,0,0,144,0.0035073133185505,0.3242137134075165,0.6722790002822876,0.6722790002822876,0.668771686963737,Positive
1758406919721763308,2024-02-16T00:24:13Z,2024-02-16,0,Friday,vocofmnews,"🚀 Apple's Vision Pro, a $3,500 head-mounted device, launched on Feb 2 and created a buzz! But now, some buyers are returning their products. What's happening? #AppleVisionPro #TechNews #Sora https://t.co/xDidJW0SrA",apple vision pro NUMBER NUMBER device launched feb NUMBER created buzz buyer returning product happening applevisionpro technews sora URL,1,0,74,0.001824090257287,0.095334991812706,0.9028409123420716,0.9028409123420716,0.9010168220847844,Positive
1758356613184819308,2024-02-15T21:04:19Z,2024-02-15,21,Thursday,mabrafoo,#AppleVisionPro #VisionPro #SpatialComputing https://t.co/vdIlwJMMEu,applevisionpro visionpro spatialcomputing URL,0,0,87,0.0043259668163955,0.5406897068023682,0.4549843370914459,0.5406897068023682,0.4506583702750504,Neutral
1758356243591418032,2024-02-15T21:02:51Z,2024-02-15,21,Thursday,michaeljee,#AppleVisionPro owners https://t.co/GlNKqtoF8f,applevisionpro owner URL,0,0,67,0.0112721649929881,0.8135026097297668,0.1752252429723739,0.8135026097297668,0.1639530779793858,Neutral
1758349473397239994,2024-02-15T20:35:57Z,2024-02-15,20,Thursday,msitarzewski,Great use case for #AppleVisionPro,great use case applevisionpro,2,0,191,0.0021352858748286,0.0152245508506894,0.9826400876045228,0.9826400876045228,0.980504801729694,Positive
1758346903664710138,2024-02-15T20:25:44Z,2024-02-15,20,Thursday,igeeksblog,8 mind-blowing and useful apps that you should try on Apple Vision Pro. A Thread 🧵 #AppleVisionPro #AppsForVisionPro https://t.co/EaXjuHdmkF,NUMBER useful apps try apple vision pro thread applevisionpro appsforvisionpro URL,8,2,948,0.0016982075758278,0.044324841350317,0.9539769291877748,0.9539769291877748,0.9522787216119468,Positive
1758334739671363892,2024-02-15T19:37:24Z,2024-02-15,19,Thursday,creativesinner2,"Nope. I have a ton of Apple devices. I own flagship androids phones, and Windows laptops too; I love tech. But the #AppleVisionPro is basically a tech demo device in its current state. By gen 3 or 4 it will be in a much better place. The mixed reality space is going to be insane in several years.",nope ton apple device flagship android phone window laptop love tech applevisionpro basically tech demo device current state gen NUMBER NUMBER much better place mixed reality space going insane several year,0,0,83,0.0090646557509899,0.0734521597623825,0.9174831509590148,0.9174831509590148,0.908418495208025,Positive
1758265673841795359,2024-02-15T15:02:58Z,2024-02-15,15,Thursday,roastbrief,📱 ¡TikTok sorprende con una nueva app para Vision Pro de Apple! Disfruta contenido en forma inmersiva en visionOS. 🤩 ¡Vive tu For You con esta vista de contenido!🎬 #TikTok #VisionPro #immersiveexperience #AppleVisionPro @TikTokLatAM @tiktok_us https://t.co/PX9d0cA3XN,sorprende con una nueva app para vision pro de apple disfruta contenido en forma inmersiva en visionos tu con esta vista de contenido tiktok visionpro immersiveexperience applevisionpro USER USER URL,1,0,430,0.0017089023021981,0.0325258560478687,0.9657652378082277,0.9657652378082277,0.9640563355060294,Positive
1758262932301898088,2024-02-15T14:52:04Z,2024-02-15,14,Thursday,ajmarquez,#Sora + #AppleVisionPro = Ready Player One?,sora applevisionpro ready player one,0,0,92,0.0046643079258501,0.7912346720695496,0.2041010111570358,0.7912346720695496,0.1994367032311856,Neutral
1758261831552864753,2024-02-15T14:47:42Z,2024-02-15,14,Thursday,manojanara,$RNDR flexing its GPU muscle 💪with a giant Omega candle 📈 setting the ATH ablaze in the world of decentralized GPUs❤️‍🔥❤️‍🔥❤️‍🔥 #RNDR $RENDER #AppleVisionPro #AI #VR #AR https://t.co/E0H21WT1IQ,rndr flexing gpu muscle giant omega candle setting ath ablaze world decentralized rndr render applevisionpro ai vr ar URL,0,0,443,0.0015154149150475,0.0283419154584407,0.970142662525177,0.970142662525177,0.9686272476101294,Positive
1758222813075308896,2024-02-15T12:12:39Z,2024-02-15,12,Thursday,sabiasquefacts,"💡 La productividad y el entretenimiento no justifican su costo para muchos usuarios, destacando la ausencia de 'apps' revolucionarias. #Productividad #Entretenimiento #AppleVisionPro https://t.co/4IJkju7rQJ",la productividad el entretenimiento justifican su costo para muchos usuarios destacando la ausencia de apps revolucionarias productividad entretenimiento applevisionpro URL,0,0,14,0.0170441567897796,0.7023869752883911,0.2805688381195068,0.7023869752883911,0.2635246813297272,Neutral
1758200264945713306,2024-02-15T10:43:03Z,2024-02-15,10,Thursday,roastbrief,"Sabiendo esto, ¿todavía estás pensando en adquirir unas? Déjanos saber qué piensas en los comentarios. #AppleVisionPro #UsuariosInconformes @Apple #AppleProblemas #Lentes #AppleGafas #AppleVision 😟 https://t.co/qS8zbDDlPd",sabiendo esto estás pensando en adquirir unas déjanos saber qué piensas en los comentarios applevisionpro usuariosinconformes USER appleproblemas lentes applegafas applevision URL,0,0,365,0.161853015422821,0.7776627540588379,0.0604842081665992,0.7776627540588379,-0.1013688072562217,Neutral
1758197178751652284,2024-02-15T10:30:47Z,2024-02-15,10,Thursday,ohlalair,La compagnie aérienne Beond proposera l' #AppleVisionPro à des passagers sélectionnés lors de ses vols vers les Maldives. https://t.co/TxOSVRvE39 https://t.co/xbugOYAzFe,la compagnie aérienne beond proposera l applevisionpro à de passagers sélectionnés lors de s vols vers le maldives URL URL,0,0,137,0.0234844926744699,0.8450496196746826,0.1314659416675567,0.8450496196746826,0.1079814489930868,Neutral
1758188573155594347,2024-02-15T09:56:36Z,2024-02-15,9,Thursday,matth_actu,Tik Tok est dispo en version optimisé pour l'Apple Vision Pro #Apple #AppleVisionPro #VisionPro #TikTok #VisionOS,tik tok est dispo en version optimisé pour vision pro apple applevisionpro visionpro tiktok visionos,1,0,167,0.0145336426794528,0.4758182764053345,0.5096480846405029,0.5096480846405029,0.49511444196105,Positive
1758184090275053921,2024-02-15T09:38:47Z,2024-02-15,9,Thursday,modinar_,First Apple Vision Pro to hit the streets of Baghdad Iraq 🤣😈 #apple #AppleVisionPro #baghdad #iraq https://t.co/6Kw0Xe8WuE,first apple vision pro hit street baghdad iraq apple applevisionpro baghdad iraq URL,6,0,619,0.0039742277003824,0.1659297347068786,0.8300960659980774,0.8300960659980774,0.8261218382976949,Positive
1758147838473638110,2024-02-15T07:14:44Z,2024-02-15,7,Thursday,planetetripy,"Tellement génial ce casque AR #AppleVisionPro que certains acheteurs commencent à s'en séparer, le renvoi pour remboursement ou le laisse prendre la poussière dans un coin. Une fois la hype passée et la réalité des possibilités/app proposés, combien continueront à l'utiliser ?",tellement génial ce casque ar applevisionpro que certains acheteurs commencent à séparer le renvoi pour remboursement ou le laisse prendre la poussière dans un coin une fois la hype passée et la réalité de proposés combien continueront à,0,0,51,0.1012689024209976,0.82062166929245,0.0781094506382942,0.82062166929245,-0.0231594517827034,Neutral
1758142532284788935,2024-02-15T06:53:39Z,2024-02-15,6,Thursday,macdailynews,"TikTok has released a new ""spatial"" app for the Apple Vision Pro spatial computer. Smart users will avoid this societal cancer like the plague it is. https://t.co/z0iL8zQ6l7 #TikTok #Apple #AppleNews #AppleVisionPro #VisionPro #visionOS #SpatialComputing #Tech #TechNews",tiktok released new spatial app apple vision pro spatial computer smart user avoid societal cancer like plague URL tiktok apple applenews applevisionpro visionpro visionos spatialcomputing tech technews,0,1,261,0.0327357240021228,0.3520963788032532,0.6151679158210754,0.6151679158210754,0.5824321918189526,Positive
1758116546117825002,2024-02-15T05:10:23Z,2024-02-15,5,Thursday,shawpepo,Those public jerks gon go crazy with #AppleVisionPro,public jerk gon go crazy applevisionpro,0,0,23,0.6783834099769592,0.2504271864891052,0.0711894258856773,0.6783834099769592,-0.6071939840912819,Negative
1758107310826910122,2024-02-15T04:33:41Z,2024-02-15,4,Thursday,konrad_gnat,first demo of a 360 image Ai generator on #AppleVisionPro 📈 song by @Lane8music https://t.co/6Xd9hRDNpj,first demo NUMBER image ai generator applevisionpro song USER URL,3,1,328,0.0047810105606913,0.7538986206054688,0.2413203716278076,0.7538986206054688,0.2365393610671162,Neutral
1758090664640692562,2024-02-15T03:27:32Z,2024-02-15,3,Thursday,videogamercom,People are already returning their Apple Vision Pro headsets https://t.co/TaNmUqkNUs #tech #AppleVisionPro #VR https://t.co/x5KXaFN6xa,people already returning apple vision pro headset URL tech applevisionpro vr URL,3,0,1418,0.0025438645388931,0.2779249250888824,0.719531238079071,0.719531238079071,0.7169873735401779,Positive
1758003815595622551,2024-02-14T21:42:26Z,2024-02-14,21,Wednesday,hassanposts,Different target market segments. Most people are not realizing it.. yet #MetaQuest3 and #AppleVisionPro both have different market segments However yes Apple will be introducing the direct competitor to Quest soon (as the word Pro has already hinted) But good comparison 👍,different target market segment people realizing yet applevisionpro different market segment however yes apple introducing direct competitor quest soon word pro already hinted good comparison,1,0,92,0.0148768909275531,0.294962078332901,0.6901609897613525,0.6901609897613525,0.6752840988337994,Positive
1757994084470526074,2024-02-14T21:03:46Z,2024-02-14,21,Wednesday,techlusiveofcl,Maybe the second-generation #AppleVisionPro will have no haters! https://t.co/GMI057jDqV,maybe applevisionpro hater URL,0,0,147,0.0207529533654451,0.1612162142992019,0.8180308938026428,0.8180308938026428,0.7972779404371977,Positive
1757971366362677676,2024-02-14T19:33:29Z,2024-02-14,19,Wednesday,akamatsu,Rushing Poetry on #AppleVisionPro https://t.co/GLlHRwiXNI,rushing poetry applevisionpro URL,1,0,268,0.0048134308308362,0.751338005065918,0.2438485920429229,0.751338005065918,0.2390351612120866,Neutral
1757941703267475690,2024-02-14T17:35:37Z,2024-02-14,17,Wednesday,konrad_gnat,"hey #buildinpublic people, what are you working on today? me: 1. 360 image viewer on #AppleVisionPro 2. new blog post 3. improve blog writer https://t.co/CI9vS81KoA bonus: new AVP apps directory site",hey buildinpublic people working today NUMBER NUMBER image viewer applevisionpro NUMBER new blog post NUMBER improve blog writer URL bonus new avp apps directory site,6,0,401,0.0032966728322207,0.1902048140764236,0.8064985275268555,0.8064985275268555,0.8032018546946347,Positive
1757934124898177446,2024-02-14T17:05:30Z,2024-02-14,17,Wednesday,dhinchcliffe,"Fascinating take-down and comparison by #Zuckerberg of the @Meta #Quest3 with the #AppleVisionPro. He makes some interesting points + it's very educational on how far the Quest has come along, which already has a number of the supposedly new Vision Pro features. #VR #AR #UX https://t.co/x9nEuZnv4K",fascinating comparison zuckerberg USER applevisionpro make interesting point educational far quest come along already number supposedly new vision pro feature vr ar ux URL,2,0,1238,0.0021565470378845,0.0275915767997503,0.9702519178390504,0.9702519178390504,0.9680953708011656,Positive
1757873323252523359,2024-02-14T13:03:54Z,2024-02-14,13,Wednesday,doomdave,So i found out that #AppleVisionPro does have spatial persistence but not in the shared space. You only get it in full space apps using #arkit with world anchors. It does persists across app launches and device reboots. I hope this come to the shared space @Apple,found applevisionpro spatial persistence shared space get full space apps using arkit world anchor persists across app launch device reboots hope come shared space USER,0,0,81,0.0195450913161039,0.5432741641998291,0.4371806979179382,0.5432741641998291,0.4176356066018343,Neutral
1757869676980277412,2024-02-14T12:49:25Z,2024-02-14,12,Wednesday,mobilite_verte,"Le casque #AppleVisionPro a été testé à vélo, en intérieur, mais aussi en extérieur ! Est-ce l'avenir qui attend les cyclistes ? https://t.co/hhlvz1o4v9",le casque applevisionpro été testé à vélo en intérieur mais aussi en extérieur qui attend le cyclistes URL,0,0,141,0.0333249680697917,0.841488242149353,0.1251867860555648,0.841488242149353,0.091861817985773,Neutral
1757827042798633016,2024-02-14T10:00:00Z,2024-02-14,10,Wednesday,heyfalconvr,Loving the Spatial &amp; VR space right now. Seeing our game #SynthRiders release on #AppleVisionPro + new content on all platforms - never a dull moment! Watch this space as I prepare to share &amp; bring you along on my next journey at Kluge. #VR #Spatial #MetaQuest #SteamVR #PSVR2 https://t.co/r7LHZ2YK1v,loving spatial amp vr space right seeing game synthriders release applevisionpro new content platform never dull moment watch space prepare share amp bring along next journey kluge vr spatial metaquest steamvr URL,18,0,396,0.0014988384209573,0.0148303313180804,0.9836708307266236,0.9836708307266236,0.9821719923056662,Positive
1757823759233216748,2024-02-14T09:46:57Z,2024-02-14,9,Wednesday,review_recap,"A significant number of #Apple Vision Pro buyers from US on X/Twitter are returning their units as their return window approaches. It's uncertain whether this trend extends to buyers not active on X/Twitter. Based on this trend, will #AppleVisionPro be a success👍or not👎 🤔 https://t.co/eVqebVao0v",significant number apple vision pro buyer u returning unit return window approach uncertain whether trend extends buyer active based trend applevisionpro URL,3,0,293,0.0944259166717529,0.7992384433746338,0.1063356399536132,0.7992384433746338,0.0119097232818603,Neutral
1757795343385960469,2024-02-14T07:54:02Z,2024-02-14,7,Wednesday,xr_vizion,Pov / the entire tech community (especially Apple enthusiasts) today after hearing Zuck’s review on Apple Vision Pro 🫨🫨 #MarkZuckerberg #AppleVisionPro #VisionPro https://t.co/bE1xBB9sVz,pov entire tech community especially apple enthusiast today hearing zuck review apple vision pro markzuckerberg applevisionpro visionpro URL,2,0,123,0.0063797342590987,0.65012526512146,0.3434950411319732,0.65012526512146,0.3371153068728745,Neutral
1757758728932049329,2024-02-14T05:28:33Z,2024-02-14,5,Wednesday,bargainnerd,Save 17% off an Apple Air Tag here! https://t.co/iVMegWJEno #AppleVisionPro #Apple #AppleMusicHalftime #applepronews #VisionPro #appleradio #deal #deals #amazon,save NUMBER apple air tag URL applevisionpro apple applemusichalftime applepronews visionpro appleradio deal deal amazon,0,0,409,0.0031809383071959,0.1988662630319595,0.7979527711868286,0.7979527711868286,0.7947718328796327,Positive
1757748202856685604,2024-02-14T04:46:43Z,2024-02-14,4,Wednesday,zedbllsh,@Vanarchain @jawadvirtua That #AppleVisionPro is lookin' so sleek 🔥,USER USER applevisionpro lookin sleek,0,0,223,0.0052263033576309,0.0207070298492908,0.9740667343139648,0.9740667343139648,0.968840430956334,Positive
1757722534550585549,2024-02-14T03:04:43Z,2024-02-14,3,Wednesday,neontripapp,I just heard about the third party visionOS app directory by @marckohlbrugge And to our surprise we are featured quite prominently on todays Today list. Check it out! https://t.co/wP7s87ZRtp #AppleVisionPro #visionOS #visionPRo,heard third party visionos app directory USER surprise featured quite prominently today today list check URL applevisionpro visionos visionpro,4,0,143,0.001421975204721,0.0441178381443023,0.9544601440429688,0.9544601440429688,0.9530381688382475,Positive
1757712959105589705,2024-02-14T02:26:40Z,2024-02-14,2,Wednesday,designmindai,"Mark Zuckerberg's take on the new #AppleVisionPro. 🚨 Spoiler🚨 He doesn't hold back! Competition is obviously always good, especially for the end consumer. But do you think Mark went too far? 🧐 #Metaverse #zuck #Quest3 https://t.co/Hj2CjYfy8h",mark zuckerberg take new applevisionpro hold back competition obviously always good especially end consumer think mark went far metaverse zuck URL,0,0,150,0.0166786666959524,0.3376163840293884,0.645704984664917,0.645704984664917,0.6290263179689646,Positive
1757698388798452222,2024-02-14T01:28:47Z,2024-02-14,1,Wednesday,kranthikumar300,The best way to predict the future is to invented-- such a great line by @MarkCrtlC #Quest3 vs #AppleVisionPro,best way predict future invented great line USER v applevisionpro,1,0,78,0.0028433341067284,0.0337652862071991,0.963391363620758,0.963391363620758,0.9605480295140296,Positive
1757677857386488129,2024-02-14T00:07:11Z,2024-02-14,0,Wednesday,themongrov,A little humour never hurt nobody lol #AppleVisionPro https://t.co/pqnpjHcNjO,little humour never hurt nobody lol applevisionpro URL,0,0,140,0.0132111301645636,0.0951948463916778,0.8915940523147583,0.8915940523147583,0.8783829221501946,Positive
1757668497365356940,2024-02-13T23:30:00Z,2024-02-13,23,Tuesday,itmanagement_de,"Es kommt nur selten vor, dass der Chef eines Tech-Konzerns öffentlich ein Konkurrenz-Produkt niedermacht – doch #Facebook-Gründer Mark #Zuckerberg geht nun mit Apples neuer Computer-Brille hart ins Gericht. https://t.co/kcN4rQixdZ #MetaQuest3 #AppleVisionPro",e kommt nur selten vor das der chef eines öffentlich ein niedermacht doch mark zuckerberg geht nun mit apple neuer hart in gericht URL applevisionpro,1,0,94,0.0294745210558176,0.7698074579238892,0.2007180750370025,0.7698074579238892,0.1712435539811849,Neutral
1757653398235779369,2024-02-13T22:30:00Z,2024-02-13,22,Tuesday,mysmartprice,Mark Zuckerberg tried the #AppleVisionPro and considered Meta Quest 3 a better option. https://t.co/9kUMPREAFr,mark zuckerberg tried applevisionpro considered meta quest NUMBER better option URL,3,0,520,0.0051724393852055,0.5824199914932251,0.4124075770378113,0.5824199914932251,0.4072351376526057,Neutral
1757645280390926583,2024-02-13T21:57:44Z,2024-02-13,21,Tuesday,kikeapple,#Apple  #AppleVisionPro https://t.co/TyfqaFun57,apple applevisionpro URL,1,0,32,0.0041411351412534,0.612759530544281,0.3830993473529815,0.612759530544281,0.3789582122117281,Neutral
1757641733272187043,2024-02-13T21:43:39Z,2024-02-13,21,Tuesday,radiofarside,"Honeymoon over for yet another AR/VR boondoggle, as early adopters want their money back for #AppleVisionPro: https://t.co/nRRCi6lnDo",honeymoon yet another boondoggle early adopter want money back applevisionpro URL,1,1,61,0.0375610627233982,0.5092059969902039,0.4532329440116882,0.5092059969902039,0.41567188128829,Neutral
1757641095385612333,2024-02-13T21:41:07Z,2024-02-13,21,Tuesday,alois_tinotenda,"Mark Zuckerberg Vs Tim Cook. Apple: ''We have a big brand so our Apple Vision Pro have to be more expensive'' Metal:''We are Quest , so Quest 3 have better features and quality and then boom we are Less Expensive'' #BrandedFeatures #AppleVisionPro #Quest3 https://t.co/bbaHGHAGSb",mark zuckerberg v tim cook apple big brand apple vision pro expensive metal quest quest NUMBER better feature quality boom less expensive brandedfeatures applevisionpro URL,2,0,138,0.0519398711621761,0.6041405200958252,0.3439196050167084,0.6041405200958252,0.2919797338545322,Neutral
1757592505401430428,2024-02-13T18:28:02Z,2024-02-13,18,Tuesday,johnny_ver_2,New #AppleVisionPro comes in RED. https://t.co/hmuZfmNUnM,new applevisionpro come red URL,0,0,288,0.0030407521408051,0.2947394251823425,0.7022197842597961,0.7022197842597961,0.699179032118991,Positive
1757553743782940853,2024-02-13T15:54:00Z,2024-02-13,15,Tuesday,dityama_fm,Real Golf with #AppleVisionPro Can I get a birdie while wearing the apple vision pro? Besides getting the most insane looks this thing might actually make golf a little easier! Comment below what I should do with it next! #golf #apple #golfing https://t.co/ehuM1E6HWR,real golf applevisionpro get birdie wearing apple vision pro besides getting insane look thing might actually make golf little easier comment next golf apple golfing URL,2,0,767,0.0043993643485009,0.0770120769739151,0.9185885787010192,0.9185885787010192,0.9141892143525184,Positive
1757532874662728079,2024-02-13T14:31:05Z,2024-02-13,14,Tuesday,thetechbasic,Apple Releases Third Beta Version of iOS 17.4 and iPadOS 17.4 for Developers. https://t.co/ZbuNaBWT9w #Apple #appleradio #AppleVisionPro #iOS174 #ipadprocreate #AppleMusic #NewShowmax #NewsAlert #TTBNews #TrendingHot,apple release third beta version io NUMBER ipados NUMBER developer URL apple appleradio applevisionpro ipadprocreate applemusic newshowmax newsalert ttbnews trendinghot,2,0,672,0.0032321086619049,0.4358665645122528,0.5609013438224792,0.5609013438224792,0.5576692351605743,Positive
1757503228407877905,2024-02-13T12:33:17Z,2024-02-13,12,Tuesday,lizstenmoen,let’s get an Apple Vision Pro #AppleVisionPro #VisionPro https://t.co/sdE6bgoph8,let get apple vision pro applevisionpro visionpro URL,2,0,55,0.0024630276020616,0.1655028760433197,0.8320341110229492,0.8320341110229492,0.8295710834208876,Positive
1757502787628499323,2024-02-13T12:31:32Z,2024-02-13,12,Tuesday,chandugowdru07,Tech in kannada Sandeep gowdru thara yav youtuber kuda istu detail agi unboxing review madod nan iduvargu nodilla #Benkiguru😂🔥 #AppleVisionPro https://t.co/CcKxeMxK5c,tech kannada sandeep gowdru thara yav youtuber kuda istu detail agi unboxing review madod nan iduvargu nodilla applevisionpro URL,9,2,230,0.013675364665687,0.3932537138462066,0.5930708646774292,0.5930708646774292,0.5793955000117421,Positive
1757502449667965069,2024-02-13T12:30:11Z,2024-02-13,12,Tuesday,onthemoon_std,New VisionPro App: GoodkeypadVision Send shortcuts to any desktop app fron VisionPro #VisionPro #visionOS #AppleVisionPro #apple #shortcut https://t.co/eQI0RHyYD9,new visionpro app goodkeypadvision send shortcut desktop app fron visionpro visionpro visionos applevisionpro apple shortcut URL,0,1,46,0.0080538410693407,0.6052908897399902,0.3866552412509918,0.6052908897399902,0.3786014001816511,Neutral
1757489504171004003,2024-02-13T11:38:45Z,2024-02-13,11,Tuesday,jonathanbcrabb,I get it but I am almost irrationally annoyed at influencers or YouTubers who are returning their #AppleVisionPro after milking it for views,get almost irrationally annoyed influencers youtubers returning applevisionpro milking view,0,0,107,0.804292619228363,0.1804867088794708,0.0152205806225538,0.804292619228363,-0.7890720386058092,Negative
1757487659939676541,2024-02-13T11:31:25Z,2024-02-13,11,Tuesday,harndefty,"I owe about 3,000 dollars, or rather, I've been scammed. Any of you Sugar mommy out there? @SugarMommy1145 #adultingshowmax #AFCON2023 #DeadpoolAndWolverine #AppleVisionPro",owe NUMBER NUMBER dollar rather scammed sugar mommy USER adultingshowmax deadpoolandwolverine applevisionpro,1,0,159,0.8421788215637207,0.1449351459741592,0.0128860715776681,0.8421788215637207,-0.8292927499860525,Negative
1757468487394484533,2024-02-13T10:15:14Z,2024-02-13,10,Tuesday,scanmyphotosc,❤️ Apple Vision Pro! The advancements in AI and spatial video conversion are set to revolutionize old photo media digitization. https://t.co/qQcM98jmfK is a content provider—digitizing photos. Get ready for a new era of nostalgia! #AppleVisionPro #AI #DigitalTransformation https://t.co/F98KG2DFao,apple vision pro advancement ai spatial video conversion set revolutionize old photo medium digitization URL content provider digitizing photo get ready new era nostalgia applevisionpro ai digitaltransformation URL,0,0,33,0.0014432671014219,0.0214618071913719,0.9770948886871338,0.9770948886871338,0.9756516215857118,Positive
1757446439687319820,2024-02-13T08:47:37Z,2024-02-13,8,Tuesday,guensgraphics,ONO ANPIL Dj pwal gen pwoblèm wi #AppleVisionPro,ono anpil dj pwal gen pwoblèm wi applevisionpro,0,0,96,0.0164542831480503,0.8119946718215942,0.1715510934591293,0.8119946718215942,0.155096810311079,Neutral
1757443792943087774,2024-02-13T08:37:06Z,2024-02-13,8,Tuesday,cesarsalza,Estas son las #AppleVision baratas que sí te podrás comprar #Apple #AppleVisionPro #VR #Glasses #Amazing #Cool #Tech #ViralTech https://t.co/zPpykGADxN,estas son la applevision baratas que sí te podrás comprar apple applevisionpro vr glass amazing cool tech viraltech URL,1,0,96,0.0027016925159841,0.0696868374943733,0.927611529827118,0.927611529827118,0.9249098373111336,Positive
1757400861880242276,2024-02-13T05:46:31Z,2024-02-13,5,Tuesday,evankirstel,Brave New World - When Virtual Becomes Reality &lt; Check out @arnoldjon’s panel at #ITEXPO! #ar #vr #AppleVisionPro https://t.co/ux6tt2t1wu,brave new world virtual becomes reality lt check USER panel itexpo ar vr applevisionpro URL,7,1,642,0.0025356954429298,0.2560617625713348,0.7414025664329529,0.7414025664329529,0.738866870990023,Positive
1757366582421127649,2024-02-13T03:30:18Z,2024-02-13,3,Tuesday,pratimaadhikary,The #AppleVisionPro brought out a lovely tan on me after 3 hours https://t.co/bmIi9nevi4,applevisionpro brought lovely tan NUMBER hour URL,1141,31,52210,0.0026833182200789,0.021429618820548,0.9758870601654052,0.9758870601654052,0.9732037419453264,Positive
1757362171602743773,2024-02-13T03:12:46Z,2024-02-13,3,Tuesday,fx1sports,Imagine being able to watch all of your favourite sports using an #AppleVisionPro whilst having all of your real time #AI sports betting analytics and predictions platform in one place! https://t.co/twWLToQ9D3,imagine able watch favourite sport using applevisionpro whilst real time ai sport betting analytics prediction platform one place URL,70,13,2094,0.0038367558736354,0.1900353282690048,0.8061279058456421,0.8061279058456421,0.8022911499720067,Positive
1757329665835065407,2024-02-13T01:03:36Z,2024-02-13,1,Tuesday,kakigaijin,Look at this beauty lol #veve #vevefam #AppleVisionPro https://t.co/BcDIJZYFU1,look beauty lol veve vevefam applevisionpro URL,31,2,1065,0.0022466541267931,0.019476018846035,0.9782773852348328,0.9782773852348328,0.9760307311080396,Positive
1757243703641489702,2024-02-12T19:22:01Z,2024-02-12,19,Monday,sanjudatta12,Apple vision Pro #AppleVisionPro #apple https://t.co/CWpewvfz41,apple vision pro applevisionpro apple URL,0,0,89,0.0044664163142442,0.3174086511135101,0.6781249046325684,0.6781249046325684,0.6736584883183241,Positive
1757241769899474964,2024-02-12T19:14:20Z,2024-02-12,19,Monday,moxammeai,A very expensive popping experience. Worth it? #AppleVisionPro https://t.co/XXayYqn24O,expensive popping experience worth applevisionpro URL,0,0,67,0.3790389001369476,0.4995179772377014,0.1214431673288345,0.4995179772377014,-0.2575957328081131,Neutral
1757223252873879865,2024-02-12T18:00:45Z,2024-02-12,18,Monday,stevetalkowski,"Thx to @SadlyItsBradley I tried out Moonight via Testflight on visionOS, and am now mirroring my PC to the #AppleVisionPro “THIS IS CRAZY!” Wow. https://t.co/GNWENEBYPQ",thx USER tried moonight via testflight visionos mirroring pc applevisionpro crazy wow URL,49,0,17949,0.0028027105145156,0.0254689641296863,0.9717283248901368,0.9717283248901368,0.9689256143756212,Positive
1757162628198097075,2024-02-12T13:59:51Z,2024-02-12,13,Monday,i_set_trends,Make a Play (Prod By.That’sBroFromChicago) #fypシ #AppleVisionPro #Applemusic #producer #MusicProducer #Beatstars #unsignedartist #UnsignedTalent #goodvibes #Psvita #applepay #CashApp #Hustle #ContentCreator #90s #anime #animation https://t.co/mlWQEm0iaC,make play prod sbrofromchicago fypシ applevisionpro applemusic producer musicproducer beatstars unsignedartist unsignedtalent goodvibes psvita applepay cashapp hustle contentcreator anime animation URL,1,0,184,0.0060793873853981,0.4787720739841461,0.5151485800743103,0.5151485800743103,0.5090691926889122,Positive
1757119948118454529,2024-02-12T11:10:15Z,2024-02-12,11,Monday,jaanojunction,AI imagined how people in India would react to Apple Vision Pro 🤩 #VisionPro #AppleVisionPro @Apple @tim_cook #jaanojunction https://t.co/85GxwfnCuk,ai imagined people india would react apple vision pro visionpro applevisionpro USER USER jaanojunction URL,2,0,114,0.0027919397689402,0.1411600857973098,0.8560479283332825,0.8560479283332825,0.8532559885643423,Positive
1757100092140683325,2024-02-12T09:51:21Z,2024-02-12,9,Monday,aeqabhi,🥲🥲 #AppleVisionPro #TechNews #Memes https://t.co/TTfebitcuO,applevisionpro technews meme URL,1,0,90,0.006227574776858,0.1946421265602111,0.7991302609443665,0.7991302609443665,0.7929026861675084,Positive
1757080641831641522,2024-02-12T08:34:04Z,2024-02-12,8,Monday,666xdeep,"Honestly, placing a food order in a floating window was helpful for my anxiety when ordering #AppleVisionPro https://t.co/OJnIQP53hY",honestly placing food order floating window helpful anxiety ordering applevisionpro URL,0,0,37,0.0141900908201932,0.2004340440034866,0.7853758335113525,0.7853758335113525,0.7711857426911592,Positive
1757055939956400258,2024-02-12T06:55:55Z,2024-02-12,6,Monday,thatdudesito,#qqq ripps I’m going buy 2x #AppleVisionPro 🫡,qqq ripps going buy applevisionpro,0,0,23,0.0167726892977952,0.6152410507202148,0.367986261844635,0.6152410507202148,0.3512135725468397,Neutral
1757038374303535229,2024-02-12T05:46:07Z,2024-02-12,5,Monday,esportsprocurso,"La semana pasada os preguntábamos si creíais que las #AppleVisionPro podían ser un punto de inflexión para las industrias del #gaming y los #esports. La gran mayoría habéis contestado afirmativamente, pero nos sorprende que un 25%, 1 de cada 4, todavía no ve a este dispositivo de @Apple como un ""Game Changer"" en el sector. Parece que a la compañía de la manzana le queda camino por delante para convencer a los gamers.",la semana pasada o preguntábamos si creíais que la applevisionpro podían ser un punto de inflexión para la industrias del gaming los esports la gran mayoría habéis contestado afirmativamente pero no sorprende que un NUMBER NUMBER de cada NUMBER todavía este dispositivo de USER como un game changer en el sector parece que la compañía de la manzana le queda camino por delante para convencer los gamers,0,0,84,0.0568166114389896,0.7387358546257019,0.2044475078582763,0.7387358546257019,0.1476308964192867,Neutral
1757026087731666968,2024-02-12T04:57:17Z,2024-02-12,4,Monday,theuxda,What might the future of banking look like? #fintech #bankingai #ai #applevisionpro #visionpro #spatialcomputing #spatialbanking #vr #ar #design #finance #banking https://t.co/VoG2TZE9pp,might future banking look like fintech bankingai ai applevisionpro visionpro spatialcomputing spatialbanking vr ar design finance banking URL,1,0,133,0.0176637843251228,0.8038002252578735,0.1785359382629394,0.8038002252578735,0.1608721539378166,Neutral
1757001324237930600,2024-02-12T03:18:53Z,2024-02-12,3,Monday,here4_netvrk,"Remember the Metaverse bullrun, around when Fb changed their name to Meta? I believe the #AppleVisionPro will be the thing we need for another run. It’s only a matter of when… $NetVR 🚀 $imx $sand $mana $gala $ape $enj $ilv $sfund $pyr $wild $uos $vra",remember metaverse bullrun around fb changed name meta believe applevisionpro thing need another run matter netvr imx sand mana gala ape enj ilv sfund pyr wild uos vra,4,0,476,0.0025180010125041,0.0576063506305217,0.939875602722168,0.939875602722168,0.937357601709664,Positive
1756995479018020922,2024-02-12T02:55:40Z,2024-02-12,2,Monday,okeytoogame,Our website is officially online.🥳 Connect your wallet and check out the gameplay. Let's take a look at the Okeytoo world. 👀 🌐https://t.co/TplBRwl5SI #Arbitrum #arb #AppleVisionPro https://t.co/J6JXmDG8OO,website officially connect wallet check gameplay let take look okeytoo world URL arbitrum arb applevisionpro URL,37,21,1052,0.0012111772084608,0.0743710249662399,0.9244177937507628,0.9244177937507628,0.923206616542302,Positive
1756978521027539444,2024-02-12T01:48:17Z,2024-02-12,1,Monday,httech,"Discover a budget-friendly alternative to the #AppleVisionPro with the XREAL Air 2 Pro, offering advanced features at a more accessible price. https://t.co/EomahNoiRj",discover alternative applevisionpro xreal air NUMBER pro offering advanced feature accessible price URL,2,2,2107,0.0020832582376897,0.0960979685187339,0.9018187522888184,0.9018187522888184,0.8997354940511286,Positive
1756843697881375067,2024-02-11T16:52:32Z,2024-02-11,16,Sunday,justrogdigitec,"So I actually agree that the #AppleVisionPro killer use case is spatial video. But that just implies a 1300 device with similar display and meta material lenses could be cheaper, lighter and superior in that role. AVP offers a large tax for features you don’t need for media.",actually agree applevisionpro killer use case spatial video implies NUMBER device similar display meta material lens could cheaper lighter superior role avp offer large tax feature need medium,0,0,215,0.214976966381073,0.4969454407691955,0.288077563047409,0.4969454407691955,0.073100596666336,Neutral
1756793486517702934,2024-02-11T13:33:01Z,2024-02-11,13,Sunday,trentv11182,Check out Kush Papi 🍍🍓🍇🍉's video! #TikTok #future #technology #AppleVisionPro https://t.co/9iG1lGQUUa,check kush papi video tiktok future technology applevisionpro URL,0,0,22,0.0025637487415224,0.1887853294610977,0.8086509108543396,0.8086509108543396,0.8060871621128172,Positive
1756694327785378263,2024-02-11T06:59:00Z,2024-02-11,6,Sunday,vrspace,"We are entering a new era of computer technology. Mixed reality, spatial computing, layered environments, artificial intelligence. The possibilities are endless. For business, education, training, simulation. #mixedreality #MetaQuest3 #AppleVisionPro https://t.co/eh71mxjdFD",entering new era computer technology mixed reality spatial computing layered environment artificial intelligence possibility endless business education training simulation mixedreality applevisionpro URL,2,0,118,0.003082484472543,0.0654069483280181,0.9315105080604552,0.9315105080604552,0.9284280235879124,Positive
1756668521411379422,2024-02-11T05:16:27Z,2024-02-11,5,Sunday,crypto_peter87,Just tried the #AppleVisionPro having not tried VR since the vive. My review: Resolution 10/10 Pass through 9/10 Sound 7/10 Overall holy shit factor 10/10 Any other #CryptoCommunity try it out?,tried applevisionpro tried vr since vive review resolution NUMBER NUMBER pas NUMBER NUMBER sound NUMBER NUMBER overall holy shit factor NUMBER NUMBER cryptocommunity try,0,0,58,0.0100610544905066,0.0965507850050926,0.8933880925178528,0.8933880925178528,0.8833270380273461,Positive
1756655546399346761,2024-02-11T04:24:54Z,2024-02-11,4,Sunday,zachdottokyo,"The eye-tracking in the Vision Pro is next level. You don’t need to use arrows or gestures to move the cursor around. You literally just look at an icon to highlight it, then touch your fingers together to click. #AppleVisionPro",vision pro next level need use arrow gesture move cursor around literally look icon highlight touch finger together click applevisionpro,1,0,63,0.0066282316111028,0.1014150381088256,0.8919567465782166,0.8919567465782166,0.8853285149671137,Positive
1756647762181886057,2024-02-11T03:53:58Z,2024-02-11,3,Sunday,tejash_24,Apple Vision Pro: Reality Check #AppleVisionPro A thread 🧵 on its Tech Price Value for money Reactions from tech celebs Is it worth buying NOW? https://t.co/DUjggPDT8x,apple vision pro reality check applevisionpro thread tech price value money reaction tech celebs worth buying URL,1,0,113,0.007595136296004,0.6412492990493774,0.3511556088924408,0.6412492990493774,0.3435604725964367,Neutral
1756608614876217356,2024-02-11T01:18:24Z,2024-02-11,1,Sunday,yagorochaalvz,Jar Jar ya usaba las #AppleVisionPro en 1997 https://t.co/NBxW7G7WOP,jar jar ya usaba la applevisionpro en NUMBER URL,0,0,49,0.0086989849805831,0.881610631942749,0.1096903830766677,0.881610631942749,0.1009913980960846,Neutral
1756559952766714142,2024-02-10T22:05:02Z,2024-02-10,22,Saturday,abhaybansa2716,"Sunday bhi Busy? Agar nhi ho toh Checkout my new Video 📽️ Video link: https://t.co/bR6BvONUJK Aapke like 👍 ke bine mera video adhoora hai🫶 #AppleVisionPro, #MetaQuest3, #VisionPro, #Quest3, #AppleVRHeadset, #VR, #Quest2, #MetaQuest3VsAppleVisionPro, #Quest3VsVisionPro https://t.co/EmUSvNeBnV",sunday bhi busy agar nhi ho toh checkout new video video link URL aapke like ke bine mera video adhoora applevisionpro visionpro applevrheadset vr URL,2,0,151,0.010656988248229,0.7437372803688049,0.2456057518720626,0.7437372803688049,0.2349487636238336,Neutral
1756543586470916265,2024-02-10T21:00:00Z,2024-02-10,21,Saturday,amandealshunter,Unlock the Future with Apple Vision Pro! 🚀 Immerse yourself in groundbreaking technology at 10% off! Discount Code 👉 https://t.co/F7jVElqcTf &gt;&gt; Grab your chance now! 🍏💻 #AppleVisionPro #TechDiscount #Innovation https://t.co/5K0BoYH7mv,unlock future apple vision pro immerse groundbreaking technology NUMBER discount code URL gt gt grab chance applevisionpro techdiscount innovation URL,0,0,51,0.0017761633498594,0.0424797981977462,0.955743968486786,0.955743968486786,0.9539678051369264,Positive
1756496832895619210,2024-02-10T17:54:13Z,2024-02-10,17,Saturday,thequantofx,Dr Marvin Minsky created the first VR headset in 1960s #AppleVisionPro #marvinminsky #mit https://t.co/kDX0A9wJo3,dr marvin minsky created first vr headset applevisionpro marvinminsky mit URL,0,0,3,0.0045844172127544,0.6988072395324707,0.2966083884239197,0.6988072395324707,0.2920239712111652,Neutral
1756484956745007574,2024-02-10T17:07:02Z,2024-02-10,17,Saturday,creativejace,The Joshua Tree #AppleVisionPro environment feels so immersive https://t.co/5mAKh4PcyX,joshua tree applevisionpro environment feel immersive URL,5,0,331,0.002656657481566,0.0324866771697998,0.9648566842079164,0.9648566842079164,0.9622000267263502,Positive
1756471639833805268,2024-02-10T16:14:07Z,2024-02-10,16,Saturday,tashita06,Hasta ahora tuve tiempo de ver unboxing de #AppleVisionPro … 😍 ¡Y ishhh Mae la belleza!,hasta ahora tuve tiempo de ver unboxing de applevisionpro ishhh mae la belleza,0,0,35,0.0021841970738023,0.0323936380445957,0.9654221534729004,0.9654221534729004,0.963237956399098,Positive
1756455755685753095,2024-02-10T15:11:00Z,2024-02-10,15,Saturday,myotherme100,"Discover the future of connectivity with #AppleVisionPro. Apple's first spatial computer lets you stay engaged with the world around you, even as you dive into your digital space. Navigate effortlessly with your eyes, hands, and voice. #SpatialComputing #Innovation",discover future connectivity applevisionpro apple first spatial computer let stay engaged world around even dive digital space navigate effortlessly eye hand voice spatialcomputing innovation,1,0,39,0.0030949069187045,0.0961086377501487,0.9007965326309204,0.9007965326309204,0.8977016257122159,Positive
1756432811475476921,2024-02-10T13:39:49Z,2024-02-10,13,Saturday,kfcurtin,Live from Super Bowl LVIII - @SNICKERS x Apple Vision Pro AR experience by @blippar x @marsagency 🏈 #AppleVisionPro #VisionPro #superbowl https://t.co/zZl8FiEWCN,live super bowl lviii USER x apple vision pro ar experience USER x USER applevisionpro visionpro superbowl URL,51,321,1561,0.0026193596422672,0.5866707563400269,0.410709947347641,0.5866707563400269,0.4080905877053737,Neutral
1756411498539237420,2024-02-10T12:15:08Z,2024-02-10,12,Saturday,cesarazmitia,"Los #AppleVisionPro llegó a las tiendas de conveniencia de tu colonia. Gracias @tim_cook por hacer de la tecnología, algo tan accesible. #ElSalvador https://t.co/yhm4KuaJZG",los applevisionpro llegó la tiendas de conveniencia de tu colonia gracias USER por hacer de la tecnología algo tan accesible elsalvador URL,0,1,94,0.0043281354010105,0.1272619217634201,0.8684099316596985,0.8684099316596985,0.864081796258688,Positive
1756400843497349126,2024-02-10T11:32:48Z,2024-02-10,11,Saturday,daniel_kraft,@Scobleizer have you tried this yet? #AppleVisionPro inflight is a delight ✈️,USER tried yet applevisionpro inflight delight,2,0,321,0.0018992356490343,0.012860195711255,0.9852405786514282,0.9852405786514282,0.9833413430023938,Positive
1756388105454522578,2024-02-10T10:42:11Z,2024-02-10,10,Saturday,manuel_kehl,"My mini calendar at-a-glance app for #AppleVisionPro is almost ready 🚀 ✈️Please join the #TestFlight and let me know what you think: https://t.co/xp5LqnWK38 🍿The demo video below shows an example day time laps (note, how the color fades in when the event gets closer 🤓) https://t.co/oQCbiypCNj",mini calendar app applevisionpro almost ready join testflight let know think URL demo video show example day time lap note color fade event get closer URL,11,2,2460,0.0017867139540612,0.1729136556386947,0.8252996206283569,0.8252996206283569,0.8235129066742957,Positive
1756349061571956871,2024-02-10T08:07:02Z,2024-02-10,8,Saturday,melonelaw,Tune in to an enlightening episode of The Business Blueprint Podcast where we explore the intersection of technology and commerce! Listen on @Apple Podcasts to stay ahead and gain a competitive edge in the business world. https://t.co/7ZDrUDliPi #AppleVisionPro#Innovation https://t.co/ehqnkKXJPF,tune enlightening episode business blueprint podcast explore intersection technology commerce listen USER podcasts stay ahead gain competitive edge business world URL applevisionpro innovation URL,1,0,14,0.00173794652801,0.0725051611661911,0.9257568717002868,0.9257568717002868,0.9240189251722768,Positive
1756339727886663945,2024-02-10T07:29:56Z,2024-02-10,7,Saturday,asychov,"Apple has dropped a new trailer for Immersive #AppleTV experiences. This trailer showcases what’s to come soon and it is mind blowing. Entertainment will never be the same again. Sports, concerts, wild life and more 🔥 Watch it NOW if you own #AppleVisionPro https://t.co/vzQfLw2sXb",apple dropped new trailer immersive appletv experience trailer showcase come soon mind blowing entertainment never sport concert wild life watch applevisionpro URL,313,19,48421,0.0032153571955859,0.0317307077348232,0.9650539755821228,0.9650539755821228,0.9618386183865368,Positive
1756333251302465766,2024-02-10T07:04:12Z,2024-02-10,7,Saturday,imatteo_pau,Io che mi dirigerò all’AppleStore non appena uscirà in Italia l’#AppleVisionPro nonostante non abbia una lira: https://t.co/7EhKN4MEIw,io che mi dirigerò applestore non appena uscirà italia l applevisionpro nonostante non abbia una lira URL,54,0,2168,0.0404289960861206,0.8386115431785583,0.120959497988224,0.8386115431785583,0.0805305019021034,Neutral
1756311968116363749,2024-02-10T05:39:38Z,2024-02-10,5,Saturday,asychov,Testing max FOV mod on #AppleVisionPro. 🤔 More thoughts in my upcoming review ➡️ https://t.co/KHBXkIpLSR https://t.co/3EOcGVtRAI,testing max fov mod applevisionpro thought upcoming review URL URL,18,0,971,0.0079210503026843,0.8466648459434509,0.1454141587018966,0.8466648459434509,0.1374931083992123,Neutral
1756304770300887366,2024-02-10T05:11:02Z,2024-02-10,5,Saturday,beleldebojit,@SteveFlanders22 @tycoonmindset05 #AppleVisionPro is 1000X times best than #chatgpt #Ai,USER USER applevisionpro time best chatgpt ai,0,0,34,0.0036288534756749,0.019766379147768,0.9766047596931458,0.9766047596931458,0.9729759062174708,Positive
1756298727403225268,2024-02-10T04:47:01Z,2024-02-10,4,Saturday,naseri_sl,Everybody is hyped about #AppleVisionPro . But don't forget to check out @brilliantlabsAR 's #frame . These AR glasses are straight out of future. Just sayin... #future #technology #ar,everybody hyped applevisionpro forget check USER frame ar glass straight future sayin future technology ar,0,0,37,0.0018180588958784,0.0377851873636245,0.9603967070579528,0.9603967070579528,0.9585786481620744,Positive
1756296462772658485,2024-02-10T04:38:01Z,2024-02-10,4,Saturday,eduherranz,Esta tarde a las 19 horas con nuestro amigo @jcfmunoz hablamos largo y tendido sobre las sensaciones que tenemos tras una semanita trasteando con las #AppleVisionPro,esta tarde la NUMBER horas con nuestro amigo USER hablamos largo tendido sobre la sensaciones que tenemos tras una semanita trasteando con la applevisionpro,5,0,368,0.0101228123530745,0.7325940728187561,0.2572831213474273,0.7325940728187561,0.2471603089943528,Neutral
1756261543153484016,2024-02-10T02:19:16Z,2024-02-10,2,Saturday,restfett,"Das gleiche Problem schon bei der PSVR 2… Wenn VR massentauglich werden soll, dann gebt den Menschen endlich Pornos! 😭 🍾🎇 #AppleVisionPro #taylorswif #podcast #deutsch #vr #hype #vrporn #spotify #restfett https://t.co/tX9nAN2rKI",da gleiche problem schon bei der psvr NUMBER wenn vr massentauglich werden soll dann gebt den menschen endlich porno applevisionpro taylorswif podcast deutsch vr hype vrporn spotify restfett URL,1,0,118,0.0045670447871088,0.0727394968271255,0.922693371772766,0.922693371772766,0.9181263269856572,Positive
1756248924405276683,2024-02-10T01:29:07Z,2024-02-10,1,Saturday,pierre80remy,@Beligerum @_BenjaminCornu_ sans hésitation! #AppleVisionPro https://t.co/NsZO9lZhuk,USER USER sans hésitation applevisionpro URL,0,0,64,0.0060178977437317,0.5305997729301453,0.4633823335170746,0.5305997729301453,0.4573644357733428,Neutral
1756229858991235354,2024-02-10T00:13:22Z,2024-02-10,0,Saturday,j4strngr,@1000xgirl Spatial NFT’s #applevisionpro #Solana,USER spatial nft applevisionpro solana,0,0,10,0.0069622308947145,0.8207907676696777,0.172247052192688,0.8207907676696777,0.1652848212979734,Neutral
1756216774671127021,2024-02-09T23:21:22Z,2024-02-09,23,Friday,miiraku2023,"Awesome! 👏 With the #AppleVisionPro, a female artist draw a #dragon literally in the air. A futuristic artifact!",awesome applevisionpro female artist draw dragon literally air futuristic artifact,0,0,153,0.0024268019478768,0.0178719963878393,0.9797011613845824,0.9797011613845824,0.9772743594367056,Positive
1756192191603449931,2024-02-09T21:43:41Z,2024-02-09,21,Friday,iutkarsh077,Apple vision pro is awesome #awesome #AppleVisionPro,apple vision pro awesome awesome applevisionpro,0,0,41,0.0030182376503944,0.0082858707755804,0.9886958599090576,0.9886958599090576,0.9856776222586632,Positive
1756172210014650585,2024-02-09T20:24:17Z,2024-02-09,20,Friday,sriloy,"Mixed Reality, Mixed Feelings: Dizzying? Pain in the neck? Numb Patch on head? Read on. #AppleVisionPro #VRFirstLook #FutureTech Apple's Vision Pro, launched just last week, promises to usher in a new era of spatial computing. Intrigued, I headed to my local Apple Store for a hands-on demo, eager to see if this revolutionary device lives up to the hype. And live up it did, at least initially. The visuals were stunning, the 3D space around me felt tangible, and placing virtual apps in my physical environment was pure magic. Reading in a floating window, browsing the web seamlessly integrated into my surroundings, and capturing memories in 3D - these were experiences unlike anything I'd ever had. However, the honeymoon phase ended abruptly. The weight of the headset became noticeable after just 30 minutes, causing neck strain and fatigue. Even more concerning was the dizziness that lingered for 15 minutes after taking it off. The pressure from the headset also left a numb patch on my head, and my eyes felt strained despite using the provided prescription attachments. While these limitations make me hesitant to envision myself using the Vision Pro in its current state, its potential is undeniable. The way it manipulated my senses, even tricking me into looking for a virtual window after taking it off, was fascinating. This tech has the power to reshape how we interact with the world, but it needs significant refinement before becoming truly mainstream. #visionpro #apple #applestore #AI #AR #spatialcomputing #Sneakpeakinfuture @Apple @JoannaStern @MKBHD @WVFRM @cleoabram @markgurman @CNET @TechCrunch",mixed reality mixed feeling dizzying pain neck numb patch head read applevisionpro vrfirstlook futuretech apple vision pro launched last week promise usher new era spatial computing intrigued headed local apple store demo eager see revolutionary device life hype live least initially visuals stunning space around felt tangible placing virtual apps physical environment pure magic reading floating window browsing web seamlessly integrated surroundings capturing memory experience unlike anything ever however honeymoon phase ended abruptly weight headset became noticeable NUMBER minute causing neck strain fatigue even concerning dizziness lingered NUMBER minute taking pressure headset also left numb patch head eye felt strained despite using provided prescription attachment limitation make hesitant envision using vision pro current state potential undeniable way manipulated sens even tricking looking virtual window taking fascinating tech power reshape interact world need significant refinement becoming truly mainstream visionpro apple applestore ai ar spatialcomputing sneakpeakinfuture USER USER USER USER USER USER USER USER,0,0,100,0.0873598679900169,0.5242272615432739,0.3884128928184509,0.5242272615432739,0.301053024828434,Neutral
1756170230727053342,2024-02-09T20:16:25Z,2024-02-09,20,Friday,3gangtech,"Boat Unveils Lunar Link Smartwatch with 1.4"" Display, Bluetooth Calling &amp; 7-Day Battery Life #Boat #Apple #AppleVisionPro #TechNews #TechInnovation https://t.co/2fvQYosj3e",boat unveils lunar link smartwatch NUMBER display bluetooth calling amp NUMBER battery life boat apple applevisionpro technews techinnovation URL,1,0,27,0.0033667120151221,0.3075162470340729,0.6891170740127563,0.6891170740127563,0.6857503619976342,Positive
1756102282738106503,2024-02-09T15:46:25Z,2024-02-09,15,Friday,xquantum_ghostx,"Bro. Now people can, and will, drive with #AppleVisionPro on their heads...",bro people drive applevisionpro head,0,0,53,0.0723880156874656,0.6018059849739075,0.3258059620857239,0.6018059849739075,0.2534179463982582,Neutral
1756098276414345577,2024-02-09T15:30:30Z,2024-02-09,15,Friday,grinch_ng,🚨Breaking🚨 Pentagon’s ex UFO chief silenced from revealing ‘alien’ secrets and calls for release of ‘bombshell’ files - report Year of the Dragon 2024 #grinchisthetrend #ChineseNewYear #LunarNewYear #china $GRINCH $GME $TRIAS #AppleVisionpro #ripple $PORK #yearofthedragon $DYM $LINK $BMX $RON #fridayvibes #tuckercarlson #chinesenewyear2024,pentagon ex ufo chief silenced revealing alien secret call release bombshell file report year dragon NUMBER grinchisthetrend chinesenewyear lunarnewyear china grinch gme trias applevisionpro ripple pork yearofthedragon dym link bmx ron fridayvibes tuckercarlson,6,4,303,0.1441867500543594,0.8219423294067383,0.0338709466159343,0.8219423294067383,-0.110315803438425,Neutral
1756098224736108671,2024-02-09T15:30:18Z,2024-02-09,15,Friday,subleminel,nerd not super nerdio yet though #AppleVisionPro,nerd super nerdio yet though applevisionpro,0,0,89,0.0241794418543577,0.6922509074211121,0.2835696637630462,0.6922509074211121,0.2593902219086885,Neutral
1756078547943215372,2024-02-09T14:12:06Z,2024-02-09,14,Friday,mmariposa31,Así estamos en #puertorico #pepemujica #uruguay #quotes #quotesoftheday #AppleVisionPro #Chile #DiaDelPeriodista https://t.co/PCHtjS12nQ,así estamos en puertorico pepemujica uruguay quote quotesoftheday applevisionpro chile diadelperiodista URL,0,0,88,0.0127255860716104,0.8363355398178101,0.1509388238191604,0.8363355398178101,0.13821323774755,Neutral
1756069523180909017,2024-02-09T13:36:15Z,2024-02-09,13,Friday,kacperbartoszak,"What in a black mirror is that?! AR + AI GF = ULTIMATE ADDICTION Flat screens don't make AI friends feel real, but #AppleVisionPro is different AI companions will gradually become a part of our lives - tailored, always happy, and useful Do ordinary humans even stand a chance? https://t.co/yr2bB30pRg",black mirror ar ai gf ultimate addiction flat screen make ai friend feel real applevisionpro different ai companion gradually become part life tailored always happy useful ordinary human even stand chance URL,10,3,774,0.1350261270999908,0.4105941653251648,0.4543796479701996,0.4543796479701996,0.3193535208702087,Positive
1756022652425109551,2024-02-09T10:30:00Z,2024-02-09,10,Friday,mymobile_india,"Apple Vision Pro Launch: Pre-orders To Start Shipping Soon, Collaboration with ZEISS, and More Read here: https://t.co/lFUoxt2P48 #apple #applevisionpro #visionpropreorders #zeisslens #appleusers #technews #mymobileindia https://t.co/2P6SOjA009",apple vision pro launch start shipping soon collaboration zeiss read URL apple applevisionpro visionpropreorders zeisslens appleusers technews mymobileindia URL,0,0,63,0.0033785551786422,0.5507298707962036,0.4458915889263153,0.5507298707962036,0.442513033747673,Neutral
1755966386143207587,2024-02-09T06:46:25Z,2024-02-09,6,Friday,filippyrek,It's always good to have a world-class iOS developer friend 🇮🇹🍝🚀🍏 @pietro_messineo (especially when you are from Europe where they don't sell these shiny new goggles) #AppleVisionPro https://t.co/XQEQ5jyu98,always good io developer friend USER especially europe sell shiny new goggles applevisionpro URL,11,0,1074,0.0032692099921405,0.0203078649938106,0.9764229655265808,0.9764229655265808,0.9731537555344404,Positive
1755952690998501752,2024-02-09T05:52:00Z,2024-02-09,5,Friday,skarredghost,"Vision Pro: What’s Real, What’s Hype and What’s Plain Dangerous https://t.co/3V0EfhJkxO #VirtualReality #Apple #AppleVisionPro",vision pro real hype plain dangerous URL virtualreality apple applevisionpro,4,3,645,0.035730842500925,0.8121281266212463,0.1521410346031189,0.8121281266212463,0.1164101921021938,Neutral
1755945896380956672,2024-02-09T05:25:00Z,2024-02-09,5,Friday,kenvinwhise,Thoughts? 🤔 #applevisionpro #apple #public #tech #vr https://t.co/luzmJPZlnJ,thought applevisionpro apple public tech vr URL,0,0,442,0.0210438948124647,0.9030411839485168,0.0759148746728897,0.9030411839485168,0.0548709798604249,Neutral
1755925005290934457,2024-02-09T04:01:59Z,2024-02-09,4,Friday,igeeksblog,Unlock the magic of your Apple Vision Pro! 🔥 Capture and share your immersive experiences with a screenshot or video. 😎 Learn how to seamlessly display your virtual and real-world views. Check Out: https://t.co/4LNNZzgVYI #AppleVisionPro #VisionPro https://t.co/jNxDq8a7ib,unlock magic apple vision pro capture share immersive experience screenshot video learn seamlessly display virtual view check URL applevisionpro visionpro URL,3,0,456,0.0019813934341073,0.0711264461278915,0.9268922209739684,0.9268922209739684,0.9249108275398612,Positive
1755919144027836839,2024-02-09T03:38:41Z,2024-02-09,3,Friday,deepsearchlabs,Reviews remain mixed on the #AppleVisionPro . Many praise advanced capabilities &amp; glimpse into computing's future. But high costs &amp; constrained functionality versus traditional glasses leave some underwhelmed. #TechReviews #ARExperience #FutureTech #CostAnalysis,review remain mixed applevisionpro many praise advanced capability amp glimpse computing future high cost amp constrained functionality versus traditional glass leave underwhelmed techreviews arexperience futuretech costanalysis,0,0,17,0.3966874480247497,0.4699800908565521,0.1333324462175369,0.4699800908565521,-0.2633550018072128,Neutral
1755918938309849587,2024-02-09T03:37:52Z,2024-02-09,3,Friday,massiotgeek,#Apple a-t-il créé un monstre dépourvu de cerveau 🧠 ?... …“dépourvu de cerveau !“ mais pour combien de temps ?... 🤔 #AppleVisionPro https://t.co/SS9qWvStHO,apple créé un monstre dépourvu de cerveau dépourvu de cerveau mais pour combien de temp applevisionpro URL,0,0,40,0.0643732845783233,0.8892523050308228,0.0463743954896926,0.8892523050308228,-0.0179988890886306,Neutral
1755917113145827660,2024-02-09T03:30:37Z,2024-02-09,3,Friday,creativenews_io,How can the new Apple Vision Pro's AR capabilities transform your brand's marketing strategies? #Innovation #AppleVisionPro https://t.co/B5fQJYG5TL,new apple vision pro ar capability transform brand marketing strategy innovation applevisionpro URL,0,0,22,0.0056828055530786,0.3166050314903259,0.6777122020721436,0.6777122020721436,0.6720293965190649,Positive
1755901605403107577,2024-02-09T02:29:00Z,2024-02-09,2,Friday,optofidelity,Unboxing Apple Vision Pro: Jani and Murat unbox the Apple Vision Pro in anticipation of testing its performance with OptoFidelity's BUDDY test system https://t.co/cpQcd532En #applevisionpro #visionprounboxing #unboxingvideo,unboxing apple vision pro jani murat unbox apple vision pro anticipation testing performance optofidelity buddy test system URL applevisionpro visionprounboxing unboxingvideo,5,1,356,0.0041466820985078,0.6249426007270813,0.3709107041358948,0.6249426007270813,0.3667640220373869,Neutral
1755891719143338076,2024-02-09T01:49:43Z,2024-02-09,1,Friday,capefrontier,"The new Apple Vision Pro XR headset's limited release has ignited a scalpers' market, with prices soaring above R100,000. With such high demand, consumers face exorbitant reseller rates worldwide. #AppleVisionPro #XRHeadset #TechScalping https://t.co/RqbJJAyJXe",new apple vision pro xr headset limited release ignited scalper market price soaring NUMBER high demand consumer face exorbitant reseller rate worldwide applevisionpro xrheadset techscalping URL,0,0,31,0.014843713492155,0.3208439946174621,0.6643122434616089,0.6643122434616089,0.6494685299694538,Positive
1755885041459028059,2024-02-09T01:23:11Z,2024-02-09,1,Friday,bennettsal78223,"@rovercrc When Solana's tide ebbs and flows, $VISION by @DogVisionSol remains steadfast. Trust in vision. $VISION $GME $JUP #applevisionpro https://t.co/HnTjNTpjhh",USER solana tide ebb flow vision USER remains steadfast trust vision vision gme jup applevisionpro URL,0,0,38,0.0051774708554148,0.2086508423089981,0.7861717343330383,0.7861717343330383,0.7809942634776235,Positive
1755879713493455076,2024-02-09T01:02:01Z,2024-02-09,1,Friday,clydemoron41157,@yourcryptodj Maintain the @DogVisionSol no matter what. Glad to have you all here on this journey. $VISION $GME $JUP #applevisionpro Something huge is coming. 👸👸👸 https://t.co/Q8MhTwWYxb,USER maintain USER matter glad journey vision gme jup applevisionpro something huge coming URL,3,0,102,0.0019180115777999,0.011365252546966,0.9867167472839355,0.9867167472839355,0.9847987357061356,Positive
1755830583903564162,2024-02-08T21:46:47Z,2024-02-08,21,Thursday,tocodeco,GN friends 🌙 Photo credit @ManekiNekoAIArt ✨ @ArtUniverseApp #AppleVisionPro https://t.co/w4cNqdJP7l,gn friend photo credit USER USER applevisionpro URL,29,3,616,0.0021484461612999,0.1720430105924606,0.825808584690094,0.825808584690094,0.823660138528794,Positive
1755826726515425719,2024-02-08T21:31:27Z,2024-02-08,21,Thursday,downlakesh1394,@VegetaCrypto1 Doubt the $VISION from @DogVisionSol? Just wait and see. It speaks volumes. $VISION $GME $JUP #applevisionpro X: @DogVisionSol https://t.co/omJz8rLkXv,USER doubt vision USER wait see speaks volume vision gme jup applevisionpro x USER URL,0,0,78,0.0599445663392543,0.6574302315711975,0.2826251983642578,0.6574302315711975,0.2226806320250034,Neutral
1755825440885760239,2024-02-08T21:26:21Z,2024-02-08,21,Thursday,varey80635,"@Nebraskangooner Embrace the future with $VISION on #SOLANA, where @DogVisionSol's groundbreaking technology is leading the way. $VISION $GME $JUP #applevisionpro https://t.co/kx3W2a5XBs",USER embrace future vision solana USER groundbreaking technology leading way vision gme jup applevisionpro URL,0,0,144,0.001775512821041,0.0360463708639144,0.9621780514717102,0.9621780514717102,0.9604025386506692,Positive
1755787045010657609,2024-02-08T18:53:47Z,2024-02-08,18,Thursday,chippedlee,The #AppleVisionPro is probably the next step into the fall of man,applevisionpro probably next step fall man,0,0,33,0.3472237288951874,0.5193309783935547,0.1334452778100967,0.5193309783935547,-0.2137784510850906,Neutral
1755762103065956543,2024-02-08T17:14:40Z,2024-02-08,17,Thursday,appleversal,Here’s a TestFlight link to “Persona Studio” by @jordibruin #AppleVisionPro https://t.co/otxla3YFdW,testflight link persona studio USER applevisionpro URL,0,0,165,0.0047317189164459,0.8567444682121277,0.1385238319635391,0.8567444682121277,0.1337921130470931,Neutral
1755759557232529827,2024-02-08T17:04:33Z,2024-02-08,17,Thursday,funnygong,@CryptoTony__ More reason I keep buying $VISION $SOL #applevisionpro #visionpro @DogVisionSol Tg:https://t.co/jKkWA3WwIQ https://t.co/drZ6HwDYFP,USER reason keep buying vision sol applevisionpro visionpro USER tg URL URL,0,0,67,0.0024906697217375,0.0581210367381572,0.9393883347511292,0.9393883347511292,0.9368976650293916,Positive
1755709177672937524,2024-02-08T13:44:22Z,2024-02-08,13,Thursday,lita1yi,"@wizardofsoho @evincowinerydao @KeyboardMonkey3 @sgsand1 @notthreadguy Solana's status may waver, but @DogVisionSol's $VISION stands firm and unwavering. #Solana. $VISION $GME $JUP #applevisionpro https://t.co/z9qC04GtjA",USER USER USER USER USER solana status may waver USER vision stand firm unwavering solana vision gme jup applevisionpro URL,1,0,176,0.0051139784045517,0.2281263321638107,0.7667596340179443,0.7667596340179443,0.7616456556133926,Positive
1769052894861414763,2024-03-16T10:27:32Z,2024-03-16,10,Saturday,unminced__words,These Apple Vision Pro goggles are insane! https://t.co/uOSC40KaLT #AppleVisionPro #VisionPro #VR #Virtualreality #MetaQuest #Quest4Tokens #AppleVision #VisionProGames #StoneyTreasures #StonedGaming #Piss #PeeingGame https://t.co/WVFdqG97ro,apple vision pro goggles insane URL applevisionpro visionpro vr virtualreality metaquest applevision visionprogames stoneytreasures stonedgaming piss peeinggame URL,1,0,86,0.00422142772004,0.0642982572317123,0.9314802885055542,0.9314802885055542,0.927258860785514,Positive
1762466435232842170,2024-02-27T08:15:17Z,2024-02-27,8,Tuesday,newsboxerdotcom,Trending: Content Creator Tests Apple Vision Pro With Pepper Robot https://t.co/Fi2vTPiHzQ #viralvideo #trending #trend #contentcreator #tests #apple #vision #applevisionpro #with #pepper #robot #viralpost #trendingnews #trending2024 #trendingvideo #trendingnow https://t.co/mEwlNrIr5p,trending content creator test apple vision pro pepper robot URL viralvideo trending trend contentcreator test apple vision applevisionpro pepper robot viralpost trendingnews trendingvideo trendingnow URL,0,0,52,0.0047061094082891,0.708771288394928,0.2865225970745086,0.708771288394928,0.2818164876662195,Neutral
1760001546186568153,2024-02-20T13:00:42Z,2024-02-20,13,Tuesday,zouhair91653495,Apple vision pro 2024 https://t.co/k0zaPFysEq #Giveaway #AppleVisionPro #Apple https://t.co/1yJKXfSpRf,apple vision pro NUMBER URL giveaway applevisionpro apple URL,0,0,19,0.0026993977371603,0.2204413414001464,0.7768592834472656,0.7768592834472656,0.7741598857101053,Positive
1759391773074579768,2024-02-18T20:37:41Z,2024-02-18,20,Sunday,curious_ani,"When we were children, our parents literally said to us to sit at a distance to watch television. Now it's on our nose. #AppleVisionPro",child parent literally said u sit distance watch television nose applevisionpro,0,0,11,0.2673854231834411,0.5726377964019775,0.1599768102169037,0.5726377964019775,-0.1074086129665374,Neutral
1758444446159638941,2024-02-16T05:53:20Z,2024-02-16,5,Friday,latestly,"Apple Vision Pro Complaints: Users Line Up To Return Apple’s Mixed Reality Headset After Facing Headache, Vision Problems, Motion Sickness and Other Problems #AppleVisionPro #VisionPro #AppleVisionProComplaint #MixedReality #VRHeadset https://t.co/COHKSiiRAD",apple vision pro complaint user line return apple mixed reality headset facing headache vision problem motion sickness problem applevisionpro visionpro applevisionprocomplaint mixedreality vrheadset URL,0,0,135,0.6311606764793396,0.3461686074733734,0.0226707328110933,0.6311606764793396,-0.6084899436682463,Negative
1757679628397994023,2024-02-14T03:14:14Z,2024-02-14,3,Wednesday,im_ark167,Community Notes violated Lmao! #AppleVisionPro #AppleVision,community note violated lmao applevisionpro applevision,0,0,54,0.5232551097869873,0.3449296355247497,0.1318152546882629,0.5232551097869873,-0.3914398550987243,Negative
1755683210686558380,2024-02-08T15:01:11Z,2024-02-08,15,Thursday,robloxfree1123,Apple Vision Pro GIVEAWAY Join our international giveaway for a chance to win Apple Vision Pro! Follow Sign up with your email on Rokid website https://t.co/FX8brV89eR tag 2 friends . Good luck! #AppleVisionPro #Giveaway https://t.co/HNnymPoOZo,apple vision pro giveaway join international giveaway chance win apple vision pro follow sign email rokid website URL tag NUMBER friend good luck applevisionpro giveaway URL,1,0,119,0.0015003902371972,0.0359043702483177,0.9625951647758484,0.9625951647758484,0.9610947745386512,Positive
1755679650548793562,2024-02-08T14:47:02Z,2024-02-08,14,Thursday,golgoth_1975,C'est une contagion... tous accros 🫥 #applevisionpro #apple https://t.co/aNnggUC40B,une contagion tous accros applevisionpro apple URL,1,1,289,0.3022235333919525,0.6333219408988953,0.0644545704126358,0.6333219408988953,-0.2377689629793167,Neutral
1755678497270292897,2024-02-08T14:42:27Z,2024-02-08,14,Thursday,varey80635,"@CryptoGodJohn Elevate your expectations with $VISION on #SOLANA, as @DogVisionSol continues to push the boundaries of what's possible. $VISION $GME $JUP #applevisionpro https://t.co/g9RklHhLO9",USER elevate expectation vision solana USER continues push boundary possible vision gme jup applevisionpro URL,1,0,75,0.0018647416727617,0.0349766425788402,0.9631586670875548,0.9631586670875548,0.9612939254147932,Positive
1755677433955779008,2024-02-08T14:38:13Z,2024-02-08,14,Thursday,rokinife,This is the most entertaining time in tech ever 😂 .. thanks to #AppleVisionPro @appltrack @jon_prosser https://t.co/mWrp5EpC0d,entertaining time tech ever thanks applevisionpro USER USER URL,2,0,221,0.0017266515642404,0.0091404961422085,0.989132821559906,0.989132821559906,0.9874061699956656,Positive
1755668313676382301,2024-02-08T14:01:59Z,2024-02-08,14,Thursday,disruptores_inn,"""La era de la computación espacial: un futuro aún distante"" es el título de la columna de Pablo Ortega desde Los Ángeles (California) esta semana. 👀 No te la puedes perder #AmericaTech🌎 #AppleVisionPro #EEUU https://t.co/OROqm5K1CP",la era de la computación espacial un futuro aún distante e el título de la columna de pablo ortega desde los ángeles california esta semana te la puedes perder applevisionpro eeuu URL,0,0,134,0.017328692600131,0.7909945845603943,0.1916767954826355,0.7909945845603943,0.1743481028825044,Neutral
1755643146673770674,2024-02-08T12:21:59Z,2024-02-08,12,Thursday,jugonvirtual,¿Queréis comparar #AppleVisionPro con otras gafas ? Empezamos: https://t.co/dctCOYlTH4,comparar applevisionpro con otras gafas empezamos URL,10,2,738,0.023300526663661,0.9005378484725952,0.0761616379022598,0.9005378484725952,0.0528611112385988,Neutral
1755634846779535723,2024-02-08T11:49:00Z,2024-02-08,11,Thursday,emma2022jo,Apple eyes a foldable iPhone following Vision Pro launch https://t.co/IT5hq68OFM by @TechCrunch #AppleVisionPro #Apple #AppleVision #applevisiopro #tech #techno #TechNews #TECH4ALL #VisionPro #Technologies #TechNews,apple eye foldable iphone following vision pro launch URL USER applevisionpro apple applevision applevisiopro tech techno technews visionpro technology technews,0,0,47,0.0031918808817863,0.2716766893863678,0.7251314520835876,0.7251314520835876,0.7219395712018013,Positive
1755633976579068190,2024-02-08T11:45:32Z,2024-02-08,11,Thursday,erickmilanpunto,Vision Pro 🕶 Los nuevos Apple Vision Pro están revolucionando la forma en que experimentamos la realidad aumentada.😎🦾 #AppleVisionPro #RealidadAumentada #Innovación #erickmilán ¿Crees que Apple Vision Pro cambiará la forma en que interactuamos con la tecnología?,vision pro los nuevos apple vision pro están revolucionando la forma en que experimentamos la realidad applevisionpro realidadaumentada innovación erickmilán que apple vision pro cambiará la forma en que interactuamos con la tecnología,0,0,32,0.0036167055368423,0.2468950748443603,0.7494882345199585,0.7494882345199585,0.7458715289831161,Positive
1755631051299238055,2024-02-08T11:33:55Z,2024-02-08,11,Thursday,newstorystudio,The Apple Vision Pro could be a teleportation device - an interesting thesis by Cleo Abram. But - as with most tech videos - the political dimension is missing. Perhaps tech is not the best answer to rising isolation... https://t.co/KfhIlX1903 #AppleVisionPro,apple vision pro could teleportation device interesting thesis cleo abram tech video political dimension missing perhaps tech best answer rising isolation URL applevisionpro,0,0,94,0.2292379140853881,0.6532960534095764,0.1174659878015518,0.6532960534095764,-0.1117719262838363,Neutral
1755626094487646635,2024-02-08T11:14:13Z,2024-02-08,11,Thursday,mpaxcom,"Thank you, #AppleVisionPro, for making our lives easier by introducing #wearables to the mainstream! Follow #MetaPax and discover how #smartglasses paired with #livestreaming can become your main source of income! #POV #handsfree #content #monetization",thank applevisionpro making life easier introducing wearable mainstream follow metapax discover smartglasses paired livestreaming become main source income pov handsfree content monetization,9,2,1521,0.0016314106760546,0.0166014283895492,0.9817671179771424,0.9817671179771424,0.9801357073010876,Positive
1755611239450054675,2024-02-08T10:15:11Z,2024-02-08,10,Thursday,trekmovie,ICYMI: ‘The Archive’ Star Trek Spatial Experience Released For Apple Vision Pro #startrek #applevisionpro #roddenberry https://t.co/SXyVwoCqvX,icymi archive star trek spatial experience released apple vision pro startrek applevisionpro roddenberry URL,21,0,1512,0.0033222534693777,0.7563971281051636,0.2402806282043457,0.7563971281051636,0.2369583747349679,Neutral
1755607920585461998,2024-02-08T10:02:00Z,2024-02-08,10,Thursday,realsomethings1,Wow thats cool. #AppleVisionPro,wow thats cool applevisionpro,0,0,7,0.0033326137345284,0.012365092523396,0.984302282333374,0.984302282333374,0.9809696685988456,Positive
1755602161747341351,2024-02-08T09:39:07Z,2024-02-08,9,Thursday,koreuscom,Il adore son Apple Vision Pro #AppleVisionPro https://t.co/Ay9OVi9Kqk,il adore son apple vision pro applevisionpro URL,8,1,1869,0.0037817824631929,0.0685332790017128,0.9276849627494812,0.9276849627494812,0.9239031802862884,Positive
1755594318805422146,2024-02-08T09:07:57Z,2024-02-08,9,Thursday,smartphonesfans,"Apple Vision Pro AR Head Display Unboxing &amp;Hands On, It Cost Me 6500USD!!! #visionpro #applevisionpro https://t.co/owfZL0P4g0 https://t.co/KPTY09SVds",apple vision pro ar head display unboxing amp hand cost visionpro applevisionpro URL URL,4,0,122,0.1427973806858062,0.5923989415168762,0.2648037672042846,0.5923989415168762,0.1220063865184784,Neutral
1755590224036704640,2024-02-08T08:51:41Z,2024-02-08,8,Thursday,davidchow,"Part of me wants @TomCruise to do a viral video using #AppleVisionPro. After all, he started it all, back in 2002's #minorityreport https://t.co/OKCAvVYkok",part want USER viral video using applevisionpro started back NUMBER minorityreport URL,0,0,75,0.0166934169828891,0.3543742001056671,0.6289323568344116,0.6289323568344116,0.6122389398515224,Positive
1755583849134731418,2024-02-08T08:26:21Z,2024-02-08,8,Thursday,nicksak,Cocktails and working on multiple screens while watching movies on the Vision Pro at Centurion Club at Heathrow before heading to Gothenburg. Travel is something entirely different with this tech. #applevisionpro #visionpro #centurionlounge #amex #amexplatinum #americanexpress https://t.co/oDG5qHbrUj,cocktail working multiple screen watching movie vision pro centurion club heathrow heading gothenburg travel something entirely different tech applevisionpro visionpro centurionlounge amex amexplatinum americanexpress URL,2,0,177,0.0031930706463754,0.2964474558830261,0.7003594636917114,0.7003594636917114,0.697166393045336,Positive
1755579199019008245,2024-02-08T08:07:52Z,2024-02-08,8,Thursday,cybersecstl,"After testing the #AppleVisionPro last weekend and returning it, I went against my litmus test when it comes to new technology. When #AppleVisionPro is available at @BestBuy that is when you know the product is mature for mass consumption.",testing applevisionpro last weekend returning went litmus test come new technology applevisionpro available USER know product mature mass consumption,1,0,53,0.0300297141075134,0.268466055393219,0.7015042304992676,0.7015042304992676,0.6714745163917542,Positive
1755550659754271132,2024-02-08T06:14:28Z,2024-02-08,6,Thursday,breakingtech__,Future is bright.🤯 #AppleVisionPro,future applevisionpro,1,1,172,0.0028662923723459,0.0151611398905515,0.9819725751876832,0.9819725751876832,0.9791062828153372,Positive
1755547771367457222,2024-02-08T06:02:59Z,2024-02-08,6,Thursday,sultrasss,Apple vision JK 🤣🤣🤣ukrali joj patent. #AppleVisionPro https://t.co/L60hhGy1aN,apple vision jk joj patent applevisionpro URL,0,0,35,0.0384410209953784,0.53227698802948,0.4292819201946258,0.53227698802948,0.3908408991992473,Neutral
1755547449714716777,2024-02-08T06:01:43Z,2024-02-08,6,Thursday,bl8za_art,I am sorry but the #AppleVisionPro looks too much like a ski mask to be seen walking out in public. It does not look cool and if it didn't have the name #Apple attached to it you wouldn't be seen de@d with it in public,sorry applevisionpro look much like ski mask seen walking public look cool name apple attached would seen de USER public,0,0,46,0.88018798828125,0.1068809553980827,0.0129310609772801,0.88018798828125,-0.8672569273039699,Negative
1755545503666741739,2024-02-08T05:53:59Z,2024-02-08,5,Thursday,enisfield,"Une vision d'horreur. Ça me rappelle les selfies des blaireaux qui avaient acheté la première Audi TT ou la Porsche du pauvre, la Boxster en pensant être mainstream alors que c'était tellement si beauf... L'#AppleVisionPro reste un gadget avec un buzz éphémère qui fera flop.",une vision ça rappelle le selfies de blaireaux qui avaient acheté la première audi tt ou la porsche du pauvre la boxster en pensant être mainstream alors que tellement si beauf l applevisionpro reste un gadget avec un buzz éphémère qui fera flop,0,0,162,0.1990604251623153,0.7318273782730103,0.0691121816635131,0.7318273782730103,-0.1299482434988021,Neutral
1755532056828764401,2024-02-08T05:00:33Z,2024-02-08,5,Thursday,lpark6719,@DaCryptoPirates Solana down… $VISION $GME $JUP #applevisionpro But the $VISION is stronger than ever. @DogVisionSol 😋🥵😋 https://t.co/1D96bSKpte,USER solana vision gme jup applevisionpro vision stronger ever USER URL,0,0,89,0.0085279773920774,0.1136166751384735,0.8778553009033203,0.8778553009033203,0.8693273235112429,Positive
1755531918349570293,2024-02-08T05:00:00Z,2024-02-08,5,Thursday,cryptofusionorg,"Is this the time @TheSimpsons will accurately predict the future again? 👀 We know how many times The Simpsons have accurately predicted the future. And yet again, this time the show might make the #AppleVisionPro sell out sooner than you thought. https://t.co/6dAL0dyflm",time USER accurately predict future know many time simpson accurately predicted future yet time show might make applevisionpro sell sooner thought URL,5,1,1407,0.0541372410953044,0.3875720500946045,0.5582907199859619,0.5582907199859619,0.5041534788906574,Positive
1755526932891086980,2024-02-08T04:40:11Z,2024-02-08,4,Thursday,harshkotwal0,"#Apple Should work on the Full BodySuit for #AppleVisionPro to make Users experience #VirtualReality like the Movie "" Ready Player One "" . #AppleVR https://t.co/t5DrcLMOl9",apple work full bodysuit applevisionpro make user experience virtualreality like movie ready player one applevr URL,0,0,78,0.0084385108202695,0.5767068862915039,0.4148545861244201,0.5767068862915039,0.4064160753041506,Neutral
1755469591353127003,2024-02-08T00:52:20Z,2024-02-08,0,Thursday,politics_fact_7,Apple 🍎🕶️ Great work 👏 #AppleVisionPro https://t.co/n2j2Wu7dNb,apple great work applevisionpro URL,1,0,81,0.0024018266703933,0.0103611825034022,0.9872369766235352,0.9872369766235352,0.9848351499531418,Positive
1755452300930248981,2024-02-07T23:43:37Z,2024-02-07,23,Wednesday,pluto7132,By participating in this giveaway you stand a chance win at #AppleVisionPro https://t.co/15FfUwWK1A,participating giveaway stand chance win applevisionpro URL,13,7,564,0.0023878079373389,0.0993548929691314,0.8982573747634888,0.8982573747634888,0.8958695668261498,Positive
1755447440868524310,2024-02-07T23:24:19Z,2024-02-07,23,Wednesday,jorge_kirillova,"Dogs starting to wear vision all over the internet. No need to walk them anymore? 😂 is this the new trend? Idk but @DogVisionSol looks like the next big thing, don’t fade the vision, have the $vision 😎 #vision #AppleVisionPro #VisionPro #dog #Apple https://t.co/nGYnVHbeZ6",dog starting wear vision internet need walk anymore new trend idk USER look like next big thing fade vision vision vision applevisionpro visionpro dog apple URL,5,2,601,0.0235471446067094,0.211489588022232,0.7649632692337036,0.7649632692337036,0.7414161246269941,Positive
1755365255943696425,2024-02-07T17:57:44Z,2024-02-07,17,Wednesday,debbiehard11304,@cryptoworld202 Just a taste of the feast to come. The unbeatable $VISION on #SOLANA by @DogVisionSol $VISION $GME $JUP #applevisionpro X: @DogVisionSol https://t.co/43NcTgNApY,USER taste feast come unbeatable vision solana USER vision gme jup applevisionpro x USER URL,0,0,85,0.0017267941730096,0.0624041929841041,0.935869038105011,0.935869038105011,0.9341422439320012,Positive
1755360635737510110,2024-02-07T17:39:23Z,2024-02-07,17,Wednesday,l_l1oo1,#AppleVisionPro #Airdrop #AppleVision,applevisionpro airdrop applevision,0,0,23,0.0042156414128839,0.3538064360618591,0.641977846622467,0.641977846622467,0.637762205209583,Positive
1755357530824245358,2024-02-07T17:27:02Z,2024-02-07,17,Wednesday,mariusbc78,This will gonna be massiv #Disney #Marvel #StarWars #pixar #render #Fortnite #epicgames #Apple #AppleVisionPro @rendernetwork 👇👇👇👇,gon na massiv disney marvel starwars pixar render fortnite epicgames apple applevisionpro USER,1,0,138,0.005787341389805,0.2736428380012512,0.720569908618927,0.720569908618927,0.7147825672291219,Positive
1755352543838773440,2024-02-07T17:07:13Z,2024-02-07,17,Wednesday,corith44,I hope eventually we can skip rocks on Mount Hood #AppleVisionPro,hope eventually skip rock mount hood applevisionpro,1,0,79,0.0404902957379817,0.3958390653133392,0.5636706948280334,0.5636706948280334,0.5231803990900517,Positive
1755349703229657248,2024-02-07T16:55:56Z,2024-02-07,16,Wednesday,zeeninety9,Why these ufo sitting’s always low quality its 2024 #AppleVisionPro,ufo sitting always low quality NUMBER applevisionpro,0,0,62,0.9065899848937988,0.0843533053994178,0.0090566696599125,0.9065899848937988,-0.8975333152338862,Negative
1755345048789815377,2024-02-07T16:37:27Z,2024-02-07,16,Wednesday,innoiso,PSA: Do not workout with your #AppleVisionPro if you want your $3500 device to be pristine. These marks are still there 4 hours after working. https://t.co/1BMrQR1Qh7,psa workout applevisionpro want NUMBER device pristine mark still NUMBER hour working URL,3,0,244,0.705123782157898,0.2650350928306579,0.0298411175608634,0.705123782157898,-0.6752826645970345,Negative
1755341016138133634,2024-02-07T16:21:25Z,2024-02-07,16,Wednesday,hifiveweb,There is nothing new under the sun. Apple Vision Pro Created using #chatgpt4 #GPT4 #AppleVisionPro #AlbertEinstein https://t.co/JANalwFYEG,nothing new sun apple vision pro created using applevisionpro alberteinstein URL,0,0,59,0.0061499350704252,0.3827470242977142,0.6111030578613281,0.6111030578613281,0.6049531227909029,Positive
1755319893006688446,2024-02-07T14:57:29Z,2024-02-07,14,Wednesday,qossaik,🤦🏽‍♂️ #AppleVisionPro https://t.co/QR6DZYuRUz,applevisionpro URL,0,0,128,0.7668260335922241,0.1967861056327819,0.0363878272473812,0.7668260335922241,-0.7304382063448429,Negative
1755300436901326933,2024-02-07T13:40:10Z,2024-02-07,13,Wednesday,chrisgrantjr,The dark and frightening side of Apple Vision Pro. Full video here #AppleVisionPro #AppleVision #Apple https://t.co/y9BYqnWykT https://t.co/yH6LzsOsLe,dark frightening side apple vision pro full video applevisionpro applevision apple URL URL,3,0,96,0.2271440625190735,0.6629176735877991,0.1099383160471916,0.6629176735877991,-0.1172057464718818,Neutral
1755290330650304921,2024-02-07T13:00:01Z,2024-02-07,13,Wednesday,ginxtv,Apple Vision Pro Users Need Serious Help Gaming News 👉 https://t.co/XUF4n9sMeD #AppleVisionPro #FinalFantasyVIIRebirth https://t.co/xu8ga8gPUk,apple vision pro user need serious help gaming news URL applevisionpro finalfantasyviirebirth URL,2,0,284,0.1092597022652626,0.7746307849884033,0.1161094382405281,0.7746307849884033,0.0068497359752655,Neutral
1755289018927866244,2024-02-07T12:54:48Z,2024-02-07,12,Wednesday,42_sandman,#AppleVisionPro https://t.co/RSuwaf10kn,applevisionpro URL,1,0,43,0.006501005962491,0.6011123657226562,0.392386645078659,0.6011123657226562,0.385885639116168,Neutral
1755287384646709527,2024-02-07T12:48:18Z,2024-02-07,12,Wednesday,lepetit_esprit,Autant se promener avec du 🥒 sur les yeux #AppleVisionPro https://t.co/oSneIPZgPz,autant se promener avec du sur le yeux applevisionpro URL,0,0,40,0.013527700677514,0.8523132801055908,0.134158968925476,0.8523132801055908,0.120631268247962,Neutral
1755278738873319817,2024-02-07T12:13:57Z,2024-02-07,12,Wednesday,viclaranja,Apple Vision Pro is a MEME and its been out for like a week?!😂 Things move so fast in 2024. #apple #tech #applevisionpro https://t.co/2dY3UJqtOQ,apple vision pro meme like week thing move fast NUMBER apple tech applevisionpro URL,0,0,332,0.0041980221867561,0.0570813231170177,0.938720703125,0.938720703125,0.934522680938244,Positive
1755272500655644847,2024-02-07T11:49:10Z,2024-02-07,11,Wednesday,digitech_news,Contrordine da parte di #YouTube. A breve la piattaforma dovrebbe rilasciare un’app specifica per #AppleVisionPro. Ma come sarà? https://t.co/PqqXvro9xK,contrordine da parte di youtube breve la piattaforma dovrebbe rilasciare un app specifica per applevisionpro come sarà URL,0,0,12,0.017055407166481,0.8786223530769348,0.1043221876025199,0.8786223530769348,0.0872667804360389,Neutral
1755267016376684965,2024-02-07T11:27:22Z,2024-02-07,11,Wednesday,samhuber,"If I had to summarise the #AppleVisionPro advantage over its competitors in 1 word, it would be ________________ E08 🍏 https://t.co/yebX6rbNxD",summarise applevisionpro advantage competitor NUMBER word would URL,4,0,341,0.0165786761790514,0.3117395937442779,0.6716817021369934,0.6716817021369934,0.655103025957942,Positive
1755260969633144870,2024-02-07T11:03:20Z,2024-02-07,11,Wednesday,designerants,"crafted my own Vision's Pro ""notifications center"" in Figma I didn't find any pre-built template on Apple's official design resources #AppleVisionPro https://t.co/C0neDOVJ6O",crafted vision pro notification center figma find template apple official design resource applevisionpro URL,1,1,176,0.1139310970902443,0.7796194553375244,0.1064494624733924,0.7796194553375244,-0.0074816346168518,Neutral
1755236151760216211,2024-02-07T09:24:43Z,2024-02-07,9,Wednesday,amintechs,"Le nouveau monde L #AppleVisionPro est sur le point de révolutionner notre interaction quotidienne avec la technologie, en offrant une immersion et une connectivité sans précédent. Ce casque de réalité augmentée promet de redéfinir les frontières entre le virtuel et le réel https://t.co/tzLBgWpBRk",le nouveau monde l applevisionpro est sur le point de révolutionner notre interaction quotidienne avec la technologie en offrant une immersion et une connectivité sans précédent ce casque de réalité augmentée promet de redéfinir le frontières entre le virtuel et le réel URL,0,0,609,0.0454590395092964,0.79194575548172,0.1625952720642089,0.79194575548172,0.1171362325549125,Neutral
1755233306226934084,2024-02-07T09:13:25Z,2024-02-07,9,Wednesday,abhi_tarak18,Already specs unna ma lanti valla paristhiti enti ? #AppleVisionPro,already spec unna lanti valla paristhiti enti applevisionpro,1,0,184,0.027797820046544,0.8358854055404663,0.13631671667099,0.8358854055404663,0.1085188966244459,Neutral
1755218787232629113,2024-02-07T08:15:43Z,2024-02-07,8,Wednesday,marianngib64808,@CryptoTony__ This is just an appetizer of what's been cooking. $VISION $GME $JUP #applevisionpro The @DogVisionSol remains undefeated. 😁😁😁😁 https://t.co/2MMQ8LbPUr,USER appetizer cooking vision gme jup applevisionpro USER remains undefeated URL,0,0,75,0.0018948860233649,0.0147154228761792,0.983389675617218,0.983389675617218,0.9814947895938532,Positive
1755209566432715133,2024-02-07T07:39:05Z,2024-02-07,7,Wednesday,androidheadline,Forgetting Apple Vision Pro passcode complicates things https://t.co/gQwqskRf2B #Apple #AppleVisionPro,forgetting apple vision pro passcode complicates thing URL apple applevisionpro,1,0,410,0.5781927704811096,0.3696087598800659,0.0521984212100505,0.5781927704811096,-0.525994349271059,Negative
1755203937387597917,2024-02-07T07:16:43Z,2024-02-07,7,Wednesday,charleysongsong,"With Apple VisionPro, even a bathroom break can turn into an escape into wonder. Imagine walls fading away to reveal stunning vistas. Mountains, rivers, or a vast starry sky? All within a blink. #AppleVisionPro #VirtualEscape https://t.co/OEom1Rj0Qh",apple visionpro even bathroom break turn escape wonder imagine wall fading away reveal stunning vista mountain river vast starry sky within blink applevisionpro virtualescape URL,2,0,255,0.0033427870366722,0.0509435348212718,0.9457136988639832,0.9457136988639832,0.9423709118273108,Positive
1755193524239441928,2024-02-07T06:35:20Z,2024-02-07,6,Wednesday,trndgtr,📈 #trending in #Taiwan: 1. #VladimirPutin 2. #SOCUTE 3. #Messi 4. #HazbinHotelFanart 5. #AppleVisionPro,trending taiwan NUMBER vladimirputin NUMBER socute NUMBER messi NUMBER hazbinhotelfanart NUMBER applevisionpro,0,0,107,0.0084407683461904,0.8797202110290527,0.1118390634655952,0.8797202110290527,0.1033982951194047,Neutral
1755181226934018370,2024-02-07T05:46:28Z,2024-02-07,5,Wednesday,sincere716,So now #NYPD Have to deal with #migrant crimes &amp; home turf #crime now is definitely not the time to be running around the city with $3500 #AppleVisionPro obscuring your vision 🤦🏽‍♂️ keep ya head on a swivel! #protect yourselves!,nypd deal migrant crime amp home turf crime definitely time running around city NUMBER applevisionpro obscuring vision keep ya head swivel protect,0,0,27,0.8758484721183777,0.1112614646553993,0.0128900352865457,0.8758484721183777,-0.8629584368318319,Negative
1755151840633647483,2024-02-07T03:49:42Z,2024-02-07,3,Wednesday,kindrobot_org,"And don't forget to create more screens and specially where they were ""missing"" before. Can't wait to witness the moment when freemium apps will enter in the game and transform your home into a gigantic permanent billboard. #AppleVisionPro",forget create screen specially missing ca wait witness moment freemium apps enter game transform home gigantic permanent billboard applevisionpro,0,0,102,0.0033747181296348,0.0761145204305648,0.9205107688903807,0.9205107688903807,0.917136050760746,Positive
1755150947058163762,2024-02-07T03:46:09Z,2024-02-07,3,Wednesday,gunnymachine,@cryptojack Hope you’re seeing $VISION $SOL #applevisionpro #visionpro @DogVisionSol https://t.co/qY7LKadipu,USER hope seeing vision sol applevisionpro visionpro USER URL,2,0,51,0.0022178906947374,0.1089515537023544,0.8888306021690369,0.8888306021690369,0.8866127114742994,Positive
1755145253093359979,2024-02-07T03:23:32Z,2024-02-07,3,Wednesday,lessentielde,🥽 Die neue Tech-Brille von #Apple wird von Experten und auf Social Media gefeiert. Ist der #Hype bald wieder verflogen oder wird die Brille zum Verkaufsschlager? #AppleVisionPro https://t.co/yQmizBPct9,die neue von apple wird von experten und auf social medium gefeiert ist der hype bald wieder verflogen oder wird die brille zum verkaufsschlager applevisionpro URL,0,0,81,0.0070567717775702,0.440794974565506,0.5521482825279236,0.5521482825279236,0.5450915107503533,Positive
1755140537768710211,2024-02-07T03:04:47Z,2024-02-07,3,Wednesday,hungrydonke,"BTW... The graphics of #AppleVisionPro are amazing, all in the satisfying cartoon style of @splinetool. Big props to @cleoabram and @Justin_Poore (hoping for some kind of making-of video eventually) 😍 https://t.co/kepOJqOpLu",btw graphic applevisionpro amazing satisfying cartoon style USER big prop USER USER hoping kind video eventually URL,1,0,380,0.0027454015798866,0.0073672090657055,0.9898874163627625,0.9898874163627625,0.9871420147828758,Positive
1755125894933262406,2024-02-07T02:06:36Z,2024-02-07,2,Wednesday,kraider93,"Hi @sillechris, Vision Pool is now live on our A4AVP directory, thanks for submitting it. Best of luck with the release! #AppleVisionPro #visionOS #VisionPro https://t.co/Tk15Xckg0t",hi USER vision pool live directory thanks submitting best luck release applevisionpro visionos visionpro URL,2,1,141,0.0015085291815921,0.0203997660428285,0.9780916571617126,0.9780916571617126,0.9765831279801204,Positive
1752836732758716445,2024-01-31T18:30:17Z,2024-01-31,18,Wednesday,ainewsbulletin,#BreakingNews Apple Vision Pro Headset: The Future of Spatial Computing? #AppleVisionPro #AR/VRheadset #spatialcomputing #preorders #technology #augmentedreality #Breaking #News https://t.co/yvVMk56DMa,breakingnews apple vision pro headset future spatial computing applevisionpro spatialcomputing preorders technology augmentedreality breaking news URL,0,0,118,0.0051486180163919,0.7607405185699463,0.2341108471155166,0.7607405185699463,0.2289622290991246,Neutral
1752835077476688201,2024-01-31T18:23:43Z,2024-01-31,18,Wednesday,iryna_eth,Buying Tesla #cybertruck while using #AppleVisionPro! 🤯😱 Is it going to be new normal for all cars soon? #visionPro #Tesla #vr https://t.co/ItnL3YfOZi,buying tesla cybertruck using applevisionpro going new normal car soon visionpro tesla vr URL,3,0,609,0.0336478501558303,0.4148887693881988,0.5514633655548096,0.5514633655548096,0.5178155153989792,Positive
1752834784064061751,2024-01-31T18:22:33Z,2024-01-31,18,Wednesday,zakvrsalovich,@MKBHD Can you use wired over the head headphones with the #AppleVisionPro ? I would love to use some high-end “over the ear” headphones but I’m suspecting that’s not possible. @Sennheiser,USER use wired head headphone applevisionpro would love use ear headphone suspecting possible USER,0,0,26,0.4745844304561615,0.4627565145492553,0.0626590177416801,0.4745844304561615,-0.4119254127144813,Negative
1752833590633590954,2024-01-31T18:17:48Z,2024-01-31,18,Wednesday,iryna_eth,"Wow, I think we gonna see a lot of #cooking apps for Apple VisionPro soon! 👩‍🍳😎 #AppleVisionPro #VisionPro #mr #vr https://t.co/phhhAaXa23",wow think gon na see lot cooking apps apple visionpro soon applevisionpro visionpro mr vr URL,3,0,449,0.0014709051465615,0.0171888750046491,0.981340229511261,0.981340229511261,0.9798693243646994,Positive
1752824113154957756,2024-01-31T17:40:09Z,2024-01-31,17,Wednesday,steezyysosa,Apple Vision Pro is 🤯 #AppleVisionPro,apple vision pro applevisionpro,0,0,172,0.0049963849596679,0.0256233252584934,0.9693803191184998,0.9693803191184998,0.9643839341588318,Positive
1752813971667906941,2024-01-31T16:59:51Z,2024-01-31,16,Wednesday,tommylee,"Realitynauts! Look for your Microsoft 365 apps such as the infamous Excel coming to the #AppleVisionPro later this week! Not only will you have access to Copilots using AI, but Microsoft Mesh will be coming soon too! 👨🏻‍🚀 https://t.co/XiqEyKqhlH https://t.co/D6m4J7Qyj0",realitynauts look microsoft NUMBER apps infamous excel coming applevisionpro later week access copilot using ai microsoft mesh coming soon URL URL,2,1,326,0.0019891047850251,0.1121649146080017,0.885845959186554,0.885845959186554,0.8838568544015288,Positive
1752813091736486043,2024-01-31T16:56:21Z,2024-01-31,16,Wednesday,mqasim_012,"Vision Pro Battery Cable is Detachable with SIM Tool, Reveals the New Lightning Connector #AppleVisionPro https://t.co/4mGOoLMVtj",vision pro battery cable detachable sim tool reveals new lightning connector applevisionpro URL,0,0,108,0.0035421918146312,0.5449585318565369,0.4514992833137512,0.5449585318565369,0.44795709149912,Neutral
1752806544805105684,2024-01-31T16:30:20Z,2024-01-31,16,Wednesday,itwasromy,#AppleVisionPro still not worth $3500. https://t.co/Y1rjLA1Hdr,applevisionpro still worth NUMBER URL,0,0,27,0.8587639331817627,0.1264708340167999,0.0147652365267276,0.8587639331817627,-0.843998696655035,Negative
1752793823887974406,2024-01-31T15:39:47Z,2024-01-31,15,Wednesday,imatteo_pau,"Il connettore della batteria dell’#AppleVisionPro può essere sganciato grazie all’ausilio della spilla rimuovi sim, e il connettore ricorda quello Lightning ma più grande https://t.co/f2h0cnMBzD",il connettore della batteria dell applevisionpro può essere sganciato grazie ausilio della spilla rimuovi sim e il connettore ricorda quello lightning più grande URL,28,2,1919,0.0430267006158828,0.6644721627235413,0.292501151561737,0.6644721627235413,0.2494744509458542,Neutral
1752774484246069651,2024-01-31T14:22:56Z,2024-01-31,14,Wednesday,imasharma13,Vision Pro is an AR VR headset. #AppleVisionPro #Apple,vision pro ar vr headset applevisionpro apple,0,0,68,0.0036097199190407,0.4055141508579254,0.5908761024475098,0.5908761024475098,0.587266382528469,Positive
1752764168455778785,2024-01-31T13:41:57Z,2024-01-31,13,Wednesday,geistedc,I wonder if  has plans to add a “play area” to Vision Pro like Meta has for the quest. It would be cool if games like job simulator came to Vision Pro but I feel like the play area is necessary for that to work. #visionpro #applevisionpro #metaquest,wonder plan add play area vision pro like meta quest would cool game like job simulator came vision pro feel like play area necessary work visionpro applevisionpro metaquest,0,0,85,0.0179389845579862,0.5344622135162354,0.4475988149642944,0.5344622135162354,0.4296598304063082,Neutral
1752760497085284797,2024-01-31T13:27:21Z,2024-01-31,13,Wednesday,cptnamerica2308,@InternetH0F I Just realised that kid in Thor love and thunder was the first one who used #AppleVisionPro https://t.co/Ma6bL4OICM,USER realised kid thor love thunder first one used applevisionpro URL,0,0,26,0.0129861216992139,0.4948260486125946,0.4921877980232239,0.4948260486125946,0.4792016763240099,Neutral
1752755764710769099,2024-01-31T13:08:33Z,2024-01-31,13,Wednesday,lone_melancholy,The reason why @MKBHD is most successful youtuber is he breaks down the most complex tech to simple form that can be perceived by any one #AppleVisionPro pro review is simply the best example of what he does. He created an experience of what is like to own an Apple Vision Pro 🫡,reason USER successful youtuber break complex tech simple form perceived one applevisionpro pro review simply best example created experience like apple vision pro,1,0,219,0.0041462364606559,0.0364025570452213,0.9594512581825256,0.9594512581825256,0.9553050217218696,Positive
1752742908732879118,2024-01-31T12:17:28Z,2024-01-31,12,Wednesday,evanhelda,@MKBHD Awesome… @MKBHD For those who want to grasp where spatial computing is heading… it’s helpful to project out from the past. Here’s a good place to start 👇👇@ballmatthew @benz145 #applevisionpro #VisionPro #SpatialComputing https://t.co/B3j8TQiKsn,USER USER want grasp spatial computing helpful project past good place start USER USER applevisionpro visionpro spatialcomputing URL,0,0,53,0.0022391662932932,0.0283441264182329,0.9694166779518129,0.9694166779518129,0.9671775116585196,Positive
1752742170698662242,2024-01-31T12:14:32Z,2024-01-31,12,Wednesday,marctv,"https://t.co/5OZEdsBDxL „Do you want a computer, that is always looking at your hands?“ #AppleVisionPro",URL want computer always looking hand applevisionpro,0,0,51,0.0415121018886566,0.8343250155448914,0.1241629272699356,0.8343250155448914,0.0826508253812789,Neutral
1752741880578867563,2024-01-31T12:13:23Z,2024-01-31,12,Wednesday,deantak,Unity wants to democratize development on the Apple Vision Pro. Unity launches general support for Apple Vision Pro #Unity #Apple #AppleVisionPro https://t.co/u1GMhZG0JX via @VentureBeat,unity want democratize development apple vision pro unity launch general support apple vision pro unity apple applevisionpro URL via USER,13,6,2030,0.0032825688831508,0.240132600069046,0.7565848231315613,0.7565848231315613,0.7533022542484105,Positive
1752739366487687472,2024-01-31T12:03:23Z,2024-01-31,12,Wednesday,im_tamil_dot,#applevisionpro is so cool !! What amazed me is the breadth and depth of UAT done by MKBHD here -&gt; https://t.co/h6OS2DmTuX. I doubt if apple can beat him in marketing their own tech,applevisionpro cool amazed breadth depth uat done mkbhd gt URL doubt apple beat marketing tech,1,0,111,0.0042529078200459,0.0180436391383409,0.9777035117149352,0.9777035117149352,0.9734506038948894,Positive
1752738512217244050,2024-01-31T12:00:00Z,2024-01-31,12,Wednesday,parentesismedia,"👓🍏 Sumérgete en 24 horas de realidad mixta con las Vision Pro de @Apple. ¿Cambiará tu día a día? Desde trabajar hasta esquiar, @JoannaStern de @WSJ lo pone a prueba. ¡Descubre su experiencia! ▶️ https://t.co/lHk2PojOnR #AppleVisionPro #RealidadMixta #TecnologíaDelFuturo",sumérgete en NUMBER horas de realidad mixta con la vision pro de USER tu día día desde trabajar hasta esquiar USER de USER lo pone prueba su experiencia URL applevisionpro realidadmixta tecnologíadelfuturo,0,0,40,0.0052315676584839,0.725567638874054,0.2692008018493652,0.725567638874054,0.2639692341908812,Neutral
1752738180632039840,2024-01-31T11:58:41Z,2024-01-31,11,Wednesday,mediaarea_net,"#MediaInfo 24.01 released. Focused on Dolby Atmos Master ADM Profile conformance checker (technology preview) Also Dolby Vision v3 Profile 20 &amp; MV‑HEVC (👋 #AppleVisionPro) And CCIP in ICC or PNG, AVC and VC-3 in GXF, ... https://t.co/l5043ITria https://t.co/qGkcsK6vm0",mediainfo NUMBER released focused dolby atmos master adm profile conformance checker technology preview also dolby vision profile NUMBER amp applevisionpro ccip icc png avc NUMBER gxf URL URL,15,10,1830,0.0058804065920412,0.8640943169593811,0.1300251930952072,0.8640943169593811,0.1241447865031659,Neutral
1752736369808490497,2024-01-31T11:51:29Z,2024-01-31,11,Wednesday,samirestefan,17 años han pasado desde la primera patente de las #AppleVisionPro,NUMBER años han pasado desde la primera patente de la applevisionpro,1,0,135,0.0119839087128639,0.7222578525543213,0.2657583057880401,0.7222578525543213,0.2537743970751762,Neutral
1752732847134130507,2024-01-31T11:37:29Z,2024-01-31,11,Wednesday,__3rdson,"If you do thorough research, you’ll realize $OVR is a gem for long term gains The first look of #AppleVisionPro, coupled with the integration of it into @OVRtheReality ecosystem, I only think of one thing happening.. A full manifestation of this platforms Potential.🚀 #Altcoins https://t.co/pbfv5vaM8k",thorough research realize ovr gem long term gain first look applevisionpro coupled integration USER ecosystem think one thing happening full manifestation platform altcoins URL,27,1,835,0.0021777495276182,0.0321104004979133,0.9657118916511536,0.9657118916511536,0.9635341421235352,Positive
1752732458955784587,2024-01-31T11:35:57Z,2024-01-31,11,Wednesday,dnsh_dv,"Vision Pro brings latency of 12ms in irl situations (see through feature), only gamers can spot diff😅 #AppleVisionPro",vision pro brings latency irl situation see feature gamers spot applevisionpro,1,0,53,0.0843881294131279,0.4806978404521942,0.4349140524864197,0.4806978404521942,0.3505259230732918,Neutral
1752730689500573792,2024-01-31T11:28:55Z,2024-01-31,11,Wednesday,yourbrorishabh,Imagine this powerful #AppleVisionPro getting blasted on your face. https://t.co/1sG02vY16Z,imagine powerful applevisionpro getting blasted face URL,14,0,734,0.0070537459105253,0.067585252225399,0.9253609776496888,0.9253609776496888,0.9183072317391634,Positive
1752723502644486386,2024-01-31T11:00:21Z,2024-01-31,11,Wednesday,sharmasanjay00,"Apple vision pro From Hardware to Software ""Kya bawal chij hai be"" #AppleVisionPro https://t.co/h0yrCo82HG",apple vision pro hardware software kya bawal chij hai applevisionpro URL,0,0,55,0.0056665665470063,0.6914551854133606,0.3028782308101654,0.6914551854133606,0.297211664263159,Neutral
1752712169890668833,2024-01-31T10:15:19Z,2024-01-31,10,Wednesday,eyot08,The #AppleVisionPro is a computer for the age of walled gardens. Sour #Apple. https://t.co/sLjRVgPhY0 via @Verge,applevisionpro computer age walled garden sour apple URL via USER,0,0,25,0.0043582315556705,0.2442689538002014,0.751372754573822,0.751372754573822,0.7470145230181515,Positive
1752700553216585751,2024-01-31T09:29:10Z,2024-01-31,9,Wednesday,crunchkloud,"Here are 5 key things to know about this revolutionary device: 1. Mixed Reality, Not Just VR: Forget just VR! Vision Pro mixes real &amp; virtual worlds. Imagine designing with global colleagues, feeling like you're all in the same room. #AppleVisionPro https://t.co/gox3JhGqAH",NUMBER key thing know revolutionary device NUMBER mixed reality vr forget vr vision pro mix real amp virtual world imagine designing global colleague feeling like room applevisionpro URL,2,0,50,0.002064740518108,0.0804184004664421,0.9175168871879578,0.9175168871879578,0.9154521466698498,Positive
1752690053006889369,2024-01-31T08:47:26Z,2024-01-31,8,Wednesday,unpaid1213,Apple Includes a Charger in the box of Vision PRO #AppleVisionPro #VisionPro we have reached peak tree wasting and polar bear harming https://t.co/HgJAD5IsgZ,apple includes charger box vision pro applevisionpro visionpro reached peak tree wasting polar bear harming URL,2,0,173,0.4001276791095733,0.4857262670993805,0.1141460984945297,0.4857262670993805,-0.2859815806150436,Neutral
1752687608608792877,2024-01-31T08:37:43Z,2024-01-31,8,Wednesday,israrawan,Glasses to Goggles to Helmet (Apple may opt for this in the name of safety). #AppleVisionPro,glass goggles helmet apple may opt name safety applevisionpro,0,0,33,0.007192256860435,0.4299829006195068,0.5628248453140259,0.5628248453140259,0.5556325884535909,Positive
1752669312295252340,2024-01-31T07:25:01Z,2024-01-31,7,Wednesday,denmarklalunaa,Where are the Vision Pro drop test videos? #AppleVisionPro #Apple #VisionPro,vision pro drop test video applevisionpro apple visionpro,0,0,250,0.0217077452689409,0.828728437423706,0.149563729763031,0.828728437423706,0.12785598449409,Neutral
1752632398968193342,2024-01-31T04:58:20Z,2024-01-31,4,Wednesday,rec_ideas,It’s FaceTime!😎 #Apple #AppleVisionPro #facetime #tech #innovation,facetime apple applevisionpro facetime tech innovation,0,0,226,0.0014120948035269,0.0264690928161144,0.9721188545227052,0.9721188545227052,0.970706759719178,Positive
1752629480127098953,2024-01-31T04:46:45Z,2024-01-31,4,Wednesday,coachrichiej,Like Get My Hands on #AppleVisionPro Create Some Interesting Videos.,like get hand applevisionpro create interesting video,0,0,84,0.0039544189348816,0.0806245654821395,0.9154210090637208,0.9154210090637208,0.911466590128839,Positive
1752628828432994737,2024-01-31T04:44:09Z,2024-01-31,4,Wednesday,xr_vizion,"""From the Apple Vision pro reviews... it seems like you can do all the same things on Meta Quest 3 for cheaper"" Do you agree with this statement ? 👀 #AppleVisionPro #MetaQuest3 #VR",apple vision pro review seems like thing meta quest NUMBER cheaper agree statement applevisionpro vr,0,0,131,0.0068568428978323,0.4135261476039886,0.5796170234680176,0.5796170234680176,0.5727601805701852,Positive
1752624795768754207,2024-01-31T04:28:08Z,2024-01-31,4,Wednesday,pdevakumar,Authentic use case of #AppleVisionPro,authentic use case applevisionpro,1,0,157,0.0070272735320031,0.2540147602558136,0.738957941532135,0.738957941532135,0.7319306680001318,Positive
1752609633871569229,2024-01-31T03:27:53Z,2024-01-31,3,Wednesday,keefmoon,Does Safari on the #AppleVisionPro support WebXR? @MKBHD @reckless,safari applevisionpro support webxr USER USER,2,0,512,0.006253189407289,0.807792603969574,0.1859542280435562,0.807792603969574,0.1797010386362671,Neutral
1752593877767536745,2024-01-31T02:25:16Z,2024-01-31,2,Wednesday,rakeshsayz,"$ 3,499 is only for Apple vision Pro Travel Kit: +$200 Optical Inserts: +$99/$149 #AppleVisionPro",NUMBER NUMBER apple vision pro travel kit NUMBER optical insert NUMBER NUMBER applevisionpro,0,0,142,0.0146459117531776,0.797854483127594,0.1874996423721313,0.797854483127594,0.1728537306189537,Neutral
1752568038715461671,2024-01-31T00:42:36Z,2024-01-31,0,Wednesday,forgpapi,Really happy I didn’t get #AppleVisionPro during the first phase . Amazing shit but second model gonna be better . It always is,really happy get applevisionpro first phase amazing shit second model gon na better always,1,0,143,0.110345683991909,0.0984169170260429,0.7912374138832092,0.7912374138832092,0.6808917298913002,Positive
1752561753626398771,2024-01-31T00:17:37Z,2024-01-31,0,Wednesday,lcoscienza,"@giolongoo È la versione 2024 dell’Apple Newton. Un prodotto che traccia una linea ma con troppi anni di anticipo e un hardware troppo impattante. C’è una parvenza di idea senza la sua reale ed efficace implementazione, con esiti imbarazzanti. Capriccio di Tim #AppleVisionPro",USER è la versione NUMBER dell apple newton un prodotto che traccia una linea con troppi anni di anticipo e un hardware troppo impattante c è una parvenza di idea senza la sua reale ed efficace implementazione con esiti imbarazzanti capriccio di tim applevisionpro,2,0,82,0.0196872223168611,0.7138137221336365,0.2664990127086639,0.7138137221336365,0.2468117903918028,Neutral
1752557323216634159,2024-01-31T00:00:01Z,2024-01-31,0,Wednesday,growgenio,Excited about the new Apple Vision Pro? So are we! Stay tuned for how GrowGen is gearing up to transform your fitness journey with Apple's latest innovation. #VisionPro #GrowGen #VRFitness #FitnessMetaverse #TechMeetsFitness #GamifiedFitness #AppleVisionPro #HealthTech https://t.co/ykBs1e4pIY,excited new apple vision pro stay tuned growgen gearing transform fitness journey apple latest innovation visionpro growgen vrfitness fitnessmetaverse techmeetsfitness gamifiedfitness applevisionpro healthtech URL,3,2,283,0.0012539741583168,0.0176639817655086,0.9810820817947388,0.9810820817947388,0.979828107636422,Positive
1752550419002245254,2024-01-30T23:32:35Z,2024-01-30,23,Tuesday,charless24_,"I’m still laughing at this it’s gonna be awhile before I let this go 😂😂😂. This isn’t ready for prime time, were this Samsung y’all would flame them. As an Apple fanboy I’m embarrassed. I don’t want the excuses, I want SMOKE for Tim Apple approving this 😆😆 #AppleVisionPro https://t.co/r3nFRPyEkr",still laughing gon na awhile let go ready prime time samsung would flame apple fanboy embarrassed want excuse want smoke tim apple approving applevisionpro URL,0,0,538,0.6121903657913208,0.2133471518754959,0.1744624376296997,0.6121903657913208,-0.4377279281616211,Negative
1752547460885475796,2024-01-30T23:20:50Z,2024-01-30,23,Tuesday,lifestylem26,Upgrade Your Headset with Zeiss Prescription Lenses for Ultimate Comfort #VisionPro #AppleVisionPro https://t.co/blMcc0v74Z,upgrade headset zeiss prescription lens ultimate comfort visionpro applevisionpro URL,1,0,325,0.0029771919362246,0.1525194942951202,0.8445032835006714,0.8445032835006714,0.8415260915644467,Positive
1752544704560873777,2024-01-30T23:09:52Z,2024-01-30,23,Tuesday,fire_mvmt,Imagine sitting in a library alone with a guy across from you on some SophieRain’s OF #Apple #AppleVisionPro #TechNews #Tesla #SophieRain #thisisnotanad #onlyfans https://t.co/IREZf4i6jd,imagine sitting library alone guy across sophierain apple applevisionpro technews tesla sophierain thisisnotanad onlyfans URL,0,0,3389,0.0520557053387165,0.7456746101379395,0.2022696137428283,0.7456746101379395,0.1502139084041118,Neutral
1752543852244660369,2024-01-30T23:06:29Z,2024-01-30,23,Tuesday,sachivm99,Now that’s a “pro” visionary!!! #stevejobs #apple @apple #AppleVisionPro,pro visionary stevejobs apple USER applevisionpro,0,0,104,0.0037424846086651,0.0417013689875602,0.954556167125702,0.954556167125702,0.9508136825170368,Positive
1752539343518916984,2024-01-30T22:48:34Z,2024-01-30,22,Tuesday,cbsisu28262829,Everyone buy an Apple Vision Pro right now! #AppleVisionPro,everyone buy apple vision pro right applevisionpro,0,0,84,0.0035032178275287,0.1051131039857864,0.891383707523346,0.891383707523346,0.8878804896958172,Positive
1752535684718756140,2024-01-30T22:34:02Z,2024-01-30,22,Tuesday,evanhelda,@MKBHD @MKBHD where this is all heading (and where it all came from)… 👇 #SpatialComputing #AppleVisionPro #VisionPro https://t.co/B3j8TQiKsn,USER USER heading came spatialcomputing applevisionpro visionpro URL,0,0,128,0.0053562261164188,0.7910110950469971,0.2036327421665191,0.7910110950469971,0.1982765160501003,Neutral
1752526316350427578,2024-01-30T21:56:48Z,2024-01-30,21,Tuesday,brettlamberth88,@Scobleizer @adambader @wbd I cannot wait to experience #SpacialComputing. #AppleVisionPro #Technology #AI,USER USER USER wait experience spacialcomputing applevisionpro technology ai,1,0,86,0.0017219926230609,0.012807622551918,0.985470414161682,0.985470414161682,0.9837484215386212,Positive
1752518894848278781,2024-01-30T21:27:19Z,2024-01-30,21,Tuesday,thomaspasieka,"I get that Apple isn't big on gaming, but by leaving out physical controllers, they've pretty much shut the door on gaming possibilities. #Apple #applevisionpro #VR #XR #AR (3)",get apple big gaming leaving physical controller pretty much shut door gaming possibility apple applevisionpro vr xr ar NUMBER,0,0,107,0.616838812828064,0.3498498797416687,0.0333112552762031,0.616838812828064,-0.5835275575518608,Negative
1752513373319680030,2024-01-30T21:05:22Z,2024-01-30,21,Tuesday,hellother3n2mu,#AppleVisionPro better than Neuralink's #Telepathy ? https://t.co/W6D99rfEci,applevisionpro better neuralink telepathy URL,1,1,40,0.0282342825084924,0.7399764060974121,0.2317892760038375,0.7399764060974121,0.2035549934953451,Neutral
1752509336050634857,2024-01-30T20:49:20Z,2024-01-30,20,Tuesday,chargerlab,"On January 19, #Apple listed a corresponding accessory for the Apple Vision Pro – the Apple Vision Pro Battery, offering users an unconstrained, extended mixed reality experience. @Apple #AppleVisionPro #VisionPro #AppleAccessories https://t.co/KJ1EmyVaHF",january NUMBER apple listed corresponding accessory apple vision pro apple vision pro battery offering user unconstrained extended mixed reality experience USER applevisionpro visionpro appleaccessories URL,1,0,249,0.0022210881579667,0.305022269487381,0.6927566528320312,0.6927566528320312,0.6905355646740645,Positive
1752505918313668873,2024-01-30T20:35:45Z,2024-01-30,20,Tuesday,phxtechie,This is honestly one of the best reviews/walkthroughs of the #AppleVisionPro,honestly one best applevisionpro,2,0,76,0.0035777690354734,0.0095929410308599,0.9868293404579164,0.9868293404579164,0.9832515714224428,Positive
1752474301734023373,2024-01-30T18:30:07Z,2024-01-30,18,Tuesday,roastbrief,"@Zoom presenta una app especial para las nuevas @Apple Vision Pro, ofreciendo una experiencia de videoconferencia increíblemente inmersiva. Convierte las reuniones remotas en presenciales a partir del 2 de febrero.🎥🍏🔝 #Zoom #AppleVisionPro https://t.co/gu0kSPB6BN",USER presenta una app especial para la nuevas USER vision pro ofreciendo una experiencia de videoconferencia increíblemente inmersiva convierte la reuniones remotas en presenciales partir del NUMBER de zoom applevisionpro URL,0,0,93,0.0037047730293124,0.3009493052959442,0.695345938205719,0.695345938205719,0.6916411651764065,Positive
1752469878433607766,2024-01-30T18:12:32Z,2024-01-30,18,Tuesday,itspaolopv,Since every reviewer is showing #Haleakalā from Maui Hawaii for the #VisionPro environment. Let me share this sunrise Timelapse we captured when we were there. If you have an opportunity to visit Maui schedule a visit for either Sunrise or Sunset (bring a coat) #AppleVisionPro https://t.co/aq9AYmi80T,since every reviewer showing haleakalā maui hawaii visionpro environment let share sunrise timelapse captured opportunity visit maui schedule visit either sunrise sunset bring coat applevisionpro URL,11,0,2073,0.0046045738272368,0.5246400833129883,0.4707552790641784,0.5246400833129883,0.4661507052369416,Neutral
1752465570463711351,2024-01-30T17:55:25Z,2024-01-30,17,Tuesday,mrmx,Hey @slcuervo @earcos @TodosElectricos 👇👇👇👀 #Tesla #AppleVisionPro,hey USER USER USER tesla applevisionpro,2,0,99,0.0041029341518878,0.7098057270050049,0.2860913872718811,0.7098057270050049,0.2819884531199932,Neutral
1752453544081522854,2024-01-30T17:07:38Z,2024-01-30,17,Tuesday,cheinyeanlim,"Apple Vision Pro review: Dazzling display, exceptional hand and eye tracking, seamless ecosystem integration. However, the premium price tag and occasional blurriness in video passthrough pose considerations. 📱✨ #AppleVisionPro #TechReview #InnovationInsights https://t.co/lAhuJLwsUC",apple vision pro review dazzling display exceptional hand eye tracking seamless ecosystem integration however premium price tag occasional blurriness video passthrough pose consideration applevisionpro techreview innovationinsights URL,1,0,139,0.0068051139824092,0.08818269520998,0.9050121903419496,0.9050121903419496,0.8982070763595402,Positive
1752451261297754515,2024-01-30T16:58:34Z,2024-01-30,16,Tuesday,voodoode_gaming,"Erste Reviews der #AppleVisionPro sind raus. Der hohe Preis scheint wie erwartet nicht annähernd gerechtfertigt. Einiges kann sogar die Quest 3 besser. Dinge wie Hand-, Eye Tracking und Avatare scheinen auch nicht perfekt zu funktionieren, Schade! Beispiel https://t.co/QiOyWaaNrP",erste review der applevisionpro sind raus der hohe preis scheint wie erwartet nicht annähernd gerechtfertigt einiges kann sogar die quest NUMBER besser dinge wie eye tracking und avatare scheinen auch nicht perfekt zu funktionieren schade beispiel URL,6,1,319,0.0345333218574523,0.6202144622802734,0.345252126455307,0.6202144622802734,0.3107188045978546,Neutral
1752450183202267307,2024-01-30T16:54:17Z,2024-01-30,16,Tuesday,jodyjothe1,If you are looking for more information on the #AppleVisionPro I definitely recommend this one. Apple Vision Pro EPIC Review - Is Spatial Computing The Future? https://t.co/91bOw4KyjK via @YouTube,looking information applevisionpro definitely recommend one apple vision pro epic review spatial computing future URL via USER,0,0,42,0.0014906557044014,0.0711919888854026,0.9273173213005066,0.9273173213005066,0.9258266655961052,Positive
1752448701635994048,2024-01-30T16:48:24Z,2024-01-30,16,Tuesday,xli9052,Watch @MKBHD unboxing the #AppleVisionPro https://t.co/lvjwdjNVER https://t.co/YKL64zdWLa,watch USER unboxing applevisionpro URL URL,0,0,34,0.0033623191993683,0.7969919443130493,0.1996456384658813,0.7969919443130493,0.196283319266513,Neutral
1752443621050138893,2024-01-30T16:28:12Z,2024-01-30,16,Tuesday,thezignal,"I really wanna see amazing innovations in Spatial Computing like below, but all the apps devs are showing are 2D screens pinned in 3D space. Talk about wasting the opportunity. #AppleVisionPro",really wan na see amazing innovation spatial computing like apps devs showing screen pinned space talk wasting opportunity applevisionpro,6,0,2595,0.6810441017150879,0.2131390422582626,0.1058169454336166,0.6810441017150879,-0.5752271562814713,Negative
1752443390761881677,2024-01-30T16:27:17Z,2024-01-30,16,Tuesday,therealpraveer," APPLE LAUNCHES $4,000 VR HEADSET  Check out youtuber @MKBHD 's review of the Apple Vision Pro - Apple's brand new, very expensive, VR Headset https://t.co/cM38Pwpj11 #AppleVisionPro #Apple",apple launch NUMBER NUMBER vr headset check youtuber USER review apple vision pro apple brand new expensive vr headset URL applevisionpro apple,2,1,1356,0.0082160644233226,0.5424685478210449,0.4493154287338257,0.5424685478210449,0.441099364310503,Neutral
1752431527974125598,2024-01-30T15:40:09Z,2024-01-30,15,Tuesday,jimmywolph,"For those who wear glasses, do you put in your optical inserts before you put the Apple Vision Pro for the first time? #AppleVisionPro #VisionPro",wear glass put optical insert put apple vision pro first time applevisionpro visionpro,0,0,140,0.0072404649108648,0.7722496390342712,0.2205099165439605,0.7722496390342712,0.2132694516330957,Neutral
1752426526027501850,2024-01-30T15:20:16Z,2024-01-30,15,Tuesday,smnbss,The Apple Vision Pro carry case is bigger than the average carry on airplane luggage… #AppleVisionPro https://t.co/lbTPxOhs0q,apple vision pro carry case bigger average carry airplane applevisionpro URL,1,0,503,0.0034042382612824,0.2208028435707092,0.7757929563522339,0.7757929563522339,0.7723887180909514,Positive
1752419467856920589,2024-01-30T14:52:14Z,2024-01-30,14,Tuesday,lilyotron,And you to can have this setup! #AppleVisionPro https://t.co/CtQKv3nfut,setup applevisionpro URL,0,0,57,0.0024807685986161,0.1358437687158584,0.8616754412651062,0.8616754412651062,0.8591946726664901,Positive
1752414569648283989,2024-01-30T14:32:46Z,2024-01-30,14,Tuesday,allejoness,#AppleVisionPro #HANBIN #LinkedIn 1.Increased Visibility 2.Audience Engagement 3.Building a Subscriber Base 4.Monetization Opportunities 5.SEO Benefits #YouTube #YoutubePromotion #Monetization #seo #promotion https://t.co/1asepFKtgF,applevisionpro hanbin linkedin NUMBER visibility NUMBER engagement NUMBER subscriber base NUMBER opportunity NUMBER benefit youtube youtubepromotion monetization seo promotion URL,1,0,30,0.0025892700068652,0.0904007107019424,0.907010018825531,0.907010018825531,0.9044207488186656,Positive
1752411004879913249,2024-01-30T14:18:36Z,2024-01-30,14,Tuesday,geetgonemad,@Mrwhosetheboss where's your #AppleVisionPro video...,USER applevisionpro video,1,0,23,0.0365309454500675,0.874517023563385,0.0889519527554512,0.874517023563385,0.0524210073053836,Neutral
1752409434947559587,2024-01-30T14:12:22Z,2024-01-30,14,Tuesday,programmingalx,"The Apple Vision Pro headset has received rave reviews, with many hailing it as the best yet and a glimpse into the future of technology. #AppleVisionPro #TechInnovation https://t.co/95dn0ZMe1M",apple vision pro headset received rave review many hailing best yet glimpse future technology applevisionpro techinnovation URL,0,0,91,0.0014485504943877,0.0165937673300504,0.9819576740264891,0.9819576740264891,0.9805091235321016,Positive
1752408361742561319,2024-01-30T14:08:06Z,2024-01-30,14,Tuesday,vi4m,Probably most detailed #AppleVisionPro worth watching https://t.co/YfkqQAs9jx,probably detailed applevisionpro worth watching URL,0,0,138,0.001983439316973,0.0335701704025268,0.9644463658332824,0.9644463658332824,0.9624629265163094,Positive
1752405577462898720,2024-01-30T13:57:02Z,2024-01-30,13,Tuesday,farmladyco2,iOS 17 vs 17.1 check it out #AppleVisionPro https://t.co/2yx5OdSrVc,io NUMBER v NUMBER check applevisionpro URL,3,0,17205,0.0062010316178202,0.7740941047668457,0.2197047770023346,0.7740941047668457,0.2135037453845143,Neutral
1752405099501293717,2024-01-30T13:55:08Z,2024-01-30,13,Tuesday,vadimyuryev,If Apple Vision Pro had cross-platform support. #AppleVisionPro @ijustine @MKBHD @briantong @zuck https://t.co/ePI8iR43UT,apple vision pro support applevisionpro USER USER USER USER URL,2226,133,229940,0.0046509816311299,0.3160607814788818,0.6792882680892944,0.6792882680892944,0.6746372864581645,Positive
1752403086159601712,2024-01-30T13:47:08Z,2024-01-30,13,Tuesday,_dainel,Remember: what you read on here in the #VR X bubble isn't representative of how average consumers perceive the #AppleVisionPro.,remember read vr x bubble representative average consumer perceive applevisionpro,3,0,361,0.2459034621715545,0.6779398918151855,0.0761566311120987,0.6779398918151855,-0.1697468310594558,Neutral
1752399851802050836,2024-01-30T13:34:17Z,2024-01-30,13,Tuesday,david_jagneaux,"Today marks Tomo's release for the iOS App Store, but Tomo is also targeting a release on Apple Vision Pro within the Vision Pro's launch window. We aren't sharing an exact date at this time. #AppleVisionPro #SpatialComputing https://t.co/sgmFy8avmQ",today mark tomo release io app store tomo also targeting release apple vision pro within vision pro launch window sharing exact date time applevisionpro spatialcomputing URL,1,0,166,0.0024245320819318,0.5152899622917175,0.4822854995727539,0.5152899622917175,0.4798609674908221,Neutral
1752396262387700043,2024-01-30T13:20:01Z,2024-01-30,13,Tuesday,honourm3typx,My First App #Apple #AppleVisionPro https://t.co/ol2KZ9opkd,first app apple applevisionpro URL,2,0,481,0.0029218515846878,0.1887891441583633,0.8082889914512634,0.8082889914512634,0.8053671398665756,Positive
1752379268175220978,2024-01-30T12:12:29Z,2024-01-30,12,Tuesday,playgamesmovies,Apple Vision Pro Unboxing w/ Accessories YouTube https://t.co/2mnGWKloP2 By @briantong #AppleVisionPro #Apple #VR #XR #AR,apple vision pro unboxing accessory youtube URL USER applevisionpro apple vr xr ar,0,0,674,0.0029491502791643,0.5921615362167358,0.404889315366745,0.5921615362167358,0.4019401650875807,Neutral
1752376851006140679,2024-01-30T12:02:53Z,2024-01-30,12,Tuesday,playgamesmovies,The killer app nobody saw coming... Onion eye protection when cooking with Apple Vision Pro 😂 🧅 👩‍🍳 Video by @JoannaStern YouTube: https://t.co/oIvvFiILoh #AppleVisionPro #Apple #cooking #VR #XR https://t.co/ovbjmhl6Ei,killer app nobody saw coming onion eye protection cooking apple vision pro video USER youtube URL applevisionpro apple cooking vr xr URL,1,0,779,0.0032088016159832,0.0762508511543273,0.9205403327941896,0.9205403327941896,0.9173315311782062,Positive
1752374085605011708,2024-01-30T11:51:54Z,2024-01-30,11,Tuesday,bernardmarr,"🚀 Join me for a quick dive into the fascinating world of Spatial Computing, especially through Apple's innovative approach, all in just 60 seconds! 🕒 Watch now: https://t.co/TbcRhnRRha #SpatialComputing #AppleVisionPro #TechTrends #OneMinuteTech #AR #VR #FutureTech",join quick dive fascinating world spatial computing especially apple innovative approach NUMBER second watch URL spatialcomputing applevisionpro techtrends oneminutetech ar vr futuretech,1,1,749,0.0016943529481068,0.0505415983498096,0.947763979434967,0.947763979434967,0.9460696264868602,Positive
1752370672490205677,2024-01-30T11:38:20Z,2024-01-30,11,Tuesday,manuel_kehl,"What a great time to develop an app that starts with a ""Z""... @zenitizer 🫠 See y'all on the very last #AppleVisionPro home screen, folks 😭👋",great time develop app start z USER see last applevisionpro home screen folk,4,0,473,0.0018867111066356,0.011128444224596,0.9869847893714904,0.9869847893714904,0.9850980782648548,Positive
1752361469608640555,2024-01-30T11:01:46Z,2024-01-30,11,Tuesday,walphs,#AppleVisionPro https://t.co/BJHbpawcMi,applevisionpro URL,0,0,31,0.006501005962491,0.6011123657226562,0.392386645078659,0.6011123657226562,0.385885639116168,Neutral
1752357819041628630,2024-01-30T10:47:15Z,2024-01-30,10,Tuesday,lone_melancholy,Meta Quest 3 now seems pretty value for money .. While Apple Vision pro is very much a polished version ..it still has some limitations .. But apple got the most from ecosystem features which will be difficult for any brand to replicate #AppleVisionPro,meta quest NUMBER seems pretty value money apple vision pro much polished version still limitation apple got ecosystem feature difficult brand replicate applevisionpro,1,0,192,0.0125675294548273,0.1214670836925506,0.8659653663635254,0.8659653663635254,0.8533978369086981,Positive
1752357743657193777,2024-01-30T10:46:57Z,2024-01-30,10,Tuesday,techsumeryt,Samsung S24 Ultra 48 Hours Later! Better than the iPhone 15 Pro Max? Find out here: https://t.co/PinM6qCDTv #Apple #Samsung #GalaxyS24 #GalaxyS24Ultra #iPhone #iPhone15 #iPhone15Pro #AppleVisionPro #YouTube https://t.co/fPgFls2yUk,samsung ultra NUMBER hour later better iphone NUMBER pro max find URL apple samsung iphone applevisionpro youtube URL,0,0,142,0.0019419982563704,0.0636420845985412,0.9344159364700316,0.9344159364700316,0.9324739382136612,Positive
1752350076393898491,2024-01-30T10:16:29Z,2024-01-30,10,Tuesday,pmcafrica,@MKBHD great unboxing! #AppleVisionPro,USER great unboxing applevisionpro,0,0,286,0.0021457069087773,0.0119137298315763,0.9859405755996704,0.9859405755996704,0.983794868690893,Positive
1752349456215966058,2024-01-30T10:14:02Z,2024-01-30,10,Tuesday,_ameer_010,MKBHD things 👀 (1/2) #Apple #AppleVisionPro https://t.co/BKnj2jMMg9,mkbhd thing NUMBER NUMBER apple applevisionpro URL,3,2,161,0.0033169367816299,0.7609404921531677,0.2357425391674041,0.7609404921531677,0.2324256023857742,Neutral
1752342670003831283,2024-01-30T09:47:04Z,2024-01-30,9,Tuesday,baphometsblade,"Check out the latest review of Apple Vision Pro - it's a game-changer, but there are some hiccups along the way. #AppleVisionPro #TechReview https://t.co/KTcmS6ywpU",check latest review apple vision pro hiccup along way applevisionpro techreview URL,0,0,1,0.014434884302318,0.1577800512313842,0.8277850151062012,0.8277850151062012,0.8133501308038831,Positive
1752338834388324661,2024-01-30T09:31:49Z,2024-01-30,9,Tuesday,applwatcher,Can’t believe we’re actually seeing it in the wild. It’s really happening…. #AppleVisionPro,believe actually seeing wild really applevisionpro,0,0,143,0.0141723463311791,0.1145085245370864,0.8713191747665405,0.8713191747665405,0.8571468284353614,Positive
1752337810688717210,2024-01-30T09:27:45Z,2024-01-30,9,Tuesday,rudhrasekar,@MKBHD #Applevisionpro now timeline in YouTube https://t.co/regLiWANn0,USER applevisionpro timeline youtube URL,0,0,28,0.0057246782816946,0.8680280447006226,0.1262473464012146,0.8680280447006226,0.1205226681195199,Neutral
1752337050823426280,2024-01-30T09:24:44Z,2024-01-30,9,Tuesday,applwatcher,Meeting finished. Time to binge!!! 🍿🍿🍿 #AppleVisionPro,meeting finished time binge applevisionpro,0,0,107,0.001535624731332,0.0648231953382492,0.9336411356925964,0.9336411356925964,0.9321055109612644,Positive
1752336852802056307,2024-01-30T09:23:57Z,2024-01-30,9,Tuesday,appleinsider,"Initial reviews are in about Apple Vision Pro, and while everyone agrees it's a look at the future of Apple, it's not the most comfortable one. #Apple #AppleVisionPro By @hillitech https://t.co/EIBa5PHvG3",initial review apple vision pro everyone agrees look future apple comfortable one apple applevisionpro USER URL,42,2,10452,0.6437904834747314,0.3110755085945129,0.0451339893043041,0.6437904834747314,-0.5986564941704273,Negative
1752331777450856732,2024-01-30T09:03:47Z,2024-01-30,9,Tuesday,imatteo_pau,Sono usciti QUEI video. #AppleVisionPro https://t.co/dETwrnzM1U,sono usciti quei video applevisionpro URL,36,0,1832,0.0075180740095674,0.8161909580230713,0.1762909740209579,0.8161909580230713,0.1687729000113904,Neutral
1752315837728342478,2024-01-30T08:00:26Z,2024-01-30,8,Tuesday,muvi,🥽Step into the future of streaming with Muvi One! Launch your Apple Vision Pro app for an immersive AR &amp; VR experience. Elevate your content like never before. 👉 https://t.co/DCQCMB5iVU #MuviOne #AppleVisionPro #ARVRStreaming #AppleVisionProapp #AR #VR #Streaming #ottindustry https://t.co/kTfdjcwcRz,future streaming muvi one launch apple vision pro app immersive ar amp vr experience elevate content like never URL muvione applevisionpro arvrstreaming applevisionproapp ar vr streaming ottindustry URL,1,0,70,0.0018354265484958,0.0635495260357856,0.9346150159835817,0.9346150159835817,0.9327795894350857,Positive
1752300677060272139,2024-01-30T07:00:12Z,2024-01-30,7,Tuesday,techzineeu,"Hybrid meetings are still inferior to physical meetings in many ways. Big players like Zoom and Microsoft are bringing disruptive solutions to address these shortcomings. Meanwhile, Cisco is… https://t.co/nxsPaPzTXT #Collaboration #AppleVisionPro #Cisco #CiscoWebEx - Follow us!",hybrid meeting still inferior physical meeting many way big player like zoom microsoft bringing disruptive solution address shortcoming meanwhile cisco URL collaboration applevisionpro cisco ciscowebex follow u,0,1,96,0.1627891510725021,0.6250039935112,0.2122068703174591,0.6250039935112,0.0494177192449569,Neutral
1752300396649869647,2024-01-30T06:59:05Z,2024-01-30,6,Tuesday,ademblin,#Zoom meetings are about to get weirder thanks to the Vision Pro #AppleVisionPro #Apple #tech https://t.co/M1uSvmHiqV via @Verge,zoom meeting get weirder thanks vision pro applevisionpro apple tech URL via USER,1,0,53,0.0236634202301502,0.374027281999588,0.6023092865943909,0.6023092865943909,0.5786458663642406,Positive
1752272186042155031,2024-01-30T05:06:59Z,2024-01-30,5,Tuesday,kev_j_,"Lots of lovely new hardware announcements last week. And of course, the #AppleVisionPro is still one of the biggest talking points for the industry.",lot lovely new hardware announcement last week course applevisionpro still one biggest talking point industry,1,0,179,0.0018618541071191,0.0070692817680537,0.9910688400268556,0.9910688400268556,0.9892069859197364,Positive
1752250379599806465,2024-01-30T03:40:20Z,2024-01-30,3,Tuesday,nickyrie,Ha comunque venduto più della Pippin🤡 #AppleVisionPro,ha comunque venduto più della applevisionpro,6,0,500,0.3565402626991272,0.4714105427265167,0.172049194574356,0.4714105427265167,-0.1844910681247711,Neutral
1752243418049442135,2024-01-30T03:12:40Z,2024-01-30,3,Tuesday,moonvrhome,Updated weather effect❄️ in #MixedReality . Does it look better now? #AppleVisionPro https://t.co/FW1HjiWeox,updated weather mixedreality look better applevisionpro URL,0,0,143,0.0054783676750957,0.4302732646465301,0.5642484426498413,0.5642484426498413,0.5587700749747455,Positive
1752233861663383686,2024-01-30T02:34:42Z,2024-01-30,2,Tuesday,the_miraq,"Apple's already sold 200,000 Vision Pro headsets, according to @MacRumors. #visionpro #AppleVisionPro #apple The big question: Will this high demand last? 📈 https://t.co/86bSbGjTm9",apple already sold NUMBER NUMBER vision pro headset according USER visionpro applevisionpro apple big question high demand last URL,3,2,152,0.0044178334064781,0.3403888046741485,0.6551933288574219,0.6551933288574219,0.6507754954509437,Positive
1752227679447683348,2024-01-30T02:10:08Z,2024-01-30,2,Tuesday,megaweasel4,@Illumix would you bring FNAF AR to #AppleVisionPro ?,USER would bring fnaf ar applevisionpro,0,0,34,0.005739321000874,0.8154424428939819,0.1788182407617569,0.8154424428939819,0.1730789197608828,Neutral
1752163744925524220,2024-01-29T21:56:05Z,2024-01-29,21,Monday,powerfulcreat,"Apple Vision Pro selling over 200,000 units within 10 days of its U.S. launch, it signals a strong consumer interest despite a high price tag of $3,500. https://t.co/gt9XDk77bj #AppleVisionPro #Apple",apple vision pro selling NUMBER NUMBER unit within NUMBER day launch signal strong consumer interest despite high price tag NUMBER NUMBER URL applevisionpro apple,0,0,96,0.0023236903361976,0.0857821851968765,0.911894142627716,0.911894142627716,0.9095704522915184,Positive
1752147768880112026,2024-01-29T20:52:36Z,2024-01-29,20,Monday,sean_ong,2/3 1. Dev tools and SDKs have matured by leaps and bounds - people were able to get up and running with creation about a day sooner than usual. 2. Everyone's anticipating #AppleVisionPro - it's the talk of the town. https://t.co/G5iGt2qIFK,NUMBER NUMBER NUMBER dev tool sdks matured leap bound people able get running creation day sooner usual NUMBER everyone anticipating applevisionpro talk town URL,3,0,182,0.0017606229521334,0.0248775426298379,0.9733619093894958,0.9733619093894958,0.9716012864373624,Positive
1752139198784475354,2024-01-29T20:18:32Z,2024-01-29,20,Monday,morgan1utd,"I've been an apple user majority of my life. But #AppleVisionPro I just don't get it. It's a product that does not fulfil its purpose. I just see a void in this product that it does not fit in with the average consumer. Apple claim ""spatial computing"" but icl most people would definitely rather use a proper computer to do work on then wearing goggles. Theres no way I'd do a word doc essay using a headset rather than my laptop. 3rd photo shows a woman reading the news. Who would really slip on some goggles to read the news rather than just efficiently looking at ur phone? Battery life is really poor so you'd be having it plugged in most of the time. Only thing it's good at is watching films since it's apparently like a cinema. It has a lost function and I can see this as being very unsuccessful in sales for Apple.",apple user majority life applevisionpro get product fulfil purpose see void product fit average consumer apple claim spatial computing icl people would definitely rather use proper computer work wearing goggles there way word doc essay using headset rather laptop photo show woman reading news would really slip goggles read news rather efficiently looking ur phone battery life really poor plugged time thing good watching film since apparently like cinema lost function see unsuccessful sale apple,1,0,101,0.8197247385978699,0.1599391549825668,0.0203361846506595,0.8197247385978699,-0.7993885539472103,Negative
1752068263628927364,2024-01-29T15:36:40Z,2024-01-29,15,Monday,munshipremchnd,"🚀 Exciting news! Zoom announces an app for Apple Vision Pro, packed with digital personas, 3D file sharing, and ""real-world pinning"" of meeting participants! Don't miss this game-changing update. Read more here: https://t.co/puLvOaa3ej 📱🤩 #tech #zoom #AppleVisionPro",exciting news zoom announces app apple vision pro packed digital persona file sharing pinning meeting participant miss update read URL tech zoom applevisionpro,0,0,168,0.0013858600286766,0.0209157168865203,0.9776983857154846,0.9776983857154846,0.976312525686808,Positive
1752055073352343958,2024-01-29T14:44:15Z,2024-01-29,14,Monday,tomiiks,"C’est chouette mais ç’est un produit de tech pour les dev. Ils vont s’éclater dessus, c’est sûr ! Apres les usages GP, le prix astronomique, on est encore loin de l’eldorado ! #AppleVisionPro",c est chouette mais ç est un produit de tech pour le dev il vont éclater dessus c est sûr apres le usage gp le prix astronomique est encore loin de l eldorado applevisionpro,0,0,315,0.0362914279103279,0.6126814484596252,0.351027101278305,0.6126814484596252,0.3147356733679771,Neutral
1752046003317072115,2024-01-29T14:08:13Z,2024-01-29,14,Monday,ahmed_serougi,"Zoom debuts its app for Vision Pro, featuring digital personas, 3D files and more https://t.co/5NhhJ5sTlt #Apps #applevisionpro https://t.co/EyrEvAm1Cb",zoom debut app vision pro featuring digital persona file URL apps applevisionpro URL,0,0,83,0.0030418378300964,0.5558875799179077,0.4410705864429474,0.5558875799179077,0.4380287486128509,Neutral
1752045012110528614,2024-01-29T14:04:16Z,2024-01-29,14,Monday,mjedesigns,Is this what is going to happen with people that get a #AppleVisionPro ? 😂 https://t.co/5jJG6tGLB0,going happen people get applevisionpro URL,8,0,1943,0.0909471958875656,0.8122652173042297,0.0967876091599464,0.8122652173042297,0.0058404132723808,Neutral
1752044750432289127,2024-01-29T14:03:14Z,2024-01-29,14,Monday,dreamwieber,"I had really fun designing this icon for Vibescape on visionOS ✨ There's 3 layers of depth. I wanted to communicate both the purpose and feeling of the app at a glance. How'd I do? Drop a reply, and follow if you're excited about #AppleVisionPro #buildinginpublic https://t.co/BHGXn7fBgC",really fun designing icon vibescape visionos NUMBER layer depth wanted communicate purpose feeling app glance drop reply follow excited applevisionpro buildinginpublic URL,12,0,1038,0.0023471100721508,0.0188116841018199,0.9788411259651184,0.9788411259651184,0.9764940158929676,Positive
1752041702712324214,2024-01-29T13:51:07Z,2024-01-29,13,Monday,brianm748039,It’s a little funny the @Apple Vision Pro is getting the same 3rd party support Windows Phone had. @ThePrimeagen @t3dotgg @MKBHD @9to5mac @MacAddressYT @Microsoft #AppleVisionPro #WindowsPhone,little funny USER vision pro getting party support window phone USER USER USER USER USER USER applevisionpro windowsphone,0,0,165,0.0498153530061244,0.5060587525367737,0.4441259205341339,0.5060587525367737,0.3943105675280094,Neutral
1751995711913402568,2024-01-29T10:48:22Z,2024-01-29,10,Monday,dreamwieber,"✨I'm building an immersive meditation app for Vision Pro. It's called Vibescape, and version one will be available on day one! ✨ Where my Day 1 #AppleVisionPro peeps at?? https://t.co/CDg5STzahc",building immersive meditation app vision pro called vibescape version one available day one day NUMBER applevisionpro peep URL,106,6,10808,0.0017254611011594,0.1599119007587433,0.8383626341819763,0.8383626341819763,0.8366371730808169,Positive
1751991431344922897,2024-01-29T10:31:22Z,2024-01-29,10,Monday,brains_tiny,"It's Monday afternoon so that means it's Tiny Brains podcast time! We talk #AppleVisionPro, #AXISLite trackers, Dungeons &amp; Dragons, and more!🐉 https://t.co/ks4VnJBymk",monday afternoon mean tiny brain podcast time talk applevisionpro axislite tracker dungeon amp dragon URL,3,2,260,0.0014435781631618,0.1330857127904892,0.8654707074165344,0.8654707074165344,0.8640271292533726,Positive
1751990344118415566,2024-01-29T10:27:03Z,2024-01-29,10,Monday,sean_ong,What's your prediction on the Apple Vision Pro? #avp #AppleVisionPro #spatialcomputing,prediction apple vision pro avp applevisionpro spatialcomputing,1,1,248,0.0057405321858823,0.6438478827476501,0.3504115343093872,0.6438478827476501,0.3446710021235049,Neutral
1751985480768335960,2024-01-29T10:07:43Z,2024-01-29,10,Monday,zeeshanari28588,Apple iOS 18 Update https://t.co/srSx58oqo5 #Apple #iOS18 #AppleVisionPro https://t.co/64MsuMS19y,apple io NUMBER update URL apple applevisionpro URL,1,0,190,0.0035769548267126,0.416452944278717,0.579970121383667,0.579970121383667,0.5763931665569544,Positive
1751931899860189436,2024-01-29T06:34:48Z,2024-01-29,6,Monday,electricnews3,Apple Vision Pro is already a win for Apple &amp; consumers https://t.co/MAgHkiVpW9 #Apple #AppleVisionPro #ApplePay https://t.co/pa5wHxMm2D,apple vision pro already win apple amp consumer URL apple applevisionpro applepay URL,4,4,405,0.0014148737536743,0.0173874013125896,0.9811977744102478,0.9811977744102478,0.9797829006565736,Positive
1751907400251232277,2024-01-29T04:57:27Z,2024-01-29,4,Monday,masakazozaki,WE ARE READYYYYYYYYYYYYYYYY #AppleVisionPro,readyyyyyyyyyyyyyyyy applevisionpro,5,0,728,0.0018675969913601,0.0377613231539726,0.9603710770606996,0.9603710770606996,0.9585034800693392,Positive
1751879794596184278,2024-01-29T03:07:46Z,2024-01-29,3,Monday,frutstndxprt,"Only a few more days before everyone and anyone can spoil the majesty that is #AppleVisionPro for you. I urge you, book a demo at Apple. It is a profound moment you need to have with technology and yourself. It will be 💯 worth your time. 🥽🤯🔥💯🤩",day everyone anyone spoil majesty applevisionpro urge book demo apple profound moment need technology worth time,6,0,375,0.0053367721848189,0.0392964966595172,0.9553667306900024,0.9553667306900024,0.9500299585051836,Positive
1751852672792342961,2024-01-29T01:19:59Z,2024-01-29,1,Monday,digitaldetox_9,Apple has released a new video named “Hello Vision Pro” ahead of the launch on Friday !!! And it looks amazing 😍 Are you excited for the Apple Vision Pro ?? #Apple #visionOS #AppleVisionPro #spatialcomputing #IOS18 https://t.co/NX0WXbJTnB,apple released new video named hello vision pro ahead launch friday look amazing excited apple vision pro apple visionos applevisionpro spatialcomputing URL,0,0,477,0.0012412732467055,0.0085963187739253,0.9901623725891112,0.9901623725891112,0.9889210993424058,Positive
1751824714966646835,2024-01-28T23:28:54Z,2024-01-28,23,Sunday,bobby_downes,Apple Vision Pro - Spatial Computing Begins Here… Feb 2nd #applevisionpro #apple https://t.co/iwK1pMrWn1,apple vision pro spatial computing begin feb applevisionpro apple URL,2,0,264,0.0037529461551457,0.6033139228820801,0.3929331600666046,0.6033139228820801,0.3891802139114588,Neutral
1751778605393232082,2024-01-28T20:25:40Z,2024-01-28,20,Sunday,ingenioviajero,Dentro de poco la gente que se gasto 3.5k USD en las #VisionPro de #Apple (#AppleVisionPro ) https://t.co/zy73nfNSZt,dentro de poco la gente que se gasto NUMBER usd en la visionpro de apple applevisionpro URL,0,0,66,0.0104173105210065,0.7709795832633972,0.218603104352951,0.7709795832633972,0.2081857938319444,Neutral
1751761622261969079,2024-01-28T19:18:11Z,2024-01-28,19,Sunday,edwardstlaurent,are you ready???? Apple Vision Pro 👓 #edwardsaintlaurent #apple #AppleVisionPro #VisionPro https://t.co/mNmsdvTyAy,ready apple vision pro edwardsaintlaurent apple applevisionpro visionpro URL,0,0,160,0.0024800833780318,0.2076862007379531,0.7898337841033936,0.7898337841033936,0.7873537007253617,Positive
1751761347509952584,2024-01-28T19:17:06Z,2024-01-28,19,Sunday,avoidtimtation,The general public lookin at these #AppleVisionPro commercials and are probably amazed and think it costs around the same as a Quest 3 🤣🤣,general public lookin applevisionpro commercial probably amazed think cost around quest NUMBER,1,0,96,0.2872016727924347,0.4613185822963714,0.2514796555042267,0.4613185822963714,-0.035722017288208,Neutral
1751761323023859809,2024-01-28T19:17:00Z,2024-01-28,19,Sunday,skarredghost,A new cool trailer by Apple... https://t.co/Uzgr76TE1b #Apple #AppleVisionPro #MixedReality,new cool trailer apple URL apple applevisionpro mixedreality,6,0,1398,0.0014273361302912,0.0201201941817998,0.9784525036811828,0.9784525036811828,0.9770251675508916,Positive
1751760819803869244,2024-01-28T19:15:00Z,2024-01-28,19,Sunday,nextsystem_intl,"Our pose estimation engine VisionPose is trusted by major companies including Toyota. This is how VisionPose is used in the Welwalk WW-2000, a robot designed to support rehabilitation. Learn more: https://t.co/DFppIrNUvr #ai #tech #AppleVisionPro #Microsoft #DigitalHealth",pose estimation engine visionpose trusted major company including toyota visionpose used welwalk NUMBER robot designed support rehabilitation learn URL ai tech applevisionpro microsoft digitalhealth,1,1,103,0.0044455155730247,0.2248777896165847,0.7706767320632935,0.7706767320632935,0.7662312164902687,Positive
1751760248463851988,2024-01-28T19:12:44Z,2024-01-28,19,Sunday,keithhenryjr,Apple Vision Pro looks real familiar #apple #applevisionpro https://t.co/0Yu05hCisH,apple vision pro look real familiar apple applevisionpro URL,2,0,101,0.0045243347994983,0.2339425534009933,0.7615331411361694,0.7615331411361694,0.7570088063366711,Positive
1751756217456697808,2024-01-28T18:56:42Z,2024-01-28,18,Sunday,detautoclient,I can’t wait to see some asshole sporting the #AppleVisionPro glasses on a flight let alone have ideas for usage pitched to me in every meeting for the next 12 months. https://t.co/jFzRQKoiLO,wait see asshole sporting applevisionpro glass flight let alone idea usage pitched every meeting next NUMBER month URL,0,0,161,0.70920729637146,0.188089057803154,0.1027036607265472,0.70920729637146,-0.6065036356449127,Negative
1751742174322979223,2024-01-28T18:00:54Z,2024-01-28,18,Sunday,bmfshow,Brand new Apple Vision Pro ad just released a little bit ago! #AppleVisionPro https://t.co/RNjjMD2FAy,brand new apple vision pro ad released little bit ago applevisionpro URL,69,8,12896,0.0011747585376724,0.0524888262152671,0.9463363885879515,0.9463363885879515,0.9451616300502792,Positive
1751740252853792849,2024-01-28T17:53:16Z,2024-01-28,17,Sunday,mimosdoteth,Hello Apple Vision Pro https://t.co/u090rKPovq #AppleVisionPro #SpatialComputing #VisionPro,hello apple vision pro URL applevisionpro spatialcomputing visionpro,0,0,107,0.0017550223274156,0.1073856875300407,0.8908592462539673,0.8908592462539673,0.8891042239265516,Positive
1751716285912895496,2024-01-28T16:18:02Z,2024-01-28,16,Sunday,ausbrian,#Tesla #autonews #ElectricVehicles #autosales #investmentnews #marketdemand #autocomparison #AppleVisionPro #costbenefitanalysis,tesla autonews electricvehicles autosales investmentnews marketdemand autocomparison applevisionpro costbenefitanalysis,1,0,27,0.009384274482727,0.6426656246185303,0.3479500710964203,0.6426656246185303,0.3385657966136932,Neutral
1751716053854601658,2024-01-28T16:17:07Z,2024-01-28,16,Sunday,cheinyeanlim,Meta sees potential in Apple's Vision Pro to breathe new life into its $50B metaverse initiative. Drawing parallels with the Quest ecosystem playing a role akin to Android in smartphones. The evolving landscape of tech giants in the metaverse race. 🌐🚀 #Meta #AppleVisionPro https://t.co/l2Lx15GIIk,meta see potential apple vision pro breathe new life metaverse initiative drawing parallel quest ecosystem playing role akin android smartphones evolving landscape tech giant metaverse race meta applevisionpro URL,0,0,132,0.0030195554718375,0.0989108011126518,0.8980696201324463,0.8980696201324463,0.8950500646606088,Positive
1751657727678722517,2024-01-28T12:25:21Z,2024-01-28,12,Sunday,futureio,Disconnecting from reality in 5 days! #AppleVisionPro https://t.co/pqnJ8PJDGo,disconnecting reality NUMBER day applevisionpro URL,7,0,2632,0.0113764321431517,0.6330084800720215,0.3556151092052459,0.6330084800720215,0.3442386770620942,Neutral
1751646359386472790,2024-01-28T11:40:10Z,2024-01-28,11,Sunday,eyaltweets,Apple Vision Pro will be available in a few days It can be a monumental breakthrough It can change everything Will it change everything? or will it end up like the Amazon Fire Phone? #AppleVisionPro,apple vision pro available day monumental breakthrough change everything change everything end like amazon fire phone applevisionpro,0,0,113,0.0028891842812299,0.0555230155587196,0.9415878653526306,0.9415878653526306,0.9386986810714006,Positive
1751644051667857601,2024-01-28T11:31:00Z,2024-01-28,11,Sunday,visualunivrs,"🍏 Apple Vision Pro launches Feb 2, online &amp; in-store. Face ID scan for orders. Features less than expected, advanced hand tracking, limited typing. #AppleVisionPro #VR #AR 📱👀 https://t.co/exT6hUyjhg",apple vision pro launch feb NUMBER online amp face id scan order feature less expected advanced hand tracking limited typing applevisionpro vr ar URL,0,0,217,0.0040131020359694,0.3886063992977142,0.6073804497718811,0.6073804497718811,0.6033673477359116,Positive
1751556480019439957,2024-01-28T05:43:01Z,2024-01-28,5,Sunday,brigadecreative,"The best Vision Pro apps, from stargazing to dancing robots | Digital Trends https://t.co/WwxaJoNA2I #AR #AugmentedReality #VR #VirtualReality #XR #MixedReality #Apple #AppleVisionPro https://t.co/eXUgDic5EM",best vision pro apps stargazing dancing robot digital trend URL ar augmentedreality vr virtualreality xr mixedreality apple applevisionpro URL,0,0,187,0.0019700929988175,0.1025141924619674,0.8955156803131104,0.8955156803131104,0.8935455873142928,Positive
1751532713050509792,2024-01-28T04:08:35Z,2024-01-28,4,Sunday,italiamac,[Link] Apple Vision Pro contro Meta Quest 3: quale scegliere? https://t.co/zn4YJkFT6u #AiGen #applevisionpro #controller,link apple vision pro contro meta quest NUMBER quale scegliere URL aigen applevisionpro controller,0,1,267,0.0092185102403163,0.9433346390724182,0.04744678363204,0.9433346390724182,0.0382282733917236,Neutral
1751475216562475155,2024-01-28T00:20:07Z,2024-01-28,0,Sunday,shivaulhaq,"Pada bulan Februari besok, @Apple akan merilis #AppleVisionPro dan perlombaan untuk mendapatkan kekuatan komputasi awan terdesentralisasi akan semakin ketat. (Thread) https://t.co/3bDKjS5z9d",pada bulan februari besok USER akan merilis applevisionpro dan perlombaan untuk mendapatkan kekuatan komputasi awan terdesentralisasi akan semakin ketat thread URL,0,0,111,0.0274247471243143,0.8801235556602478,0.092451736330986,0.8801235556602478,0.0650269892066717,Neutral
1751385215807729889,2024-01-27T18:22:29Z,2024-01-27,18,Saturday,jide_yeni,I think 3d development will be one of d most important media skill set in d next few years. Companies will be crazy need for people who can develop 3D. There will also be platforms that will break the barrier of entry. Maybe the Blenders &amp; Zbrushes won't be enough #AppleVisionPro,think development one important medium skill set next year company crazy need people develop also platform break barrier entry maybe blender amp zbrushes wo enough applevisionpro,0,0,89,0.0074341711588203,0.1041439697146415,0.8884218335151672,0.8884218335151672,0.8809876623563468,Positive
1751356923130061102,2024-01-27T16:30:03Z,2024-01-27,16,Saturday,lefthandoptics,"Not excited for these even a bit. Even if it does directly correlate with my work. Even if it will bring more appreciation for optics and opticians alike. I like seeing the world through eyewear, not putting eyewear on to be locke d in an artificial one. #AppleVisionPro #health #optics #ArtificialIntelligence",excited even bit even directly correlate work even bring appreciation optic optician alike like seeing world eyewear putting eyewear locke artificial one applevisionpro health optic artificialintelligence,1,0,343,0.2660657167434692,0.4519259631633758,0.2820082604885101,0.4519259631633758,0.0159425437450408,Neutral
1751341658623316113,2024-01-27T15:29:24Z,2024-01-27,15,Saturday,omsxv,Jkifferai l’acht sah #AppleVisionPro #Apple https://t.co/XP9jlRNUdt,jkifferai l acht sah applevisionpro apple URL,0,0,87,0.0169140994548797,0.7467284202575684,0.2363575100898742,0.7467284202575684,0.2194434106349945,Neutral
1751296510233628970,2024-01-27T12:30:00Z,2024-01-27,12,Saturday,paulmacguyscott,So Greg Peters @netflix doesn’t think the #AppleVisionPro is worth his companies time to develop an app. Well the web version isn’t useful on a plane and lots of movies and TV shows will be available on Vision Pro day one. That combined with My List on Netflix not showing up in Apple Up Next may be it is time to drop the $22.99 a month and just use the services the support the way I watch TV and movies. And @YouTube you will be the next to be deleted.,greg peter USER think applevisionpro worth company time develop app well web version useful plane lot movie tv show available vision pro day one combined list netflix showing apple next may time drop NUMBER month use service support way watch tv movie USER next deleted,1,0,257,0.8358204960823059,0.1507968157529831,0.013382714241743,0.8358204960823059,-0.8224377818405628,Negative
1751284668006269290,2024-01-27T11:42:56Z,2024-01-27,11,Saturday,treacl,"@jamesvgingerich #tech can adapt, with our future needs: #biotech, #healthtech, #medicaltech, #spacetech, #edutech, … #digitaltransformation: see #AppleVisionPro https://t.co/CzLol6qyYI",USER tech adapt future need biotech healthtech medicaltech spacetech edutech digitaltransformation see applevisionpro URL,0,0,70,0.004443516023457,0.2537818253040313,0.7417746782302856,0.7417746782302856,0.7373311622068286,Positive
1751269048845746583,2024-01-27T10:40:52Z,2024-01-27,10,Saturday,roshanj85815904,Apple could generate $4 billion in revenue from Vision Pro sales by 2027 - Morgan Stanley https://t.co/PoJ2u1pFUZ #DomainNameForSale #DomainForSale #VisionPro #AppleVisionPro https://t.co/hjo6HXL610,apple could generate NUMBER billion revenue vision pro sale NUMBER morgan stanley URL domainnameforsale domainforsale visionpro applevisionpro URL,0,0,161,0.0041787554509937,0.3149007856845855,0.680920422077179,0.680920422077179,0.6767416666261852,Positive
1751260061450506240,2024-01-27T10:05:10Z,2024-01-27,10,Saturday,amelia_jor99383,"In my #crypto portfolio, it's not just about the quantity of #coins; it's about the potential they carry. One standout #gem in my stash is $OVR. @OVRtheReality opens door for the exciting #AppleVisionPro integration on the horizon.",crypto portfolio quantity coin potential carry one standout gem stash ovr USER open door exciting applevisionpro integration horizon,21,1,269,0.0021208468824625,0.0516047142446041,0.9462743997573853,0.9462743997573853,0.9441535528749228,Positive
1751252683460169864,2024-01-27T09:35:51Z,2024-01-27,9,Saturday,vaibhavdogra06,Apple iphone 16 renders leaked ‼️ #iPhone16 #Apple #AppleVisionPro #AppStore https://t.co/BzWGGxd53D,apple iphone NUMBER render leaked apple applevisionpro appstore URL,2,0,352,0.0229953397065401,0.7927204370498657,0.1842842251062393,0.7927204370498657,0.1612888853996992,Neutral
1751191814516703423,2024-01-27T05:33:58Z,2024-01-27,5,Saturday,netopier7124,The brilliance of this Apple Vision Pro app idea blows me away! I'd gladly pay 1/20 of the ticket price without a second thought to experience the F1 race in this way: https://t.co/7msqNfzpyA #AppleVisionPro #f12024 #f1tvpro,brilliance apple vision pro app idea blow away gladly pay NUMBER NUMBER ticket price without second thought experience race way URL applevisionpro,4,0,310,0.0032920634839683,0.0177286304533481,0.9789792895317078,0.9789792895317078,0.9756872260477394,Positive
1751190042440048933,2024-01-27T05:26:56Z,2024-01-27,5,Saturday,imatteo_pau,NUOVO VIDEO ONLINE! Link: https://t.co/BlXhFXLSdi #iPhone16ProMax #iPhone16 #iPhone #YouTube #Rumors #iPad #iPadPro #iPadAir #AppleVisionPro #AppleVision https://t.co/wZE9Syg5Me,nuovo video online link URL iphone youtube rumor ipad ipadpro ipadair applevisionpro applevision URL,9,1,1082,0.003076980356127,0.4873524606227875,0.5095705389976501,0.5095705389976501,0.5064935586415231,Positive
1751154995037077779,2024-01-27T03:07:40Z,2024-01-27,3,Saturday,matth_actu,"Il ne reste plus que 5 jours avant la sortie de l'Apple Vision Pro ! Le ""Spatial Computer"" d'Apple est prévu pour le 2 février 2024. #Apple #AppleVisionPro #VisionPro https://t.co/thzBx2bP9V",il ne reste plus que NUMBER jours avant la sortie de vision pro le spatial computer est prévu pour le NUMBER février NUMBER apple applevisionpro visionpro URL,0,0,124,0.0131092807278037,0.6112151145935059,0.3756756484508514,0.6112151145935059,0.3625663677230477,Neutral
1751137394093691262,2024-01-27T01:57:43Z,2024-01-27,1,Saturday,moonvrhome,Help us rename our Spatial app🙌🏻🙌🏻 https://t.co/V2tOsCSJGX #applevisionpro,help u rename spatial URL applevisionpro,0,0,123,0.00423941668123,0.0980920046567916,0.8976686000823975,0.8976686000823975,0.8934291834011674,Positive
1750976890565767336,2024-01-26T15:19:56Z,2024-01-26,15,Friday,skarredghost,Netflix CEO on Vision Pro App Snub: “not particularly relevant to our members” https://t.co/Wvem1YUNyd #AppleVisionPro #Netflix #MixedReality,netflix ceo vision pro app snub particularly relevant member URL applevisionpro netflix mixedreality,5,0,1744,0.3722811043262481,0.5821377038955688,0.0455811694264411,0.5821377038955688,-0.326699934899807,Neutral
1750976306131747094,2024-01-26T15:17:37Z,2024-01-26,15,Friday,jeandenishaas,Wonder if @Apple will release guidelines on where and where NOT to use the Vision Pro. Like outdoors in the sun? Yay? Nay? If it’s like the Quest then nay. #AppleVisionPro https://t.co/OeoAWrX5k7,wonder USER release guideline use vision pro like outdoors sun yay nay like quest nay applevisionpro URL,2,0,1206,0.3957188427448272,0.5623175501823425,0.0419636256992816,0.5623175501823425,-0.3537552170455456,Neutral
1750869476818530307,2024-01-26T08:13:07Z,2024-01-26,8,Friday,doctorimage28,Have you ever seen a square Apple 🍏 #AppleVisionPro #genshinleaks #RadioStatic #GyanvapiCase https://t.co/2Zy2Bs0hma,ever seen square apple applevisionpro genshinleaks radiostatic gyanvapicase URL,1,0,665,0.005890280008316,0.8100966811180115,0.1840129941701889,0.8100966811180115,0.1781227141618728,Neutral
1750780881994965201,2024-01-26T02:21:04Z,2024-01-26,2,Friday,0xalecgarcia,"@Apple Vision Pro for $3,500 or @MetaQuestVR for $500? #AppleVisionPro #VisionPro #MetaQuest3 #Meta #Quest3 #passthrough #vr https://t.co/qxqJCaJ3A7",USER vision pro NUMBER NUMBER USER NUMBER applevisionpro visionpro meta passthrough vr URL,1,0,289,0.0063779368065297,0.8363121151924133,0.157309889793396,0.8363121151924133,0.1509319529868662,Neutral
1750730077686690048,2024-01-25T22:59:12Z,2024-01-25,22,Thursday,treacl,#Apple’s Preliminary/Early sales of #AppleVisionPro has already sold out! Thats 140k-180k #Developers who yearn to tap into the 🚀 stage of #visionIS #vision. https://t.co/RrtyKO0moy,apple sale applevisionpro already sold thats developer yearn tap stage visionis vision URL,0,0,165,0.003594083013013,0.161268875002861,0.8351370692253113,0.8351370692253113,0.8315429862122983,Positive
1750723319559749916,2024-01-25T22:32:20Z,2024-01-25,22,Thursday,treacl,@jonathanwildman @ben_kew @tim_cook Agree. You’re also focussed on #futuretech! #AppleVisionPro is just the 🥇 step … https://t.co/5lkl1c1Zvm,USER USER USER agree also focussed futuretech applevisionpro step URL,0,0,71,0.0019998704083263,0.0379601828753948,0.9600399136543274,0.9600399136543274,0.958040043246001,Positive
1750642877179547660,2024-01-25T17:12:41Z,2024-01-25,17,Thursday,babylearnonline,"Little Cuddly Playroom was created to give children a happy play space to: engage in creative, concentration, independent play, participation with someone to produce a fun play world. #Download #Toddler #AppleVisionPro #thursdayvibes #entertainment #NFT #NFTCommunity #developer https://t.co/Kq9ceSyWsO",little cuddly playroom created give child happy play space engage creative concentration independent play participation someone produce fun play world download toddler applevisionpro thursdayvibes entertainment nft nftcommunity developer URL,6,1,176,0.0022980065550655,0.0645763576030731,0.933125615119934,0.933125615119934,0.9308276085648686,Positive
1750637731103817757,2024-01-25T16:52:15Z,2024-01-25,16,Thursday,fusionlab88xai,@NFL take note #AppleVisionPro is giving user an immersed experience in their living rooms. I would pay $200 a month for that!,USER take note applevisionpro giving user immersed experience living room would pay NUMBER month,1,0,129,0.006360956467688,0.0619536489248275,0.9316853284835817,0.9316853284835817,0.9253243720158936,Positive
1750601993343897885,2024-01-25T14:30:14Z,2024-01-25,14,Thursday,akamatsu,Another #visionOS app is “Ready for Sale” now. #AppleVisionPro https://t.co/4ON6dCqkAZ,another visionos app ready sale applevisionpro URL,0,0,135,0.0029649611096829,0.5921290516853333,0.4049060046672821,0.5921290516853333,0.4019410435575992,Neutral
1750576942955286933,2024-01-25T12:50:42Z,2024-01-25,12,Thursday,manuel_kehl,So... I created a demo video for @zenitizer's #visionOS redesign🍿 It'll be available on the @AppStore as soon as the #AppleVisionPro launches 🚀 📰Press Kit with Screenshots: https://t.co/uaZjiHpVWN Please repost and share with anyone interested 🤓 https://t.co/Th6YQtuU1K,created demo video USER visionos available USER soon applevisionpro launch kit screenshots URL please repost share anyone interested URL,6,2,2258,0.0021036530379205,0.2929095327854156,0.7049867510795593,0.7049867510795593,0.7028830980416387,Positive
1750574133371387952,2024-01-25T12:39:32Z,2024-01-25,12,Thursday,lkwarm,#Apple #AppleVisionPro #SpatialVideo Question How to download to the laptop the original format of a Spatial Video Clip? (not converting just the original format from the phone),apple applevisionpro spatialvideo question download laptop original format spatial video clip converting original format phone,1,0,98,0.0133372396230697,0.8824874758720398,0.1041752845048904,0.8824874758720398,0.0908380448818206,Neutral
1750517269380190293,2024-01-25T08:53:34Z,2024-01-25,8,Thursday,peegirl116,"Visualizing the regret of missing out on @OVRtheReality's $OVR before it hits $1 is not a scenario I'm entertaining.That's why I keep buying the #dips, firm in my confidence. The prospect of integrating #AppleVisionPro into the platform makes it a definite win-win for me.",visualizing regret missing USER ovr hit NUMBER scenario keep buying dip firm confidence prospect integrating applevisionpro platform make definite,28,1,563,0.079593539237976,0.254788726568222,0.6656177639961243,0.6656177639961243,0.5860242247581482,Positive
1750505098122342854,2024-01-25T08:05:12Z,2024-01-25,8,Thursday,matth_actu,Voici a quoi resemble l'App Mindfulness sur l'Apple Vision Pro #Apple #AppleVisionPro #VisionPro #Mindfulness,voici quoi resemble mindfulness sur vision pro apple applevisionpro visionpro mindfulness,2,0,282,0.0080935433506965,0.4878722131252289,0.5040342211723328,0.5040342211723328,0.4959406778216362,Positive
1750481026215031238,2024-01-25T06:29:33Z,2024-01-25,6,Thursday,itsmicky14,Apple wireless charging station 💫 #Apple #AppleVisionPro #AppleWatch #viral #INDvsENG https://t.co/vUsMcvX0No,apple wireless charging station apple applevisionpro applewatch viral indvseng URL,1,0,204,0.0019531813450157,0.1590480208396911,0.8389987945556641,0.8389987945556641,0.8370456132106483,Positive
1750476518956913111,2024-01-25T06:11:39Z,2024-01-25,6,Thursday,thelukeofus,"Dear @Apple, please allow us poor people to purchase an #AppleVisionPro on a 40 year fixed payment plan with no interest. Yours sincerely, a broke ass Apple fanboy.",dear USER please allow u poor people purchase applevisionpro NUMBER year fixed payment plan interest sincerely broke as apple fanboy,0,0,88,0.7150918245315552,0.2396370619535446,0.0452710837125778,0.7150918245315552,-0.6698207408189774,Negative
1750420708893634913,2024-01-25T02:29:52Z,2024-01-25,2,Thursday,moonvrplayer,Moon has achieved SBS playback on #AppleVisionPro what other features do you want in Moon? Comment below and tell us your idea!😉 #VisionPro #Apple https://t.co/6v1kkYLCrI,moon achieved sb playback applevisionpro feature want moon comment tell u idea visionpro apple URL,42,2,8257,0.0021711466833949,0.1165457665920257,0.8812831044197083,0.8812831044197083,0.8791119577363133,Positive
1750358330873114665,2024-01-24T22:22:00Z,2024-01-24,22,Wednesday,erg_963,Virtual reality (VR) is another medium that is reshaping storytelling. This level of engagement creates a more visceral and personal storytelling experience. #CreativeWriting #AppleVisionPro,virtual reality vr another medium reshaping storytelling level engagement creates visceral personal storytelling experience creativewriting applevisionpro,0,0,77,0.0030437684617936,0.0935351401567459,0.9034211039543152,0.9034211039543152,0.9003773354925215,Positive
1750337692293120457,2024-01-24T21:00:00Z,2024-01-24,21,Wednesday,ankerofficial,So AMPED UP for the #AppleVisionPro! It only comes with a 30W wall charger 😥 So we are going to #Giveaway a 100W charger to the funniest GIF reply on this thread.😂 https://t.co/ZiW40uRCkL,amped applevisionpro come wall charger going giveaway charger funniest gif reply URL,98,11,29954,0.0054729301482439,0.0339392125606536,0.9605878591537476,0.9605878591537476,0.9551149290055037,Positive
1750280065475039310,2024-01-24T17:11:00Z,2024-01-24,17,Wednesday,matth_actu,Voici a quoi resemble Apple Music sur l'Apple Vision Pro #Apple #AppleVisionPro #VisionPro #AppleMusic,voici quoi resemble apple music sur vision pro apple applevisionpro visionpro applemusic,2,0,302,0.0073975515551865,0.4766810834407806,0.5159213542938232,0.5159213542938232,0.5085238027386367,Positive
1750266158337696222,2024-01-24T16:15:45Z,2024-01-24,16,Wednesday,kevincholeau,"On the @heypster app on Apple Vision Pro, you can easily share a GIF with a Drag and Drop directly within the iMessage app. You can also use the share button or copy/paste. #visionOS #Apple #AppleVisionPro https://t.co/OaWK49vNDM",USER app apple vision pro easily share gif drag drop directly within imessage app also use share button visionos apple applevisionpro URL,6,5,715,0.0036961783189326,0.5064228177070618,0.4898810088634491,0.5064228177070618,0.4861848305445164,Neutral
1750249623850012898,2024-01-24T15:10:03Z,2024-01-24,15,Wednesday,mastaace_goat,"@dexioprotocol Alongside #AppleVisionPro, GeoQuest is leading the revolution in #AugmentedReality",USER alongside applevisionpro geoquest leading revolution augmentedreality,8,0,95,0.0029229579959064,0.1156928017735481,0.8813842535018921,0.8813842535018921,0.8784612955059856,Positive
1750245323036099054,2024-01-24T14:52:57Z,2024-01-24,14,Wednesday,ru_smlr,"SMLR's Peter Rokkos thinks Apple's new AR/VR headset could reshape the #FutureOfWork, transforming everything from employee training and routine office tasks to hands-on jobs like plumbing. Check out his comments in this @Inc story. #AppleVisionPro https://t.co/5neJ5u720b",smlr peter rokkos think apple new headset could reshape futureofwork transforming everything employee training routine office task job like plumbing check comment USER story applevisionpro URL,0,0,80,0.0031995687168091,0.1693082451820373,0.8274922370910645,0.8274922370910645,0.8242926683742553,Positive
1750224497376952637,2024-01-24T13:30:12Z,2024-01-24,13,Wednesday,andrew_osu,"Oh, I’m ready! Almost time for #AppleVisionPro! New @belkin Vision Pro battery holder https://t.co/5P2AgmFPp8",oh ready almost time applevisionpro new USER vision pro battery holder URL,27,4,4411,0.0012248387793079,0.0330991633236408,0.965675950050354,0.965675950050354,0.964451111271046,Positive
1750222079692063176,2024-01-24T13:20:36Z,2024-01-24,13,Wednesday,_hessleo,Apple just updated the #AppleVisionPro website. https://t.co/2fmp73gLQy,apple updated applevisionpro website URL,1216,50,186471,0.0018459293060004,0.2060315757989883,0.792122483253479,0.792122483253479,0.7902765539474785,Positive
1750209916537856200,2024-01-24T12:32:16Z,2024-01-24,12,Wednesday,mubashir_anis,join us on ExpressiveBlogs as we unravel the revolutionary Apple Vision Pro and its game-changing impact on the future of our visual experiences. Watch now: https://t.co/I0TbUEK3wa #AppleVisionPro #FutureOfEntertainment #TechRevolution #apple #https://expressiveblogs.com/ https://t.co/l0BMykOx7P,join u expressiveblogs unravel revolutionary apple vision pro impact future visual experience watch URL applevisionpro futureofentertainment techrevolution apple URL URL,0,0,57,0.0019153874600306,0.1645238995552063,0.8335607051849365,0.8335607051849365,0.8316453177249059,Positive
1750197684105834942,2024-01-24T11:43:39Z,2024-01-24,11,Wednesday,zimbola_simi,"#OpenAI CEO #SamAltman discussed about GPT-5 on the #BillGates #UnconfuseMe podcast, highlighting groundbreaking improvements in the next-gen language model. Read more - https://t.co/9RzKTnn0ZL #FrontEnd #GenerativeAI #AppleVisionPro #iPhonePro15 #DigitalMarketing #Airdrop https://t.co/ZqN5j6MFMN",openai ceo samaltman discussed NUMBER billgates unconfuseme podcast highlighting groundbreaking improvement language model read URL frontend generativeai applevisionpro digitalmarketing airdrop URL,1,0,139,0.0022581925150007,0.2336192578077316,0.764122486114502,0.764122486114502,0.7618642935995013,Positive
1750194650751660513,2024-01-24T11:31:36Z,2024-01-24,11,Wednesday,eduherranz,"DÍA 5 - 21 Días hablando de #AppleVisionPro Factores que influyen en el confort de Vision Pro y soluciones/mitigaciones. No todo es el peso, y muchos aspectos están relacionados con decisiones de diseño. Chapa completa en: https://t.co/RIUFSZmChr #AppleVisionProChallenge",día NUMBER NUMBER días hablando de applevisionpro factores que influyen en el confort de vision pro todo e el peso muchos aspectos están relacionados con decisiones de diseño chapa completa en URL applevisionprochallenge,3,2,237,0.0164174064993858,0.8023636341094971,0.18121899664402,0.8023636341094971,0.1648015901446342,Neutral
1750169571925901686,2024-01-24T09:51:57Z,2024-01-24,9,Wednesday,eddie_iii,👀👀👀👀👀👀👀👀👀 #AppleVisionPro $AAPL,applevisionpro aapl,0,0,115,0.01069010887295,0.540860116481781,0.4484497606754303,0.540860116481781,0.4377596518024802,Neutral
1750168864178995452,2024-01-24T09:49:08Z,2024-01-24,9,Wednesday,the__renewables,#NFTCollection The Art of No Limits #Artist Gordon Bergmann #NFTArt helping haind OpenSea https://t.co/wwBB9SBdr3 OBO #helpinghaind #haind #AI #KI #ML #AppleVisionPro #Starlink #ArtificialIntelligence #KünstlicheIntelligenz #AIart #X #Art #AI画像 #OpenAI #chatgpt5 🌎🤝🌏 https://t.co/p09KBpO9Ug,nftcollection art limit artist gordon bergmann nftart helping haind opensea URL obo helpinghaind haind ai ki ml applevisionpro starlink artificialintelligence künstlicheintelligenz aiart x art ai画像 openai URL,7,11,182,0.0048001981340348,0.6065725088119507,0.388627290725708,0.6065725088119507,0.3838270925916731,Neutral
1750167787614413016,2024-01-24T09:44:51Z,2024-01-24,9,Wednesday,pennedbyhim,#AppleVisionPro or #rabbitr1 ?,applevisionpro,0,0,74,0.0080192480236291,0.8819331526756287,0.1100475266575813,0.8819331526756287,0.1020282786339521,Neutral
1750160655636959733,2024-01-24T09:16:31Z,2024-01-24,9,Wednesday,ghiamalireza,@JordanJ65544091 @j_luh @drbeckta @SameerKeoleMD @subatomicdoc @SprakerMDPhD @seanmmcbride We have just entered the world of virtual reality and remote health care like Alice in Wonderland. The difference is we will not return to reality at the end. #RemoteCare #AppleVisionPro #VR #AI,USER USER USER USER USER USER USER entered world virtual reality remote health care like alice wonderland difference return reality end remotecare applevisionpro vr ai,5,0,137,0.0642804577946662,0.7014670968055725,0.2342524379491806,0.7014670968055725,0.1699719801545143,Neutral
1750143619992899825,2024-01-24T08:08:49Z,2024-01-24,8,Wednesday,kraider93,I love the ability that we can add our own custom Environments on Apple Vision Pro apps. On launch Decky will support two additional environments you can easily turn on directly from the tab bar. #visionOS #AppleVisionPro https://t.co/m6ubVUOvDv,love ability add custom environment apple vision pro apps launch decky support two additional environment easily turn directly tab bar visionos applevisionpro URL,6,0,540,0.0014451931929215,0.0244004838168621,0.97415429353714,0.97415429353714,0.9727091003442184,Positive
1750142150015328260,2024-01-24T08:02:59Z,2024-01-24,8,Wednesday,muzammilkmx,#13 #daretoshare24 What If @webflow was an app on the Apple Vision Pro This was fun to make. Thinking of making it a cloneable on figma. What do you think? #webflow #AppleVisionPro https://t.co/3r55cgJ6vU,NUMBER USER app apple vision pro fun make thinking making cloneable figma think webflow applevisionpro URL,84,5,8410,0.0024572475813329,0.0946125090122222,0.9029302000999452,0.9029302000999452,0.9004729525186121,Positive
1750134769705247227,2024-01-24T07:33:39Z,2024-01-24,7,Wednesday,cryptoentstudio,"This is how #AppleVisionPro is revolutionizing digital experience! It’s because of the #RenderNetwork’s unique technology! Powering the stunning new capabilities of #AppleVisionPro is the unprecedented tech from the #RenderNetwork. Optimized specifically for #M1 and #M2 chipset devices, it uses the high-performance #OctaneX engine. This creates the immersive experiences your Vision Pro offers, fully matching desktop rendering on mobile. This incredible feat is made possible because the #RenderNetwork bridges the gap between desktop and mobile. Taking you into the immersive realm of #visionOS and paving the way for the era of spatial computing. With it, digital media and communication are reaching incredible new heights! Follow me for more mind-boggling tech insights. #RENDER @rendernetwork $RNDR",applevisionpro revolutionizing digital experience rendernetwork unique technology powering stunning new capability applevisionpro unprecedented tech rendernetwork optimized specifically chipset device us octanex engine creates immersive experience vision pro offer fully matching desktop rendering mobile incredible feat made possible rendernetwork bridge gap desktop mobile taking immersive realm visionos paving way era spatial computing digital medium communication reaching incredible new height follow tech insight render USER rndr,7,3,486,0.0023400094360113,0.0239754561334848,0.973684549331665,0.973684549331665,0.9713445398956536,Positive
1750118882210124271,2024-01-24T06:30:31Z,2024-01-24,6,Wednesday,teamlewis_it,Ecco le ultime #4news dal mondo digitale: 🥽 #AppleVisionPro ha una data di lancio 🤖 #OpenAI lancia il primo store di chatbot personalizzati 📰 #Artifact chiude i battenti 🔗 Consulta il nostro #GlobalMet23: https://t.co/VXPcERCIzY Ci riaggiorniamo fra due settimane 👀 https://t.co/3Ef3tMMBfi,ecco le ultime dal mondo digitale applevisionpro ha una data di lancio openai lancia il primo store di chatbot personalizzati artifact chiude battenti consulta il nostro URL ci riaggiorniamo fra due settimane URL,0,0,25,0.0079475296661257,0.8048030138015747,0.1872494369745254,0.8048030138015747,0.1793019073083996,Neutral
1750109208601604517,2024-01-24T05:52:05Z,2024-01-24,5,Wednesday,aniekemeumoh22,"@cryptogems555 For #Solana, i'm not certain but for #ethereum, it's definitely $OVR! It's one potential #altcoin in my radar and i won't lose sight of it. @OVRtheReality has also equipped the $OVR token with tech innovations like the Augmented Reality and aims to integrate the #AppleVisionPro",USER solana certain ethereum definitely ovr one potential altcoin radar wo lose sight USER also equipped ovr token tech innovation like augmented reality aim integrate applevisionpro,16,0,52,0.0027087577618658,0.0501614511013031,0.9471297860145568,0.9471297860145568,0.944421028252691,Positive
1750091549520650492,2024-01-24T04:41:55Z,2024-01-24,4,Wednesday,patchappatte,"Joys of virtual reality, with the new #AppleVisionPro headset - © Chappatte in Le Temps, Geneva 👉 https://t.co/gFhuuL8oVv https://t.co/8s1qFpb3jk",joy virtual reality new applevisionpro headset chappatte le temp geneva URL URL,19,11,1561,0.002834822749719,0.5410826802253723,0.4560825526714325,0.5410826802253723,0.4532477299217134,Neutral
1750052016859025864,2024-01-24T02:04:49Z,2024-01-24,2,Wednesday,anadisharmaind,Who is gifting me @apple Vision Pro. #AppleVisionPro,gifting USER vision pro applevisionpro,0,0,133,0.0077758212573826,0.6003457307815552,0.3918784856796264,0.6003457307815552,0.3841026644222438,Neutral
1749955973568139264,2024-01-23T19:43:11Z,2024-01-23,19,Tuesday,jakobpierrekuhn,#AppleVisionPro will keep astronauts sane on their journey to #Mars,applevisionpro keep astronaut sane journey mar,0,0,37,0.0021080162841826,0.0996593087911605,0.898232638835907,0.898232638835907,0.8961246225517243,Positive
1749953570462425588,2024-01-23T19:33:38Z,2024-01-23,19,Tuesday,kowabundant,Apple Vision Pro on eBay is full of ready to ship preorders for a cash grab. Not so sure this product is an actual hit vs limited supply and resellers buying and selling. #AppleVisionPro #apple https://t.co/G60iQCoEEv,apple vision pro ebay full ready ship preorders cash grab sure product actual hit v limited supply resellers buying selling applevisionpro apple URL,1,0,158,0.4651061594486236,0.4414393901824951,0.093454472720623,0.4651061594486236,-0.3716516867280006,Negative
1749887752576053751,2024-01-23T15:12:06Z,2024-01-23,15,Tuesday,sfbags,Help us design the ultimate case for the #AppleVisionPro! 🌟 Let us know your input in this short survey: https://t.co/ixeCWrNwQI #Apple #VisionProCase #MadeInUSA 🇺🇸 Retweet https://t.co/EoR7nYu1mb,help u design ultimate case applevisionpro let u know input short survey URL apple visionprocase madeinusa retweet URL,3,1,615,0.0034813955426216,0.2423595935106277,0.7541590332984924,0.7541590332984924,0.7506776377558708,Positive
1749874515709132906,2024-01-23T14:19:30Z,2024-01-23,14,Tuesday,andruedwards,It begins… #AppleVisionPro https://t.co/3xpTuK3HWT,applevisionpro URL,603,33,49946,0.0031887276563793,0.2698375582695007,0.7269737124443054,0.7269737124443054,0.7237849847879261,Positive
1749851478187974753,2024-01-23T12:47:57Z,2024-01-23,12,Tuesday,dylanbardetytb,"Hey, Voici toutes les nouveautés de #ios17.3 mais aussi comment activer la protection en cas de vol https://t.co/aTZhAaM17H #iOS173 #iOS173 #iostoconbea #iPhoneケース #AppleVisionPro #AppleMusicClassical #AgriculteursEnColere",hey voici toutes le nouveautés de NUMBER mais aussi comment activer la protection en ca de vol URL iostoconbea iphoneケース applevisionpro applemusicclassical agriculteursencolere,0,0,508,0.0196424704045057,0.7975654006004333,0.1827921420335769,0.7975654006004333,0.1631496716290712,Neutral
1749844989084094649,2024-01-23T12:22:10Z,2024-01-23,12,Tuesday,nicolelazzaro,It's White Rabbit time. Time to Go Go Go! ✨🐰🎩✨ #FollowTheWhiteRabbit #AppleVisionPro #VisionPro #Apple #VR #AR #MR #XR #IndieGameDev #VirtualReality https://t.co/lN7YwhnUNa,white rabbit time time go go go followthewhiterabbit applevisionpro visionpro apple vr ar mr xr indiegamedev virtualreality URL,13,3,818,0.0014901286922395,0.0792160928249359,0.9192937612533568,0.9192937612533568,0.9178036325611174,Positive
1749835172080427380,2024-01-23T11:43:10Z,2024-01-23,11,Tuesday,drynoise1,"YouTube ve Spotify, Apple Vision Pro için uygulama desteği sunmayacak https://t.co/8fWKGD6GON via @webrazzi #Teknoloji #AppleVisionPro #tech #YouTube #Spotify #TechTrends #Apple #VisionPro #TechFun #Turkish #TechNews",youtube spotify apple vision pro için uygulama desteği sunmayacak URL via USER teknoloji applevisionpro tech youtube spotify techtrends apple visionpro techfun turkish technews,0,0,63,0.0077825458720326,0.7499635219573975,0.2422539293766021,0.7499635219573975,0.2344713835045695,Neutral
1749800949865210165,2024-01-23T09:27:10Z,2024-01-23,9,Tuesday,dilshadz313,Why is the comment section disabled? #AppleVisionPro #apple https://t.co/QSaSFTtQXJ,comment section disabled applevisionpro apple URL,0,0,52,0.6675003170967102,0.3137576282024383,0.0187420602887868,0.6675003170967102,-0.6487582568079233,Negative
1749771462381375980,2024-01-23T07:30:00Z,2024-01-23,7,Tuesday,2easysltns,"Did anyone order the new Apple Vision Pro? Some people have received notifications from UPS today that their order has shipped from China. They will be delivered on launch day, which is February 2. #apple #applevisionproheadset #AppleVisionPro. https://t.co/oZ5F8cn5vM",anyone order new apple vision pro people received notification ups today order shipped china delivered launch day february NUMBER apple applevisionproheadset applevisionpro URL,3,3,350,0.0038314608391374,0.5561056733131409,0.4400629103183746,0.5561056733131409,0.4362314494792372,Neutral
1749770488342044946,2024-01-23T07:26:08Z,2024-01-23,7,Tuesday,sharad_review,"🚨 Apple's Vision Pro headset opens for pre-order at $3,499.99! 🕶️ Explore your own private entertainment world with apps, FaceTime, and games. 🎮 Is it worth the splurge? 🤔 #AppleVisionPro #VisionPro #Apple more info 👇 https://t.co/iuXHtwVqKA",apple vision pro headset open NUMBER NUMBER explore private entertainment world apps facetime game worth splurge applevisionpro visionpro apple info URL,0,0,111,0.0029949634335935,0.2612975835800171,0.7357074618339539,0.7357074618339539,0.7327124984003603,Positive
1749766745131540795,2024-01-23T07:11:15Z,2024-01-23,7,Tuesday,navazkhan85,#AppleVisionPro #Apple https://t.co/xzqe1RHSx4,applevisionpro apple URL,0,0,48,0.0048369676806032,0.444986492395401,0.5501765012741089,0.5501765012741089,0.5453395335935056,Positive
1749740533612728421,2024-01-23T05:27:06Z,2024-01-23,5,Tuesday,cybermondaymus,Apple Vision Pro - Concept Album https:// https://t.co/B4vwPPNpcd vision-pro #apple #applevisionpro #visionpro #conceptalbum https://t.co/JLBgXOCDrk,apple vision pro concept album http URL apple applevisionpro visionpro conceptalbum URL,0,0,74,0.0063297832384705,0.6844255328178406,0.309244692325592,0.6844255328178406,0.3029149090871215,Neutral
1749709822851997796,2024-01-23T03:25:04Z,2024-01-23,3,Tuesday,avcesar,Quels contenus 3D 8K sur Apple Vision Pro ? #Multimédia #visionpro #applevisionpro #realitemixte #RA #AppleGlass #realitevirtuelle #casques #RV @Apple__fr_ @Apple https://t.co/IppEfhy6ub https://t.co/9VqEuuBcjF,quels contenus sur apple vision pro multimédia visionpro applevisionpro realitemixte ra appleglass realitevirtuelle casque rv USER USER URL URL,0,0,172,0.0146442223340272,0.8587402701377869,0.126615509390831,0.8587402701377869,0.1119712870568037,Neutral
1749704897355022836,2024-01-23T03:05:30Z,2024-01-23,3,Tuesday,mohdhasan188551,Apple Music now let's you create collaborative playlists #AppleMusic #AppleVisionPro #ApplesNeverFall https://t.co/d4TZEPPc7o,apple music let create collaborative playlist applemusic applevisionpro applesneverfall URL,1,0,53,0.0021918986458331,0.161360278725624,0.8364478349685669,0.8364478349685669,0.8342559363227338,Positive
1749701789317026280,2024-01-23T02:53:09Z,2024-01-23,2,Tuesday,im_swaraj,Exciting News from Apple! #AppleVisionPro #Apple #India #technology #VirtualReality,exciting news apple applevisionpro apple india technology virtualreality,0,0,71,0.0017019961960613,0.0115380054339766,0.9867600202560424,0.9867600202560424,0.9850580240599812,Positive
1749671160995102767,2024-01-23T00:51:26Z,2024-01-23,0,Tuesday,news18dotcom,"Apple's Vision Pro Headset Sells Out Quickly; Over 1,80,000 Units Sold So Far, Says Kuo #AppleVisionPro #Apple #Technology https://t.co/jZItPmPiVT",apple vision pro headset sell quickly NUMBER NUMBER NUMBER unit sold far say kuo applevisionpro apple technology URL,0,0,232,0.0030645169317722,0.2721600830554962,0.7247754335403442,0.7247754335403442,0.721710916608572,Positive
1749653772719022169,2024-01-22T23:42:21Z,2024-01-22,23,Monday,workingfires,"If price was not a concern, would you wear these? Or would you wait until more redefined/ fashionable versions were available? #augmentedreality #apple #applevisionpro #visionpro #virtualreality #tech #techwear https://t.co/8i7bGUdyxp",price concern would wear would wait fashionable version available augmentedreality apple applevisionpro visionpro virtualreality tech techwear URL,3,0,353,0.0314089804887771,0.7972937822341919,0.1712972372770309,0.7972937822341919,0.1398882567882537,Neutral
1749637735198118348,2024-01-22T22:38:37Z,2024-01-22,22,Monday,anooprajaji,Official first look at the #AppleVisionPro 🥽 packaging... Source 〰️ @MacRumors #VisionPro box is large and comes in #Apple 's classic aesthetic white😌... @TechnoAnkit1 @techsatire @Vis_subaru https://t.co/YiJMlVctmx,official first look applevisionpro packaging source USER visionpro box large come apple classic aesthetic USER USER USER URL,5,2,820,0.0022717916872352,0.2206994146108627,0.7770287394523621,0.7770287394523621,0.7747569477651268,Positive
1749635158335013033,2024-01-22T22:28:23Z,2024-01-22,22,Monday,viadescapetv,Las #AppleVisionPro son todo un éxito: habrían rozado las 200.000 ventas en el fin de semana https://t.co/fOL27asM2z,la applevisionpro son todo un éxito habrían rozado la NUMBER ventas en el fin de semana URL,0,0,29,0.0124426251277327,0.8174693584442139,0.1700880825519561,0.8174693584442139,0.1576454574242234,Neutral
1749632744840462636,2024-01-22T22:18:47Z,2024-01-22,22,Monday,mr_wolf_15g,"Yeah, I struggle to reach for the #Quest. Assassins creed nexus is remarkable, but it hurts. It did certainly contribute my most viewed YouTube vids. VR hurts to play now. #PSVR2 #AppleVisionPro #MetaQuest2",yeah struggle reach quest assassin creed nexus remarkable hurt certainly contribute viewed youtube vids vr hurt play applevisionpro,0,0,294,0.8032029867172241,0.1586535573005676,0.03814347833395,0.8032029867172241,-0.7650595083832741,Negative
1749603960917258542,2024-01-22T20:24:25Z,2024-01-22,20,Monday,bennettbuhner,"Out of every one who sees this post, who has preordered the Apple Vision Pro Headset? I wonder what it'll be like (irl)! #Apple #AppleVisionPro #VisionPro #VisionOS #iPhone",every one see post preordered apple vision pro headset wonder like irl apple applevisionpro visionpro visionos iphone,14,0,1420,0.0107001457363367,0.6510429978370667,0.3382568359375,0.6510429978370667,0.3275566902011633,Neutral
1749590269064782004,2024-01-22T19:30:00Z,2024-01-22,19,Monday,mymobile_india,Apple Vision Pro Headset: Limited Units and High Demand Forecasted by Ming-Chi Kuo Read Here: https://t.co/94goMjXZsU #apple #applevisionpro #visionproheadset #appleheadset #technews #mymobileindia https://t.co/TuZ99Opgad,apple vision pro headset limited unit high demand forecasted kuo read URL apple applevisionpro visionproheadset appleheadset technews mymobileindia URL,0,0,66,0.0065493900328874,0.842257022857666,0.1511935591697693,0.842257022857666,0.1446441691368818,Neutral
1749584526504784211,2024-01-22T19:07:11Z,2024-01-22,19,Monday,matth_actu,Voici la taille de la Boîte de l'Apple Vision Pro avec l'Apple Vision Pro à côté en comparaison @EricdeBrocart voici maintenant la boîte avec l'Apple Vision Pro en comparaison #Apple #AppleVisionPro #VisionPro,voici la taille de la boîte de vision pro avec vision pro à côté en comparaison USER voici maintenant la boîte avec vision pro en comparaison apple applevisionpro visionpro,0,0,150,0.0149089591577649,0.7705501914024353,0.2145408242940902,0.7705501914024353,0.1996318651363253,Neutral
1749537141460250799,2024-01-22T15:58:54Z,2024-01-22,15,Monday,intelecticon,#AppleVisionPro #AI #AR #Home #FutureTech #Apple #DigitalDisruption #InnovativeEducation #VirtualTravel #Innovation #NextGenTech #LLM #ChatGPT,applevisionpro ai ar home futuretech apple digitaldisruption innovativeeducation virtualtravel innovation nextgentech llm chatgpt,0,0,96,0.0072929607704281,0.4354081153869629,0.5572988986968994,0.5572988986968994,0.5500059379264712,Positive
1749523895743602709,2024-01-22T15:06:15Z,2024-01-22,15,Monday,weeb_tv,@webnovel are you going to support visionOS imagine reading in a custom environment based on book and genre #webnovel #audiobooks #novel #fantasynovel #applevisionpro,USER going support visionos imagine reading custom environment based book genre webnovel audiobooks novel fantasynovel applevisionpro,0,0,33,0.0094491550698876,0.8114628791809082,0.1790879964828491,0.8114628791809082,0.1696388414129614,Neutral
1749509165343760455,2024-01-22T14:07:43Z,2024-01-22,14,Monday,ru_smlr,"#AppleVisionPro launches on Friday, February 2. SMLR's Peter Rokkos thinks it will bring virtual and augmented reality headsets into the mainstream, potentially revolutionizing the #FutureOfWork. Check out his interview with @qz. 👇 https://t.co/zg5DNdrC12",applevisionpro launch friday february NUMBER smlr peter rokkos think bring virtual augmented reality headset mainstream potentially revolutionizing futureofwork check interview USER URL,3,0,157,0.0020053240004926,0.1593098044395446,0.8386848568916321,0.8386848568916321,0.8366795328911394,Positive
1749499474722857054,2024-01-22T13:29:13Z,2024-01-22,13,Monday,titonods,🚀📱 Apenas 150 apps foram projetados especificamente para o novo Apple Vision Pro até o momento! Descubra por que o headset de realidade mista da Apple ainda não cativou os desenvolvedores de apps. Leia mais em: https://t.co/omA1aluQFL #TechCrunch #AppleVisionPro,apenas NUMBER apps foram projetados especificamente para novo apple vision pro até momento descubra por que headset de realidade mista da apple ainda não cativou o desenvolvedores de apps leia mais em URL techcrunch applevisionpro,0,0,29,0.0059442985802888,0.5359697341918945,0.4580859541893005,0.5359697341918945,0.4521416556090116,Neutral
1749472265429721204,2024-01-22T11:41:06Z,2024-01-22,11,Monday,viadescapetv,¿Cuántas #AppleVisionPro se han vendido hasta ahora? https://t.co/TXCgyw2TOe,applevisionpro se han vendido hasta ahora URL,0,0,20,0.0185320563614368,0.8905946612358093,0.0908733084797859,0.8905946612358093,0.072341252118349,Neutral
1749446832449618344,2024-01-22T10:00:02Z,2024-01-22,10,Monday,techradarmx,#PorSiTeLoPerdiste: 🤔 ¿En la búsqueda del #applevisionpro fuera de EE. UU.? Te contamos por qué esperar puede ser la mejor decisión. 🛑🌎 #apple #VisionPro #Tecnologia https://t.co/d8e49AHhBc,porsiteloperdiste la búsqueda del applevisionpro fuera de ee te contamos por qué esperar puede ser la mejor decisión apple visionpro tecnologia URL,0,0,49,0.0203243680298328,0.9258854389190674,0.0537902116775512,0.9258854389190674,0.0334658436477184,Neutral
1749408821854810467,2024-01-22T07:29:00Z,2024-01-22,7,Monday,bigg_v_01,"@100xAltcoinGems I’ll add more $OVR to my portfolio, I’ve been impressed since I bought in. Also, with view of the forthcoming adoption of #AppleVisionPro by @OVRtheReality, I believe we will see a 30x. 📈🔥",USER add ovr portfolio impressed since bought also view forthcoming adoption applevisionpro USER believe see,19,0,101,0.0020418022759258,0.0174378417432308,0.9805204272270204,0.9805204272270204,0.9784786249510944,Positive
1749408430442319989,2024-01-22T07:27:26Z,2024-01-22,7,Monday,alexreframe,Il y a tellement de choses à développer sur ce produit 😎 #AppleVisionPro,il tellement de choses à développer sur ce produit applevisionpro,13,1,2498,0.0048208553344011,0.1547994017601013,0.8403797745704651,0.8403797745704651,0.835558919236064,Positive
1749388119407759555,2024-01-22T06:06:44Z,2024-01-22,6,Monday,kevincholeau,"I think that Apple Vision Pro can contribute to the emergence of new independent platforms and applications and that's good. If #Spotify, #Giphy, #Meta, #Youtube refuse to develop applications on it and many other platforms will take their place. #AppleVisionPro #visionOS",think apple vision pro contribute emergence new independent platform application good spotify giphy meta youtube refuse develop application many platform take place applevisionpro visionos,7,4,366,0.0112833054736256,0.1432011872529983,0.8455154895782471,0.8455154895782471,0.8342321841046214,Positive
1749377055072878796,2024-01-22T05:22:46Z,2024-01-22,5,Monday,apple_geek_actu,"📦🥽 Détails sur le packaging de #AppleVisionPro : - La taille de la boîte du Vision Pro = environ 2 boîtes de Mac Studio - Des sacs commémoratifs, similaires à ceux de l'iPhone original, accompagnent la boîte - Le design du packaging promet une expérience unique à l'ouverture, reflétant l'innovation d'Apple. Source: @markgurman",détails sur le packaging de applevisionpro la taille de la boîte du vision pro environ NUMBER boîtes de mac studio de sac commémoratifs similaires à ceux de original accompagnent la boîte le design du packaging promet une expérience unique à reflétant source USER,79,8,9366,0.0101944888010621,0.8561638593673706,0.1336416155099868,0.8561638593673706,0.1234471267089247,Neutral
1749366179175579755,2024-01-22T04:39:33Z,2024-01-22,4,Monday,035market,"Day one buyers of Apple Vision Pro get a special launch shopping bag, just like Apple did for the first iPhone in 2007. #AppleVisionPro https://t.co/y1M0NDPFbH",day one buyer apple vision pro get special launch shopping bag like apple first iphone NUMBER applevisionpro URL,1,0,119,0.0024979577865451,0.2283200770616531,0.7691819667816162,0.7691819667816162,0.766684008995071,Positive
1749364563324424464,2024-01-22T04:33:08Z,2024-01-22,4,Monday,news18dotcom,Apple Has This Medical Warning For Vision Pro Users: Here's What It Says #Apple #AppleVisionPro https://t.co/v4hvQN1hUh,apple medical warning vision pro user say apple applevisionpro URL,0,0,257,0.0202441848814487,0.8786267638206482,0.1011290475726127,0.8786267638206482,0.080884862691164,Neutral
1749348857899630618,2024-01-22T03:30:43Z,2024-01-22,3,Monday,deaddegens_nft,#GIVEAWAY This porn watching dead degen is searching for a new home. 💀 Like + RT 📷 Tag a friend Running for 72hrs #AppleVisionPro https://t.co/5K5SAXgZX4,giveaway porn watching dead degen searching new home like rt tag friend running applevisionpro URL,599,580,14005,0.5476208329200745,0.4084889590740204,0.0438902080059051,0.5476208329200745,-0.5037306249141693,Negative
1749346180776268143,2024-01-22T03:20:05Z,2024-01-22,3,Monday,visionvrfr,"L'Apple Vision Pro est compatible AirPlay, une excellente nouvelle ? Derrière cette annonce se cache une déception pour certains utilisateurs... Découvrez dans notre article exclusif les limites de cette intégration ! #AppleVisionPro #Airplay #VisionOS https://t.co/gxrGwvRTnp",vision pro est compatible airplay une excellente nouvelle derrière cette annonce se cache une déception pour certains utilisateurs découvrez dans notre article exclusif le limites de cette intégration applevisionpro airplay visionos URL,0,0,202,0.0219975728541612,0.694897472858429,0.2831048965454101,0.694897472858429,0.2611073236912489,Neutral
1749345321564483765,2024-01-22T03:16:40Z,2024-01-22,3,Monday,filmnoirapp,"It’s here! FilmNoir is now available on Apple Vision Pro! 📺 Track your films &amp; TV shows. 🎥 Discover new titles. 🍿 Find where to watch. 🔥 And more! Powered by @trakt, @themoviedb &amp; @JustWatch. Get the app: https://t.co/SVm0k6gve1 #AppleVisionPro https://t.co/V3jVWzL743",filmnoir available apple vision pro track film amp tv show discover new title find watch powered USER USER amp USER get app URL applevisionpro URL,23,5,11500,0.0018325773999094,0.1594051420688629,0.8387623429298401,0.8387623429298401,0.8369297655299306,Positive
1749341683752313203,2024-01-22T03:02:13Z,2024-01-22,3,Monday,matth_actu,Apple aurais vendu lors des précommande entre 160 000 et 180 000 exemplaire de l’Apple Vision Pro #Apple #AppleVisionPro #VisionPro,apple aurais vendu lors de précommande entre NUMBER NUMBER et NUMBER NUMBER exemplaire de l apple vision pro apple applevisionpro visionpro,0,0,155,0.0110220285132527,0.5459995865821838,0.4429783821105957,0.5459995865821838,0.4319563535973429,Neutral
1749339779169202552,2024-01-22T02:54:39Z,2024-01-22,2,Monday,mixedrealitytv,Apple sells me a $4k HMD but prevents me to buy fitting Zeiss lens inserts because I do not have a US prescription?? My German eyes not good enough for German lens inserts?Anyone knows how to get around it other than photoshop? @Apple @ZEISS_Group #AppleVisionPro,apple sell hmd prevents buy fitting zeiss lens insert u prescription german eye good enough german lens insert anyone know get around photoshop USER USER applevisionpro,23,2,3676,0.8680362105369568,0.1240078657865524,0.0079559432342648,0.8680362105369568,-0.8600802673026919,Negative
1749306080822452365,2024-01-22T00:40:44Z,2024-01-22,0,Monday,contentbuffer,Forget Apple Vision Pro — rabbit r1 is 2024’s most exciting launch yet https://t.co/sH4bU5VU4t #Hardware #AI #applevisionpro #GenerativeAI #rabbitr1,forget apple vision pro rabbit NUMBER exciting launch yet URL hardware ai applevisionpro generativeai,0,0,72,0.0019878651946783,0.0428110770881176,0.9552010297775269,0.9552010297775269,0.9532131645828484,Positive
1749302017636602246,2024-01-22T00:24:36Z,2024-01-22,0,Monday,gregoriancant,"I saw the video demos of this, and the immersive tech on vids/pics/movies is truly impressive. The downside is that I don’t think a lot of people will want to wear this ALL day to do their work. Maybe 2 hours, then crawling to bed to recover. #AppleVisionPro",saw video demo immersive tech truly impressive downside think lot people want wear day work maybe NUMBER hour crawling bed recover applevisionpro,0,0,73,0.1622727513313293,0.2994491457939148,0.5382781028747559,0.5382781028747559,0.3760053515434265,Positive
1749262395963314402,2024-01-21T21:47:09Z,2024-01-21,21,Sunday,faisalahmedreal,Apple Vision pro looks kinda neat… Time to cop?? #apple #applevisionpro,apple vision pro look kinda time cop apple applevisionpro,0,0,57,0.0023631381336599,0.0441697873175144,0.953467071056366,0.953467071056366,0.951103932922706,Positive
1749210371850707055,2024-01-21T18:20:26Z,2024-01-21,18,Sunday,joseperezjr01,I found a Vision Pro travel case that's cheaper and somehow better than Apple's https://t.co/MFCbQlOrEe by @ZDNET #iOS #Apple #AppleVisionPro,found vision pro travel case cheaper somehow better apple URL USER io apple applevisionpro,2,0,116,0.0042356592603027,0.0470383614301681,0.9487259984016418,0.9487259984016418,0.9444903391413392,Positive
1749163206470144138,2024-01-21T15:13:00Z,2024-01-21,15,Sunday,remezene06,@xrpltcbtc $high #AppleVisionPro 💥🔥👀,USER high applevisionpro,0,0,98,0.0037392030935734,0.1552760899066925,0.8409847021102905,0.8409847021102905,0.8372454990167171,Positive
1749072360030789852,2024-01-21T09:12:01Z,2024-01-21,9,Sunday,vics_vibes,"Over 80,000+ units sold on Day 1 (+$280 Million Dollars) A flagship product like this, introducing its own operating system, instantly creates a TON of new opportunity. #VicsVision #AVP #AppleVisionPro #Quest3 #Apple #AppleNews #SpatialComputing @apple @digitallyhustlin https://t.co/eRh11BbbCb",NUMBER NUMBER unit sold day NUMBER NUMBER million dollar flagship product like introducing operating system instantly creates ton new opportunity vicsvision avp applevisionpro apple applenews spatialcomputing USER USER URL,2,0,65,0.0024177711457014,0.0458758510649204,0.9517063498497008,0.9517063498497008,0.9492885787039996,Positive
1749040825571639625,2024-01-21T07:06:43Z,2024-01-21,7,Sunday,dailyns07,Microsoft teams app for apple vision pro #Microsoft #AppleVisionPro https://t.co/NiMPbgI5aF,microsoft team app apple vision pro microsoft applevisionpro URL,1,0,32,0.0061519281007349,0.5071192383766174,0.4867288470268249,0.5071192383766174,0.48057691892609,Neutral
1748869777806758217,2024-01-20T19:47:02Z,2024-01-20,19,Saturday,techjunkiejh,#AppleVisionPro Competitor Gains Half a Billion in Funding - XR Today https://t.co/rGEM3SEZ4Z #TechJunkieInvest #investing #TechJunkieNews #Tech #MetaVerse https://t.co/eEIMFQ11An,applevisionpro competitor gain half billion funding xr today URL techjunkieinvest investing techjunkienews tech metaverse URL,1,0,57,0.0051427390426397,0.6187431812286377,0.3761140406131744,0.6187431812286377,0.3709713015705347,Neutral
1748814944496128355,2024-01-20T16:09:08Z,2024-01-20,16,Saturday,matth_actu,Voici a quoi resemble Zoom sur l'Apple Vision Pro #Apple #AppleVisionPro #VisionPro #Zoom,voici quoi resemble zoom sur vision pro apple applevisionpro visionpro zoom,0,0,252,0.0083957677707076,0.5767012238502502,0.4149029552936554,0.5767012238502502,0.4065071875229478,Neutral
1748792801213505629,2024-01-20T14:41:09Z,2024-01-20,14,Saturday,cfernandezrubi,Si hago la reserva y me empiezas a bajar calidad del producto… es de ser muy guarros #applevisionpro,si hago la reserva empiezas bajar calidad del e de ser muy guarros applevisionpro,0,0,108,0.0419017486274242,0.8136705160140991,0.1444276869297027,0.8136705160140991,0.1025259383022785,Neutral
1748771993720123611,2024-01-20T13:18:28Z,2024-01-20,13,Saturday,evankirstel,🎶 Come with me and you'll be In a world of pure imagination Take a look and you'll see Into your imagination #AppleVisionPro https://t.co/z9DaluCbbQ,come world pure imagination take look see imagination applevisionpro URL,18,9,3173,0.0023970426991581,0.1543663442134857,0.8432366251945496,0.8432366251945496,0.8408395824953914,Positive
1748767944723607613,2024-01-20T13:02:23Z,2024-01-20,13,Saturday,thedealbuyer,"Cashing out Apple Vision Pro, checkout our discord and website for more info. #VisionPro #AppleVisionPro #apple",cashing apple vision pro checkout discord website info visionpro applevisionpro apple,3,1,859,0.0027024343144148,0.3061103820800781,0.6911871433258057,0.6911871433258057,0.6884847090113908,Positive
1748767906630869120,2024-01-20T13:02:14Z,2024-01-20,13,Saturday,altryne,"If you got the #AppleVisionPro and have the latest iPhone Pro, make sure to enable the spatial video recording! You will only be able to see these videos on spatial way inside the device, but might as well start now Here's how: https://t.co/Cn9t6wkfa6",got applevisionpro latest iphone pro make sure enable spatial video recording able see video spatial way inside device might well start URL,12,0,1842,0.0039184624329209,0.3576575815677643,0.6384239196777344,0.6384239196777344,0.6345054572448134,Positive
1748766398824739237,2024-01-20T12:56:14Z,2024-01-20,12,Saturday,trixdi3dlinks,"We are sooo ready for this moment: 3D websites will be the best interaction We can say we are one the first tools with this mindset #AppleVisionPro of course, @threejs created this future #threejs",sooo ready moment website best interaction say one first tool mindset applevisionpro course USER created future threejs,2,0,190,0.0018404867732897,0.0097669474780559,0.9883925318717957,0.9883925318717957,0.986552045098506,Positive
1748732652897866092,2024-01-20T10:42:08Z,2024-01-20,10,Saturday,101bestvideos,https://t.co/pV9tb3Rkhb #AppleVisionPro,URL applevisionpro,0,0,24,0.0091324029490351,0.5418766140937805,0.4489909708499908,0.5418766140937805,0.4398585679009557,Neutral
1748722057582367019,2024-01-20T10:00:02Z,2024-01-20,10,Saturday,digilabs360,🌐 Apple Vision Pro at CES 2024: A no-show that's still a showstopper in VR/AR! Explore how it's setting new industry standards from afar. 🕶️🔥 #CES2024 #AppleVisionPro #technology #TechNews Dive into the future now! Click here! 👉 https://t.co/NjgQtT7dVp,apple vision pro ce NUMBER still showstopper explore setting new industry standard afar applevisionpro technology technews dive future click URL,1,1,99,0.0024891763459891,0.0718397051095962,0.9256711602211,0.9256711602211,0.9231819838751107,Positive
1748712564564132088,2024-01-20T09:22:19Z,2024-01-20,9,Saturday,expresstechie,A first-look tour video reveals the immersive experiences enabled by Apple's new Vision Pro mixed reality headset. #AppleVisionPro #Apple https://t.co/vvd25Gt8Ku,tour video reveals immersive experience enabled apple new vision pro mixed reality headset applevisionpro apple URL,8,2,3020,0.002101759891957,0.1309060752391815,0.866992175579071,0.866992175579071,0.864890415687114,Positive
1748696045125509605,2024-01-20T08:16:41Z,2024-01-20,8,Saturday,davidsno,Happy pre order day. #AppleVisionPro 🥽 https://t.co/7n2sdjNCvU,happy pre order day applevisionpro URL,2,1,252,0.0016260732663795,0.0083169601857662,0.9900569319725036,0.9900569319725036,0.988430858706124,Positive
1748679648295190711,2024-01-20T07:11:31Z,2024-01-20,7,Saturday,shalaa_finance,"APPLE'S FIRST MAJOR NEW PRODUCT IN 9 YEARS, TO ARRIVE ON FEBRUARY 2,2024. THE APPLE VISION PRO TO BE SOLD IN USA FOR $3499. #AppleVisionPro #AppleVision #AppleVisionPro @Apple @tim_cook https://t.co/hG4m5SUIGE",apple first major new product NUMBER year arrive february NUMBER NUMBER apple vision pro sold usa NUMBER applevisionpro applevision applevisionpro USER USER URL,2,1,98,0.0019238635431975,0.1412661075592041,0.8568100333213806,0.8568100333213806,0.8548861697781831,Positive
1748647052580475087,2024-01-20T05:02:00Z,2024-01-20,5,Saturday,skarredghost,Apple Vision Pro Reportedly Has The 10-Core GPU Variant Of The M2 Chipset &amp; 16GB RAM - @UploadVR https://t.co/uxaBNIGiaC #Apple #AppleVisionPro #VirtualReality,apple vision pro reportedly NUMBER gpu variant chipset amp ram USER URL apple applevisionpro virtualreality,1,1,587,0.00358093297109,0.6721002459526062,0.3243188261985779,0.6721002459526062,0.3207378932274878,Neutral
1748617586877624697,2024-01-20T03:04:55Z,2024-01-20,3,Saturday,psappdev,"Well, after watching the #Apple onboarding video for #AppleVisionPro , I think it’s time to revive my AR idea from 3 years ago that I specifically reserved for this headset, whatever it was supposed to be like. #iosdev",well watching apple onboarding video applevisionpro think time revive ar idea NUMBER year ago specifically reserved headset whatever supposed like iosdev,0,0,44,0.0089748734608292,0.1922372579574585,0.7987878322601318,0.7987878322601318,0.7898129587993026,Positive
1748601300017942638,2024-01-20T02:00:12Z,2024-01-20,2,Saturday,itz_mohitverma,Apple Vision Pro is now available for pre-order Prices:- 256GB= 3500$ 512GB= 3700$ 1TB= 3900$ Zeiss Prescription lens: 100$ Travel Case for Vision Pro: 200$ Apple Care Plus: $500 Extra battery: $200 Apple employees will get 25% OFF on buying a Vision Pro #AppleVisionPro #Apple,apple vision pro available price NUMBER NUMBER NUMBER zeiss prescription lens NUMBER travel case vision pro NUMBER apple care plus NUMBER extra battery NUMBER apple employee get NUMBER buying vision pro applevisionpro apple,0,0,151,0.0045505734160542,0.5659903287887573,0.4294590950012207,0.5659903287887573,0.4249085215851664,Neutral
1748582293826949417,2024-01-20T00:44:40Z,2024-01-20,0,Saturday,futureio,Loving it. I’ve never tried it. AMA #AppleVisionPro https://t.co/XvgAOSao5U,loving never tried ama applevisionpro URL,0,0,106,0.0036179865710437,0.013032735325396,0.9833493232727052,0.9833493232727052,0.9797313367016612,Positive
1748572990298886404,2024-01-20T00:07:42Z,2024-01-20,0,Saturday,techwithaaronhd,#AppleVisionPro https://t.co/WTASaOGFhY,applevisionpro URL,3,1,330,0.006501005962491,0.6011123657226562,0.392386645078659,0.6011123657226562,0.385885639116168,Neutral
1748556596492611708,2024-01-19T23:02:33Z,2024-01-19,23,Friday,gokmedia0,Pick your favorite wallpaper!👀 #wallpaper #GalaxyS24 #AppleVisionPro #minimalist https://t.co/Y7HapMUT3I,pick favorite wallpaper wallpaper applevisionpro minimalist URL,2,0,477,0.0038159918040037,0.2168532758951187,0.7793306708335876,0.7793306708335876,0.7755146790295839,Positive
1748540156922184141,2024-01-19T21:57:14Z,2024-01-19,21,Friday,anooprajaji,Manufacturing process of #AppleVisionPro 🥽 #Apple #AppleWatch #visionOS #BrandedFeatures @TechnoAnkit1 @appltrack https://t.co/SkjB0MCF0r,manufacturing process applevisionpro apple applewatch visionos brandedfeatures USER USER URL,4,2,1864,0.0026030729059129,0.3229502439498901,0.674446702003479,0.674446702003479,0.671843629097566,Positive
1748509356071538869,2024-01-19T19:54:50Z,2024-01-19,19,Friday,jidefr,IVisionBeer app is ready. #AppleVisionPro https://t.co/tcuhCxfMKa,ivisionbeer app ready applevisionpro URL,1,0,139,0.0032011482398957,0.279988557100296,0.7168102860450745,0.7168102860450745,0.7136091378051788,Positive
1748482491579523308,2024-01-19T18:08:05Z,2024-01-19,18,Friday,viadescapetv,#YouTube tampoco tendrá app para #AppleVisionPro https://t.co/0fiVZ3Ohxy,youtube tampoco tendrá app para applevisionpro URL,1,0,31,0.0101627465337514,0.804973304271698,0.1848639547824859,0.804973304271698,0.1747012082487344,Neutral
1748478969236607380,2024-01-19T17:54:06Z,2024-01-19,17,Friday,thatsdaitronsr,I feel like this really is the first time @Apple said “Fuck You” to regular people. #AppleVisionPro 😢,feel like really first time USER said fuck regular people applevisionpro,0,0,46,0.9141953587532043,0.07557013630867,0.0102344695478677,0.9141953587532043,-0.9039608892053366,Negative
1748475826079699217,2024-01-19T17:41:36Z,2024-01-19,17,Friday,trading_sunset,$AAPL settled +1.5% to $191.56. Momentum has turned positive. There was marginal mainstream hysteria about #AppleVisionPro ... but at $3499 a headset... its a hyper niche product. https://t.co/1haWkTsPfl,aapl settled NUMBER NUMBER momentum turned positive marginal mainstream hysteria applevisionpro NUMBER headset hyper niche product URL,7,1,441,0.0041636759415268,0.0541627667844295,0.9416735768318176,0.9416735768318176,0.9375099008902908,Positive
1748474766254551342,2024-01-19T17:37:24Z,2024-01-19,17,Friday,1paulj_,I can’t even lie panorama photos and static video looks sick on Apple VisiOn Pro #AppleVisionPro https://t.co/6ynmXPJU6v,even lie panorama photo static video look sick apple vision pro applevisionpro URL,0,0,280,0.0066106654703617,0.0420832894742488,0.9513060450553894,0.9513060450553894,0.9446953795850276,Positive
1748469282126594260,2024-01-19T17:15:36Z,2024-01-19,17,Friday,applevisionpro,"So, did you ordered it? #AppleVisionPro 👇🏻👀 https://t.co/gwNPhHSwHK",ordered applevisionpro URL,166,9,18356,0.0053013544529676,0.9170408248901368,0.0776578336954116,0.9170408248901368,0.072356479242444,Neutral
1748467445659054552,2024-01-19T17:08:18Z,2024-01-19,17,Friday,stargods9,90 doge coin 🪙 Did I get rugged? @dogecoin #AppleVisionPro https://t.co/hP76nGUJ9k,NUMBER doge coin get rugged USER applevisionpro URL,6,0,367,0.0081292344257235,0.8886355757713318,0.1032351553440094,0.8886355757713318,0.0951059209182858,Neutral
1748464450183573620,2024-01-19T16:56:24Z,2024-01-19,16,Friday,sounds_nerdy,Already on Ebay for a ridiculous price! Damn scalpers #AppleVisionPro #apple #visionpro #technology https://t.co/nl0igKzKmY,already ebay ridiculous price damn scalper applevisionpro apple visionpro technology URL,1,2,286,0.8407853841781616,0.1240827366709709,0.0351319387555122,0.8407853841781616,-0.8056534454226494,Negative
1748464336501403845,2024-01-19T16:55:57Z,2024-01-19,16,Friday,gomery,You have got to be shitting me @apple. I’m more inclined to buy an over priced #Cybertruck than the over priced #AppleVisionPro. Wow…Over 4k. 😳 https://t.co/8zVUjvB9NK,got shitting USER inclined buy priced cybertruck priced applevisionpro URL,0,0,121,0.778374195098877,0.1666351109743118,0.0549906082451343,0.778374195098877,-0.7233835868537426,Negative
1748464016052179416,2024-01-19T16:54:40Z,2024-01-19,16,Friday,fomoduck,What’s your vision for the Apple vision? 👀 #AppleVisionPro https://t.co/LTaKpht9v1,vision apple vision applevisionpro URL,62,17,9924,0.0047403401695191,0.5569164752960205,0.438343197107315,0.5569164752960205,0.4336028569377959,Neutral
1748453012610134329,2024-01-19T16:10:57Z,2024-01-19,16,Friday,pcphilanthropy,#AppleVisionPro training day! https://t.co/Z9o6T0PHWd,applevisionpro training day URL,40,1,2174,0.0024238324258476,0.3468207418918609,0.6507554054260254,0.6507554054260254,0.6483315730001777,Positive
1748443412070551978,2024-01-19T15:32:48Z,2024-01-19,15,Friday,r2dhue,"[#AppleVisionPro, Apple, $AAPL, Apple Vision Pro, preorder, sold out] HA, HA! 🫵😂",applevisionpro apple aapl apple vision pro preorder sold ha ha,0,0,325,0.2453780770301818,0.5191866159439087,0.2354352623224258,0.5191866159439087,-0.009942814707756,Neutral
1748442264714571926,2024-01-19T15:28:15Z,2024-01-19,15,Friday,nirkouris,My dream is to see @benskaarphoto Cinema in the Sky 🌌 on Apple Vision Pro. #AppleVisionPro Also Space journeys by: @richardzphotoz 🙌🌍🧑‍🚀🔭🪐 @tim_cook 🤝👋 https://t.co/durbdzhNXi,dream see USER cinema sky apple vision pro applevisionpro also space journey USER USER URL,5,0,368,0.001768150832504,0.0614642277359962,0.9367676377296448,0.9367676377296448,0.9349994868971409,Positive
1748435455006113978,2024-01-19T15:01:11Z,2024-01-19,15,Friday,apple_geek_actu,"🚀✨ Toutes les applications intégrées à #AppleVisionPro Curieux de voir les premières apps développer spécialement pour le Vision Pro. Ce sont les applications tierces qui feront, selon moi, la différence dans l'expérience utilisateur https://t.co/PfQdkgUi3S",toutes le application intégrées à applevisionpro curieux de voir le premières apps développer spécialement pour le vision pro ce sont le application tierce qui feront selon moi la différence dans utilisateur URL,28,2,3383,0.009677336551249,0.3709223568439483,0.6194003224372864,0.6194003224372864,0.6097229858860373,Positive
1748432578443637164,2024-01-19T14:49:45Z,2024-01-19,14,Friday,tomorrownook,Just spent the morning with the Apple Vision Pro 🍎 👁️ Is it the future of technology or just a sight for sore eyes? #AppleVisionPro #TechTrends https://t.co/Ua7d9mqLpl,spent morning apple vision pro future technology sight sore eye applevisionpro techtrends URL,0,0,66,0.0024304140824824,0.1029460132122039,0.8946235775947571,0.8946235775947571,0.8921931635122746,Positive
1748425372335550939,2024-01-19T14:21:07Z,2024-01-19,14,Friday,batiingeniero,Me descubrió el jefe viendo #jujutsukaisen en el trabajo #sukuna #satorugojo #itadoriyuuji #anime #applevisionpro #cristianoronaldo https://t.co/eNW9PT4O6a,descubrió el jefe viendo jujutsukaisen en el trabajo sukuna satorugojo itadoriyuuji anime applevisionpro cristianoronaldo URL,0,0,131,0.0153026646003127,0.9088934063911438,0.0758038386702537,0.9088934063911438,0.060501174069941,Neutral
1748406505324388682,2024-01-19T13:06:09Z,2024-01-19,13,Friday,okoliepreciouz,Compare Apple Series 9 and Ultra 2: Differences &amp; Similarities https://t.co/XzfKGkFqwO via @Momsall #AppleVisionPro #AppleMusic,compare apple series NUMBER ultra NUMBER difference amp similarity URL via USER applevisionpro applemusic,0,0,28,0.0041561899706721,0.6934746503829956,0.3023691773414612,0.6934746503829956,0.298212987370789,Neutral
1748404838105289054,2024-01-19T12:59:31Z,2024-01-19,12,Friday,waivly,This is how #AppleVisionPro's are made 🤩 https://t.co/bVZHKjj570,applevisionpro made URL,7,0,196,0.0016837179427966,0.0179111305624246,0.9804051518440248,0.9804051518440248,0.978721433901228,Positive
1748403904830673291,2024-01-19T12:55:49Z,2024-01-19,12,Friday,cfolea,Aw man #AppleVisionPro https://t.co/ryAAtQ4cpS,aw man applevisionpro URL,2,0,95,0.0555136837065219,0.2371453195810318,0.7073410153388977,0.7073410153388977,0.6518273316323757,Positive
1748400516722221413,2024-01-19T12:42:21Z,2024-01-19,12,Friday,thatvirtualboy,#AppleVisionPro https://t.co/v3HDHV7Gvn,applevisionpro URL,3,0,178,0.006501005962491,0.6011123657226562,0.392386645078659,0.6011123657226562,0.385885639116168,Neutral
1748397709701349650,2024-01-19T12:31:12Z,2024-01-19,12,Friday,instabuydeals,Best of vision pro #AppleVisionPro 📹willbowers https://t.co/QO1kV8yCsT,best vision pro applevisionpro URL,0,0,69,0.0027525599580258,0.0945554822683334,0.9026919603347778,0.9026919603347778,0.899939400376752,Positive
1748392179389890690,2024-01-19T12:09:13Z,2024-01-19,12,Friday,kastlecapital,If you got a free vision pro headset and 50 million cash BUT there was a 3% chance you would never be able to take the headset off Would you take that chance?? #AppleVisionPro #Apple $AAPL $TSLA,got free vision pro headset NUMBER million cash NUMBER chance would never able take headset would take chance applevisionpro apple aapl tsla,0,0,147,0.1406963020563125,0.5437740087509155,0.3155296742916107,0.5437740087509155,0.1748333722352981,Neutral
1748391361731297432,2024-01-19T12:05:58Z,2024-01-19,12,Friday,frankauthority,#AppleVisionPro #Apple Apple Vision Pro preorder starts today excited to see how the next generation of technology is !!!! https://t.co/uIa3Rp8jKu,applevisionpro apple apple vision pro preorder start today excited see next generation technology URL,0,0,112,0.0011838675709441,0.0118847787380218,0.9869313836097716,0.9869313836097716,0.9857475160388276,Positive
1748382714854543882,2024-01-19T11:31:37Z,2024-01-19,11,Friday,motawakil_morad,BASKET BALL T-SHIRT #FridayFeeling #fridaymorning #notification #AppleVisionPro #Gypsy #schoolfights #KOZAA @lolesports https://t.co/bZlsCGgrVO,basket ball fridayfeeling fridaymorning notification applevisionpro gypsy schoolfights kozaa USER URL,5,0,422,0.0182514805346727,0.7874093651771545,0.194339171051979,0.7874093651771545,0.1760876905173063,Neutral
1748381355895853548,2024-01-19T11:26:13Z,2024-01-19,11,Friday,f2success,"2024 Apple Vision Pro Review We critique Apple's claim of innovation and its staggering $3,500 price tag. Is it really worth the cost when compared to the more affordable Oculus? #vr #apple #applevisionpro https://t.co/nnHZRxLjFd",NUMBER apple vision pro review critique apple claim innovation staggering NUMBER NUMBER price tag really worth cost compared affordable oculus vr apple applevisionpro URL,0,0,163,0.6156320571899414,0.3488532900810241,0.0355146527290344,0.6156320571899414,-0.580117404460907,Negative
1748380369743679507,2024-01-19T11:22:18Z,2024-01-19,11,Friday,mikethetechnerd,Watch the making of the Apple Vision Pro video on YouTube! https://t.co/pSv7CGVbG6 #Apple #AppleVisionPro #BehindTheScenes @AppleNewswires @AppleVisionPro Via @spatialreport,watch making apple vision pro video youtube URL apple applevisionpro behindthescenes USER USER via USER,1,0,52,0.0027574631385505,0.4332212805747986,0.5640212297439575,0.5640212297439575,0.561263766605407,Positive
1748363904118325738,2024-01-19T10:16:52Z,2024-01-19,10,Friday,emkwan,It’s time is now #AppleVisionPro 1983 vs 2024 https://t.co/KHQxa7WdH0,time applevisionpro NUMBER v NUMBER URL,21,0,1837,0.0061079179868102,0.5903391242027283,0.4035530090332031,0.5903391242027283,0.3974450910463929,Neutral
1748363275178213485,2024-01-19T10:14:22Z,2024-01-19,10,Friday,pedrojijong,"Información adicional: Los adaptadores de carga compatibles con las #AppleVisionPro son: 30W (incluido en la caja), 35W, 70W, 96W y 140W. ⚠️ El adaptador de 20W con el que normalmente cargamos nuestro iPhone y iPad, a pesar de ser USB-C, NO es compatible con las Vision Pro. https://t.co/KJ4PjoRCXR",información adicional los adaptadores de carga compatibles con la applevisionpro son incluido en la caja el adaptador de con el que normalmente cargamos nuestro iphone ipad pesar de ser e compatible con la vision pro URL,12,1,1623,0.0223464649170637,0.8228245377540588,0.1548290252685547,0.8228245377540588,0.1324825603514909,Neutral
1748361881247777056,2024-01-19T10:08:50Z,2024-01-19,10,Friday,mentalartist,And now for the waiting... Due to technical difficulties my order took a while to get in but I'm expecting delivery by Feb 16th! #AppleVisionPro https://t.co/LpJiDkgAMs,waiting due technical difficulty order took get expecting delivery feb applevisionpro URL,2,0,135,0.2475340962409973,0.5405192375183105,0.2119466811418533,0.5405192375183105,-0.0355874150991439,Neutral
1748359506570911862,2024-01-19T09:59:23Z,2024-01-19,9,Friday,alexreframe,Ils ont prévu une boîte de transport rembourrée stye doudoune pour 199$ ! On attend les solutions tierces qui vont pleuvoir ! #AppleVisionPro #Apple https://t.co/0HEW9o6Ef8,il ont prévu une boîte de transport rembourrée stye doudoune pour NUMBER attend le solution tierce qui vont pleuvoir applevisionpro apple URL,11,1,967,0.0185620617121458,0.594683825969696,0.3867541253566742,0.594683825969696,0.3681920636445284,Neutral
1748359144812507551,2024-01-19T09:57:57Z,2024-01-19,9,Friday,gdubvta72,#NewProfilePic happy @Apple Vision Pro Day #AppleVisionPro https://t.co/jaWEwtHNeb,newprofilepic happy USER vision pro day applevisionpro URL,5,0,261,0.001537108561024,0.0100927781313657,0.9883700609207152,0.9883700609207152,0.9868329523596912,Positive
1748359138520768873,2024-01-19T09:57:56Z,2024-01-19,9,Friday,nirkouris,Let me know if your around for a Demo. @doodles #AppleVisionPro https://t.co/uddsyvMV2h,let know around demo USER applevisionpro URL,10,0,623,0.0035798086319118,0.5141580104827881,0.4822622537612915,0.5141580104827881,0.4786824451293796,Neutral
1748350048142856574,2024-01-19T09:21:48Z,2024-01-19,9,Friday,philipsfuture,technically you can't order a Vision Pro from an Android device 😭 #AppleVisionPro https://t.co/La2iPZGKY3,technically ca order vision pro android device applevisionpro URL,14,4,2526,0.5799752473831177,0.3878186047077179,0.0322061292827129,0.5799752473831177,-0.5477691181004047,Negative
1748347891737842053,2024-01-19T09:13:14Z,2024-01-19,9,Friday,nick__heller,Does that mean you can AirPlay to iPhone and iPad too? Haven’t seen that before. #AppleVisionPro https://t.co/1UR4Afv2ao,mean airplay iphone ipad seen applevisionpro URL,0,0,95,0.0033541563898324,0.5323305130004883,0.4643153548240661,0.5323305130004883,0.4609611984342336,Neutral
1748340003132850300,2024-01-19T08:41:53Z,2024-01-19,8,Friday,practicallygeek,"👀 Honestly, if I had that to spend, I would. Yes, I've been somewhat negative towards AVP but it's something new for XR 'cough' Spatial Computing industry so I'm curious to try it, which I doubt I will ever get the chance to. #AppleVisionPro #Spatial #VR #VirtualReality #Apple",honestly spend would yes somewhat negative towards avp something new xr cough spatial computing industry curious try doubt ever get chance applevisionpro spatial vr virtualreality apple,0,0,181,0.017138484865427,0.1376935839653015,0.8451679348945618,0.8451679348945618,0.8280294500291348,Positive
1748339229518659664,2024-01-19T08:38:49Z,2024-01-19,8,Friday,soptionist68381,$AAPL: Now coming for the 50DMA ($189.56) It is also about to break above the down-trendline (already higher in pre-market trading). Next upside target: ~$195 $QQQ #Apple #AppleVisionPro,aapl coming NUMBER also break already higher trading next upside target NUMBER qqq apple applevisionpro,1,0,285,0.0029635499231517,0.1573503017425537,0.8396861553192139,0.8396861553192139,0.8367226053960621,Positive
1748337118777110713,2024-01-19T08:30:26Z,2024-01-19,8,Friday,apple_geek_actu,"🥽✨Un AppleCare+ pour #AppleVisionPro est disponible ! À 499 $, cette option offre des réparations illimitées pour les dommages accidentels, un service et support certifiés Apple, le service d'échange express, et un accès prioritaire 24/7 avec les experts Apple Vu le prix du Vision Pro, je crois que la plupart vont le prendre",pour applevisionpro est disponible à NUMBER cette option offre de réparations illimitées pour le dommages accidentels un service et support certifiés apple le service express et un accès prioritaire NUMBER NUMBER avec le expert apple vu le prix du vision pro je crois que la plupart vont le prendre,64,6,22430,0.0055535724386572,0.1712978035211563,0.8231486082077026,0.8231486082077026,0.8175950357690454,Positive
1748335729925816669,2024-01-19T08:24:55Z,2024-01-19,8,Friday,rahulsood,If you're ordering the Apple Vision Pro do NOT use the mobile app -- it crashes like crazy. #AppleVisionPro,ordering apple vision pro use mobile app crash like crazy applevisionpro,2,0,875,0.8123048543930054,0.1490219235420227,0.0386731848120689,0.8123048543930054,-0.7736316695809364,Negative
1748334588584140819,2024-01-19T08:20:23Z,2024-01-19,8,Friday,bengeskin,"Sooo, did you ordered it? 👀 #AppleVisionPro",sooo ordered applevisionpro,171,4,29370,0.0064905388280749,0.8647423386573792,0.1287670284509658,0.8647423386573792,0.1222764896228909,Neutral
1748334357184422016,2024-01-19T08:19:27Z,2024-01-19,8,Friday,just__smith,@andrewjclare DAY.LIGHT.ROBBERY #AppleVisionPro,USER applevisionpro,0,0,157,0.0051178052090108,0.4281203746795654,0.5667617917060852,0.5667617917060852,0.5616439864970744,Positive
1748333561290334624,2024-01-19T08:16:18Z,2024-01-19,8,Friday,nana_corriente,はい！！！！！！！！！！！！！！！！！ #AppleVisionPro https://t.co/dJt2LK99bH,applevisionpro URL,117,10,8882,0.0021500564180314,0.036988653242588,0.9608612656593324,0.9608612656593324,0.9587112092413008,Positive
1748333247954551194,2024-01-19T08:15:03Z,2024-01-19,8,Friday,honourm3typx,#AppleVisionPro https://t.co/67ONIS4lga,applevisionpro URL,1,0,102,0.006501005962491,0.6011123657226562,0.392386645078659,0.6011123657226562,0.385885639116168,Neutral
1748332740985122917,2024-01-19T08:13:02Z,2024-01-19,8,Friday,jcherrey,"Um… a little bit of buyers remorse, but it’s been done 😅 #AppleVisionPro https://t.co/AQWMgqzG1G",little bit buyer remorse done applevisionpro URL,1,0,247,0.039794236421585,0.3159394860267639,0.6442662477493286,0.6442662477493286,0.6044720113277435,Positive
1748331155240210768,2024-01-19T08:06:44Z,2024-01-19,8,Friday,apfeltalk,"🚀 Just in time for the Apple Vision Pro launch on Feb 2, 2024! Exclusive hands-on reports from notable reviewers highlight its unmatched immersion but also point to comfort challenges and room for improvement. Read more at https://t.co/Ba0msJBEBs #AppleVisionPro #MixedReality",time apple vision pro launch feb NUMBER NUMBER exclusive report notable reviewer highlight unmatched immersion also point comfort challenge room improvement read URL applevisionpro mixedreality,1,0,965,0.0016138176433742,0.0615856721997261,0.936800479888916,0.936800479888916,0.9351866622455418,Positive
1748324176262320547,2024-01-19T07:39:00Z,2024-01-19,7,Friday,honourm3typx,Lets go Pre-Order #AppleVisionPro,let go applevisionpro,1,0,59,0.0037398471031337,0.2316494435071945,0.7646107077598572,0.7646107077598572,0.7608708606567234,Positive
1748317120717566191,2024-01-19T07:10:58Z,2024-01-19,7,Friday,tokufxug,#apple #AppleVisionPro #visionpro #visionos #oneplanetxr https://t.co/dBwaDnwyRS,apple applevisionpro visionpro visionos oneplanetxr URL,2,0,467,0.0076240561902523,0.6096930503845215,0.3826829493045807,0.6096930503845215,0.3750588931143284,Neutral
1748315190913872126,2024-01-19T07:03:18Z,2024-01-19,7,Friday,cordintheact,🤞#AppleVisionPro #VisionPro https://t.co/2nEFhvyf3B,applevisionpro visionpro URL,3,0,223,0.0025955489836633,0.1387950628995895,0.8586094379425049,0.8586094379425049,0.8560138889588416,Positive
1748300929068069249,2024-01-19T06:06:38Z,2024-01-19,6,Friday,thepeej,"See, my boss and I decided I would order our Face Computers this morning... but we forgot I live in Canada!! So my brain woke me up at 4am like ""HEY DUDE... You gonna get a VPN set up in time to place these orders, bruh??"" #VisionPro #AppleVisionPro",see bos decided would order face computer morning forgot live canada brain woke like hey dude gon na get vpn set time place order bruh visionpro applevisionpro,0,0,83,0.1380817145109176,0.5707435011863708,0.2911747992038727,0.5707435011863708,0.153093084692955,Neutral
1748297392531685512,2024-01-19T05:52:34Z,2024-01-19,5,Friday,denkinte_2,l’Apple Vision Pro c'est la version préhistorique de ce qu'on a vu dans le film de Spielberg «Ready Player One» mais ça risque d'aller assez vite et on va tous se perdre dans ce monde de réalité augmentée 🥽 #VisionPro #AppleVisionPro https://t.co/F4xpGlSick https://t.co/K4QZOZ0TAk,l apple vision pro la version préhistorique de ce vu dans le film de spielberg ready player one mais ça risque assez vite et va tous se perdre dans ce monde de réalité augmentée visionpro applevisionpro URL URL,0,0,178,0.0135350562632083,0.7014221549034119,0.2850426733493805,0.7014221549034119,0.2715076170861721,Neutral
1748275720424485039,2024-01-19T04:26:27Z,2024-01-19,4,Friday,_reportediario_,"¡Netflix se niega a crear una app para los Apple Vision Pro! Error, database insert failed #aplicaciónnativa #AppleVisionPro #estrenoenNetflix #juegosenstreaming #navegadorweb https://t.co/xDUEyu9S24",se niega crear una app para los apple vision pro error database insert failed aplicaciónnativa applevisionpro estrenoennetflix juegosenstreaming navegadorweb URL,0,0,111,0.7854729890823364,0.1933402419090271,0.0211867354810237,0.7854729890823364,-0.7642862536013126,Negative
1748257402686726600,2024-01-19T03:13:40Z,2024-01-19,3,Friday,backatitaken,"If you don’t hear from me tomorrow, then you’ll know 😭 I didn’t manage to snag my #AppleVisionPro 🥽 pre-order. Good night y’all ✌🏼😴",hear tomorrow know manage snag applevisionpro good night,1,0,93,0.8238383531570435,0.1475865989923477,0.0285750553011894,0.8238383531570435,-0.795263297855854,Negative
1748195192233218444,2024-01-18T23:06:28Z,2024-01-18,23,Thursday,asiatechwire,YouTube and Spotify joined Netflix in not launching #AppleVisionPro apps. https://t.co/lASOWTKcUu https://t.co/ezViWZ4oCL,youtube spotify joined netflix launching applevisionpro apps URL URL,0,0,67,0.2548320889472961,0.7075586915016174,0.0376092046499252,0.7075586915016174,-0.2172228842973709,Neutral
1748182185696244211,2024-01-18T22:14:47Z,2024-01-18,22,Thursday,appleinsider,"Apple Vision Pro launches on February 2, and public discourse surrounding the product indicates it is very divisive, even among Apple employees. #Apple #AppleVisionPro By @hillitech https://t.co/HgrQCgri9H",apple vision pro launch february NUMBER public discourse surrounding product indicates divisive even among apple employee apple applevisionpro USER URL,21,1,12207,0.5663524270057678,0.3830605745315552,0.0505869649350643,0.5663524270057678,-0.5157654620707035,Negative
1748134650545885592,2024-01-18T19:05:54Z,2024-01-18,19,Thursday,appleinsider,"An internal video of Apple executives discussing Apple Vision Pro revealed what some interesting uses of the device might be, including health care and education. #Apple #AppleVisionPro By @hillitech https://t.co/AHGWDuWD9Z",internal video apple executive discussing apple vision pro revealed interesting us device might including health care education apple applevisionpro USER URL,41,13,26489,0.0020930420141667,0.1379770785570144,0.8599298596382141,0.8599298596382141,0.8578368176240474,Positive
1748069052793200841,2024-01-18T14:45:14Z,2024-01-18,14,Thursday,driseli78149941,$FET The decision to partner with #Apple on artificial intelligence technology will be announced very soon. #AppleVisionPro,fet decision partner apple artificial intelligence technology announced soon applevisionpro,1,0,107,0.0023452725727111,0.2510110437870025,0.7466436624526978,0.7466436624526978,0.7442983898799866,Positive
1748012170150023495,2024-01-18T10:59:12Z,2024-01-18,10,Thursday,josephlipsen,The #AppleVisionPro FOMO is going to be so real. New video on that coming out FRIDAY MORNING,applevisionpro fomo going real new video coming friday morning,1,0,127,0.1257675439119339,0.3544535636901855,0.519778847694397,0.519778847694397,0.3940113037824631,Positive
1747979859765153863,2024-01-18T08:50:49Z,2024-01-18,8,Thursday,mixed_en,"#AppleVisionPro will generate public interest in mixed reality headsets, but people are more likely to buy a #MetaQuest, suggests Meta's Vishal Shah. https://t.co/Rz5UqtAsQt",applevisionpro generate public interest mixed reality headset people likely buy metaquest suggests meta vishal shah URL,3,2,798,0.0072923153638839,0.6743549704551697,0.3183526992797851,0.6743549704551697,0.3110603839159012,Neutral
1747970001758499285,2024-01-18T08:11:38Z,2024-01-18,8,Thursday,sujantharu66,Apple iOS 17.3 With Stolen Device Protection For iPhones Expected To Roll Out Next Week. 👉One of the biggest features it will bring is Stolen Device Protection for iPhones. 👉The update will also add some changes to Apple Music. #Apple #AppleVisionPro #iOS173 #iOS17 #AppleMusic https://t.co/ZYxkMendJh,apple io NUMBER stolen device protection iphones expected roll next week biggest feature bring stolen device protection iphones update also add change apple music apple applevisionpro applemusic URL,2,1,207,0.0017729038372635,0.1240001767873764,0.8742269277572632,0.8742269277572632,0.8724540239199996,Positive
1747936872876368224,2024-01-18T06:00:00Z,2024-01-18,6,Thursday,digitech_news,Un’#app che tutti utilizzano ogni giorno e ovunque. Ma che non sarà disponibile sul nuovo #AppleVisionPro. Ecco di quale si tratta https://t.co/FEm7LazLW3,un app che tutti utilizzano ogni giorno e ovunque che non sarà disponibile sul nuovo applevisionpro ecco di quale si tratta URL,0,0,26,0.0562335178256034,0.7844982743263245,0.1592681407928466,0.7844982743263245,0.1030346229672432,Neutral
1747892464156082685,2024-01-18T03:03:32Z,2024-01-18,3,Thursday,artniksolo,"Hear me out #AppleVisionPro is not a replacement for your iPhone or Mac, but rather a replacement for your monitor.",hear applevisionpro replacement iphone mac rather replacement monitor,0,0,28,0.0972475185990333,0.6276606321334839,0.2750918269157409,0.6276606321334839,0.1778443083167076,Neutral
1747881306384748799,2024-01-18T02:19:12Z,2024-01-18,2,Thursday,shivaulhaq,"Yang perlu kalian lakukan adalah membeli dan menyimpan $RNDR, biarkan waktu yang bekerja untuk #RENDER dan #AppleVisionPro menuju $250 #RNDR https://t.co/uWsZvKEhDJ",yang perlu kalian lakukan adalah membeli dan menyimpan rndr biarkan waktu yang bekerja untuk render dan applevisionpro menuju NUMBER rndr URL,0,0,64,0.0422237031161785,0.8744902610778809,0.0832860320806503,0.8744902610778809,0.0410623289644718,Neutral
1747868637074268163,2024-01-18T01:28:51Z,2024-01-18,1,Thursday,dominikmuggli,Will you order an Apple Vision Pro? #AppleVisionPro https://t.co/iK0eyqkhVp,order apple vision pro applevisionpro URL,0,0,197,0.0039672288112342,0.6868011355400085,0.3092316091060638,0.6868011355400085,0.3052643802948296,Neutral
1747803019775770743,2024-01-17T21:08:07Z,2024-01-17,21,Wednesday,nbtc_finance,A Look at the Apple Vision Pro’s Weight Issues https://t.co/jTIxMjozaw #AppleVisionPro #MixedReality #TechInnovation #GlobalLaunch #UserExperience #Crypto #Metaverse #NBTC https://t.co/YGlYuBqERs,look apple vision pro weight issue URL applevisionpro mixedreality techinnovation globallaunch userexperience crypto metaverse nbtc URL,1,1,113,0.0400142967700958,0.8434006571769714,0.1165850311517715,0.8434006571769714,0.0765707343816757,Neutral
1747792254537023825,2024-01-17T20:25:20Z,2024-01-17,20,Wednesday,viadescapetv,"Primeras quejas de quienes ya han probado #AppleVisionPro: incomodidad, sensación de agobio y dolor de cabeza https://t.co/DMRVC9aFkv",primeras quejas de quienes ya han probado applevisionpro incomodidad sensación de agobio dolor de cabeza URL,0,0,32,0.0317618697881698,0.8583625555038452,0.1098756045103073,0.8583625555038452,0.0781137347221374,Neutral
1747743240588075275,2024-01-17T17:10:34Z,2024-01-17,17,Wednesday,perjanduro,Would you look at this 👀! Anyone with an #AppleVisionPro laying around willing to give @appMoneyCoach a final spin before we submit it for review? #VisionPro #visionOS #spatialComputing https://t.co/ZCtxHavI7E,would look anyone applevisionpro laying around willing give USER final spin submit review visionpro visionos spatialcomputing URL,4,0,622,0.0059154573827981,0.5232682228088379,0.4708162844181061,0.5232682228088379,0.4649008270353079,Neutral
1747715674988839167,2024-01-17T15:21:02Z,2024-01-17,15,Wednesday,inmersys,¿Pluma para Realidad Mixta? 🤯 Apple nos vuelve a sorprender y está preparando su nueva gran herramienta la Apple Vision Pro Prencil 🖋️ ¡Entra al enlace y descubre de qué se trata! #Apple #AppleVisionPro #VisionPro #MixReality #XR https://t.co/6NYzBtPpTV,para realidad mixta apple no vuelve sorprender está preparando su nueva gran herramienta la apple vision pro prencil al enlace descubre de qué se trata apple applevisionpro visionpro mixreality xr URL,0,0,105,0.0098466733470559,0.4463813304901123,0.5437720417976379,0.5437720417976379,0.533925368450582,Positive
1747679602762293686,2024-01-17T12:57:42Z,2024-01-17,12,Wednesday,silentfreq,Apple Vision Pro: the only tech where you need a spotter just to put it on. #AppleVisionPro #Apple #workout https://t.co/xRPMU6aNc7,apple vision pro tech need spotter put applevisionpro apple workout URL,3,0,108,0.0037460185121744,0.1663989573717117,0.8298550248146057,0.8298550248146057,0.8261090063024312,Positive
1747647152774635530,2024-01-17T10:48:45Z,2024-01-17,10,Wednesday,kenseigaming,"Apple Vision Pro knockoff at #ces2024 was hilarious! It looks like the Apple Vision Pro, minus all the capabilities of the Apple Vision Pro. The pass through option was not even remotely good. Did anyone else see this headset? #applevisionpro #applevision https://t.co/3fE6faz9dh",apple vision pro knockoff hilarious look like apple vision pro minus capability apple vision pro pas option even remotely good anyone else see headset applevisionpro applevision URL,0,0,129,0.168612852692604,0.2170701324939727,0.6143170595169067,0.6143170595169067,0.4457042068243027,Positive
1747566652139749588,2024-01-17T05:28:52Z,2024-01-17,5,Wednesday,shivaulhaq,"Pertama-tama, dalam waktu dekat ini $RNDR akan menyentuh harga $5 kemudian ke harga $7 lalu ke harga $10. #RNDR #AppleVisionPro #Render #GPU #AI #SpatialComputing https://t.co/zceQwqxReG",dalam waktu dekat ini rndr akan menyentuh harga NUMBER kemudian ke harga NUMBER lalu ke harga NUMBER rndr applevisionpro render gpu ai spatialcomputing URL,0,0,56,0.0196187682449817,0.8546715378761292,0.1257096976041793,0.8546715378761292,0.1060909293591976,Neutral
1747557097477149033,2024-01-17T04:50:54Z,2024-01-17,4,Wednesday,jocrtv,"Ich freu mich aber, warum sieht 2024 irgendwie nicht wie 2024 aus?! 😉#AppleVisionPro https://t.co/cUBoHtxh7Z",ich freu mich aber warum sieht NUMBER irgendwie nicht wie NUMBER au applevisionpro URL,76,1,4071,0.0036693285219371,0.1826239377260208,0.8137066960334778,0.8137066960334778,0.8100373675115407,Positive
1747551839191744644,2024-01-17T04:30:01Z,2024-01-17,4,Wednesday,gizbot,Apple Vision Pro Debut: What Happened to the Open Sky Environment? #Apple #AppleVisionPro Read more⤵️ https://t.co/rqn44eA8mW,apple vision pro debut happened open sky environment apple applevisionpro read URL,1,0,102,0.0589209906756877,0.8868827223777771,0.0541962683200836,0.8868827223777771,-0.0047247223556041,Neutral
1747518579795443819,2024-01-17T02:17:51Z,2024-01-17,2,Wednesday,bigbangstut,Letsss do it apple !! #VisionPro #AppleVisionPro https://t.co/lut4OfPy48,letsss apple visionpro applevisionpro URL,0,0,284,0.001537688425742,0.0274154897779226,0.9710468053817748,0.9710468053817748,0.9695091169560328,Positive
1747498360100299016,2024-01-17T00:57:30Z,2024-01-17,0,Wednesday,ryans_ramblings,Yes!!! Keep bringing back 3D! #AppleVisionPro,yes keep bringing back applevisionpro,0,0,128,0.0017562581924721,0.0136440694332122,0.9845996499061584,0.9845996499061584,0.9828433917136864,Positive
1747497223565492337,2024-01-17T00:52:59Z,2024-01-17,0,Wednesday,teksaiyan,"This will crash any iphone, we tested on multiple devices and here is what we got ! #ios #ios17 @stufflistings #Iphone15 #AppleVisionPro #Apple https://t.co/B1s3YWnE1z",crash iphone tested multiple device got io USER applevisionpro apple URL,0,0,127,0.6254016160964966,0.3043336570262909,0.0702647641301155,0.6254016160964966,-0.5551368519663811,Negative
1747491402135802137,2024-01-17T00:29:51Z,2024-01-17,0,Wednesday,fonearena,"#AppleVisionPro: App Store, Streaming Services, Sports Apps, Guest and Travel Modes and more teased https://t.co/WjRUN7JYXt https://t.co/mO4b2dcmJy",applevisionpro app store streaming service sport apps guest travel mode teased URL URL,2,0,554,0.0034289832692593,0.5831359028816223,0.4134351015090942,0.5831359028816223,0.4100061182398349,Neutral
1747401382418608624,2024-01-16T18:32:09Z,2024-01-16,18,Tuesday,lucieshib,"Say hi to my new boys in town! Blue hair in a Shib jersey, ready for #AppleVisionPro. (@SpecialShib Valentines coming, and my birthday 👀😂) Well, the new Astro means business, ready for the moon! Did I mention I love my #Shiboshis TOO MUCH! https://t.co/x8oozmI6Ah",say hi new boy town blue hair shib jersey ready applevisionpro USER valentine coming birthday well new astro mean business ready moon mention love shiboshis much URL,169,37,7470,0.0015385622391477,0.0234199594706296,0.9750414490699768,0.9750414490699768,0.9735028868308292,Positive
1747358495459234256,2024-01-16T15:41:44Z,2024-01-16,15,Tuesday,therafaelchan,"As long as the Vision Pro's design makes it impractical to wear 24/7, and the price exorbitant, it'll be something that's ""nice to have"" rather than a ""must have"". #AppleVisionPro",long vision pro design make impractical wear NUMBER NUMBER price exorbitant something nice rather must applevisionpro,1,0,130,0.3726781904697418,0.418758362531662,0.2085634171962738,0.418758362531662,-0.164114773273468,Neutral
1747287617190699131,2024-01-16T11:00:05Z,2024-01-16,11,Tuesday,titonods,"🚀🍿 Prepare-se para uma nova experiência cinematográfica com o lançamento do Apple Vision Pro! Com 150 filmes em 3D, séries imersivas e muito mais, a diversão está garantida. Saiba mais em: https://t.co/qU38Q2Id81 #AppleVisionPro #FilmesEm3D #EntretenimentoImersivo",para uma nova experiência cinematográfica com lançamento apple vision pro com NUMBER filmes em séries imersivas e muito mais diversão está garantida saiba mais em URL applevisionpro entretenimentoimersivo,0,0,3,0.0040585324168205,0.458186000585556,0.5377554297447205,0.5377554297447205,0.5336968973278999,Positive
1747213441075486790,2024-01-16T06:05:20Z,2024-01-16,6,Tuesday,ainewsbulletin,#BreakingNews Apple Vision Pro Mixed-Reality Headset: New Details and Missing Features #AppleVisionPro #mixedrealityheadset #VRheadset #virtualkeyboard #OpenSkyEnvironment #Breaking #News https://t.co/Owcts204qD...,breakingnews apple vision pro headset new detail missing feature applevisionpro mixedrealityheadset vrheadset virtualkeyboard openskyenvironment breaking news URL,0,0,59,0.1637386381626129,0.7750257849693298,0.0612355470657348,0.7750257849693298,-0.102503091096878,Neutral
1747104093833769056,2024-01-15T22:50:50Z,2024-01-15,22,Monday,viadescapetv,"Los #AppleVisionPro requieren un escaneo facial antes de la compra, descubre la razón https://t.co/eQyVUhU8r5",los applevisionpro requieren un escaneo facial ante de la compra descubre la razón URL,0,0,36,0.0152156697586178,0.8227043747901917,0.1620799601078033,0.8227043747901917,0.1468642903491854,Neutral
1746933660006138229,2024-01-15T11:33:35Z,2024-01-15,11,Monday,suwattv1,"Apple's long-awaited Vision Pro headset with eye-watering $3,499 price tag finally gets a release date.#Gladiators #zarcia #trending2024 #Apple #AppleVisionPro https://t.co/u0r4X0WVOv",apple vision pro headset NUMBER NUMBER price tag finally get release gladiator zarcia apple applevisionpro URL,3,0,394,0.0016602209070697,0.0884944200515747,0.9098454117774964,0.9098454117774964,0.9081851908704266,Positive
1746880292806074642,2024-01-15T08:01:31Z,2024-01-15,8,Monday,hitechonolgy,Exciting News! 🌟 Apple's cutting-edge #VisionPro is set to hit the market with mass shipments starting next week. 🚀 Elevate your tech experience with the latest in innovation. Get ready for a visual revolution! 👀🔗 https://t.co/nCRNbl0Vu7 #AppleVisionPro #TechNews https://t.co/pn7M5CQUsZ,exciting news apple visionpro set hit market mass shipment starting next week elevate tech experience latest innovation get ready visual revolution URL applevisionpro technews URL,0,0,51,0.0015504161128774,0.0140417702496051,0.9844078421592712,0.9844078421592712,0.9828574260463938,Positive
1746846970168135751,2024-01-15T05:49:07Z,2024-01-15,5,Monday,t3n,Ein Scan und viel Zeit: So will euch Apple eine Vision Pro verkaufen. #applevisionpro https://t.co/9Az7amPPUH,ein scan und viel zeit euch apple eine vision pro verkaufen applevisionpro URL,0,0,1207,0.0087739024311304,0.6813961267471313,0.309829980134964,0.6813961267471313,0.3010560777038336,Neutral
1746837637137133930,2024-01-15T05:12:02Z,2024-01-15,5,Monday,heypster,heypster-gif will soon be available on Apple Vision Pro 🥽 #heypster #visionOS #AppleVisionPro https://t.co/0Ea0RPeJh4,soon available apple vision pro heypster visionos applevisionpro URL,6,3,709,0.0018610449042171,0.2078813314437866,0.7902575731277466,0.7902575731277466,0.7883965282235295,Positive
1746802359630708886,2024-01-15T02:51:51Z,2024-01-15,2,Monday,henry_vuquangdu,$ELY is now $4.5M MC and keeps pushing higher. @ElyssaAR's AR App will support #AppleVisionPro https://t.co/ysg2BvF9Y9,ely NUMBER mc keep pushing higher USER ar app support applevisionpro URL,20,4,2035,0.0024963563773781,0.189564511179924,0.8079391121864319,0.8079391121864319,0.8054427558090538,Positive
1746793435728658667,2024-01-15T02:16:23Z,2024-01-15,2,Monday,techlusiveofcl,Those who want to try the Apple Vision Pro at store should get ready to be in the store for a while as the demo session will get good 25 minutes. Full Story: https://t.co/5bQqQTiA56 #Apple #applevisionpro #techlusive #techupdates #TechNews https://t.co/HgDnTlAkLJ,want try apple vision pro store get ready store demo session get good NUMBER minute full story URL apple applevisionpro techlusive techupdates technews URL,1,0,203,0.0021634867880493,0.2362658679485321,0.7615706920623779,0.7615706920623779,0.7594072052743286,Positive
1746703886675595660,2024-01-14T20:20:33Z,2024-01-14,20,Sunday,edwardstlaurent,how many of you are going to pre-order the Apple Vision Pro this week? #edwardsaintlaurent #applevisionpro #apple #VisionPro,many going apple vision pro week edwardsaintlaurent applevisionpro apple visionpro,0,0,101,0.0048829126171767,0.8097821474075317,0.1853348612785339,0.8097821474075317,0.1804519486613571,Neutral
1746623334761308389,2024-01-14T15:00:28Z,2024-01-14,15,Sunday,ajmerikashan,How to Buy Apple Vision Pro 2024 A Comprehensive Guide https://t.co/KDjNvfb8M9 #AppleVisionPro #Apple #TechTrends #TechNews #us,buy apple vision pro NUMBER comprehensive guide URL applevisionpro apple techtrends technews u,0,0,81,0.0046730889007449,0.4800377190113067,0.5152891874313354,0.5152891874313354,0.5106160985305905,Positive
1746621287600906518,2024-01-14T14:52:20Z,2024-01-14,14,Sunday,blognt,🚀🔍 Le lancement du Vision Pro d'Apple s'annonce exclusif avec un stock initial limité. Cette sortie restreinte promet de rendre le produit encore plus convoité. Détails sur le lancement et la stratégie d'Apple ici 👇 https://t.co/38ghWjrz2v #AppleVisionPro,le lancement du vision pro exclusif avec un stock initial limité cette sortie restreinte promet de rendre le produit encore plus convoité détails sur le lancement et la stratégie ici URL applevisionpro,0,0,166,0.01100261695683,0.745995283126831,0.2430020421743393,0.745995283126831,0.2319994252175092,Neutral
1746599338858647635,2024-01-14T13:25:07Z,2024-01-14,13,Sunday,bilalaq345,How to Copy Pictures from iPhone to PC Without iCloud #ApplyNow #Apple #AppleVisionPro @tim_cook #SupremeCourtJudgement,copy picture iphone pc without icloud applynow apple applevisionpro USER supremecourtjudgement,0,0,53,0.0300776027143001,0.8235936164855957,0.1463287621736526,0.8235936164855957,0.1162511594593525,Neutral
1746540238762102807,2024-01-14T09:30:16Z,2024-01-14,9,Sunday,drazen_tomic,KREĆE PRODAJA Apple Vision Pro lansirat će se u veljači https://t.co/GgKPg3wcHF #ictbusiness #tehnologija #telekomunikacije #intervjui #reportaze #analize #AppleVisionPro https://t.co/nrs4ueU5yy,kreće prodaja apple vision pro lansirat će se u veljači URL ictbusiness tehnologija telekomunikacije intervjui reportaze analize applevisionpro URL,0,0,42,0.0205500070005655,0.8813953399658203,0.0980546250939369,0.8813953399658203,0.0775046180933713,Neutral
1746518989268787356,2024-01-14T08:05:50Z,2024-01-14,8,Sunday,menfrentadas,¿Qué necesito para comprar las #AppleVisionPro ? 🥽 https://t.co/Ftlyt7bONb,necesito para comprar la applevisionpro URL,8,4,1316,0.0115908365696668,0.8306087851524353,0.1578003764152526,0.8306087851524353,0.1462095398455858,Neutral
1746434472961069131,2024-01-14T02:30:00Z,2024-01-14,2,Sunday,mymobile_india,Apple Vision Pro Headset: Limited Units and High Demand Forecasted by Ming-Chi Kuo Read Here: https://t.co/Vt4rvz2s2z #apple #applevisionpro #visionproheadset #appleheadset #technews #mymobileindia https://t.co/Y0j19Xg1Hq,apple vision pro headset limited unit high demand forecasted kuo read URL apple applevisionpro visionproheadset appleheadset technews mymobileindia URL,0,0,60,0.0065493900328874,0.842257022857666,0.1511935591697693,0.842257022857666,0.1446441691368818,Neutral
1746268125232865757,2024-01-13T15:28:59Z,2024-01-13,15,Saturday,adsy_me,I wasn't in Vegas this week but I've seen the Future on @Midjourney incl. the V10 of the #AppleVisionPro 👉 CES in 2040. 🤖🚀 #lasvegas #CES2024 https://t.co/beogfXvd74,vega week seen future USER incl applevisionpro ce NUMBER lasvegas URL,0,1,258,0.002014972269535,0.0905713662505149,0.9074136018753052,0.9074136018753052,0.90539862960577,Positive
1746255415023657432,2024-01-13T14:38:29Z,2024-01-13,14,Saturday,rehmannotes,"Apple took center stage at CES with the upcoming Vision Pro headset, outshining competitors in AR/VR tech. While others presented intriguing gadgets, none matched Apple's impressive package. #AppleVisionPro #CES2024 #ARVRInnovation https://t.co/rVsWLQCDU3",apple took center stage ce upcoming vision pro headset outshining competitor tech others presented intriguing gadget none matched apple impressive package applevisionpro arvrinnovation URL,0,1,121,0.0021202913485467,0.0282603818923234,0.9696192741394044,0.9696192741394044,0.9674989827908576,Positive
1746152112797700528,2024-01-13T07:48:00Z,2024-01-13,7,Saturday,skarredghost,Vision Pro Ordering Process Will Use Face ID Scans to Determine Custom Fit https://t.co/o1Hw3YNX0k #AugmentedReality #AR #Apple #AppleVisionPro,vision pro ordering process use face id scan determine custom fit URL augmentedreality ar apple applevisionpro,5,1,902,0.0053812530823051,0.7066198587417603,0.2879989445209503,0.7066198587417603,0.2826176914386451,Neutral
1745944127517192234,2024-01-12T18:01:32Z,2024-01-12,18,Friday,charliegamingus,🚀 The new @AppleVisionPro headset is here! It combines VR &amp; AR and is set to redefine the user experience after 6 years of the Apple Watch! Find out more about the price and release date on our Discord channel. ➡️ https://t.co/HmubJYSObc #CharlieNews #AppleVisionPro #VR #AR https://t.co/52ksbtwK7D,new USER headset combine vr amp ar set redefine user experience NUMBER year apple watch find price release date discord channel URL charlienews applevisionpro vr ar URL,1,0,117,0.0017801922513172,0.0766929313540458,0.9215268492698668,0.9215268492698668,0.9197466570185496,Positive
1745926106677469220,2024-01-12T16:49:56Z,2024-01-12,16,Friday,sla1708,Can we buy the Apple Vision Pro without optical inserts and after buy ZEISS inserts? @markgurman @mingchikuo @aaronp613 #AppleVisionPro #Apple #ZEISS,buy apple vision pro without optical insert buy zeiss insert USER USER USER applevisionpro apple zeiss,0,0,81,0.0090910410508513,0.8515600562095642,0.1393489390611648,0.8515600562095642,0.1302578980103135,Neutral
1745913564462805022,2024-01-12T16:00:05Z,2024-01-12,16,Friday,mindwayvr,"We are on Day 3 of building an Apple Vision Pro app in 23 days, and our art team has a question for you! Which of these two prototype icons would capture your attention more quickly? 👀 #visionpro #applevisionpro #buildinginpublic #vr #SpatialComputing https://t.co/eA0uECF0XJ",day NUMBER building apple vision pro app NUMBER day art team question two prototype icon would capture attention quickly visionpro applevisionpro buildinginpublic vr spatialcomputing URL,2,0,214,0.0029624255839735,0.2613576054573059,0.7356799244880676,0.7356799244880676,0.7327174989040941,Positive
1745887118654648602,2024-01-12T14:15:00Z,2024-01-12,14,Friday,onuronerr1903,@binance #ceek $ceek #vr #AppleVisionPro,USER ceek ceek vr applevisionpro,0,0,313,0.0066524110734462,0.6306743025779724,0.3626732230186462,0.6306743025779724,0.3560208119451999,Neutral
1745837943216898522,2024-01-12T10:59:36Z,2024-01-12,10,Friday,son_of_grace02,Get ready for a revolution in how we interact with the digital world! #OVR #AppleVisionPro #AR #VR #ETF https://t.co/hkFFahrpvU,get ready revolution interact digital world ovr applevisionpro ar vr etf URL,5,0,73,0.0028559621423482,0.1808188259601593,0.8163252472877502,0.8163252472877502,0.813469285145402,Positive
1745836443929379147,2024-01-12T10:53:38Z,2024-01-12,10,Friday,matth_actu,Full Presentation | Apple Vision Pro #Apple #AppleVisionPro #VisionPro,full presentation apple vision pro apple applevisionpro visionpro,1,0,284,0.0026513487100601,0.2607645392417907,0.7365841269493103,0.7365841269493103,0.7339327782392502,Positive
1745803219794575441,2024-01-12T08:41:37Z,2024-01-12,8,Friday,sirfupdate_,Apple Vision Pro available in the U.S. on February 2 #Apple #AppleVisionPro https://t.co/aGS9DPOKYK,apple vision pro available february NUMBER apple applevisionpro URL,1,0,44,0.0022751439828425,0.4066296815872192,0.5910951495170593,0.5910951495170593,0.5888200055342168,Positive
1745700202571296778,2024-01-12T01:52:16Z,2024-01-12,1,Friday,ceotechi,"Apple Vision Pro: scorte limitate al lancio, secondo Kuo #AppleVisionPro #Disponibilità #HeadsetAR #MingChiKuo #Notizie #Novità #RealtàAumentata #RealtàMista #RealtàVirtuale #Tech #TechNews #Tecnologia #VisionPro #VisoreVR https://t.co/TQEdiUcuGE https://t.co/vqh25u2Tqz",apple vision pro scorte limitate al lancio secondo kuo applevisionpro disponibilità headsetar mingchikuo notizie novità realtàaumentata realtàmista realtàvirtuale tech technews tecnologia visionpro visorevr URL URL,3,3,93,0.0144969234243035,0.8332599401473999,0.1522430926561355,0.8332599401473999,0.137746169231832,Neutral
1745685714279309493,2024-01-12T00:54:42Z,2024-01-12,0,Friday,mashable_me,Apple Store app to scan user's face to determine the size for Apple Vision Pro #Apple #applevisionpro https://t.co/LzLT6vypXr,apple store app scan user face determine size apple vision pro apple applevisionpro URL,0,0,53,0.0060199750587344,0.7212237119674683,0.2727563083171844,0.7212237119674683,0.26673633325845,Neutral
1745602100258553984,2024-01-11T19:22:27Z,2024-01-11,19,Thursday,appleinsider,"Customers hoping to get one of the few Apple Vision Pro units at launch will have to jump through a few hoops first, including a face scan. #Apple #AppleVisionPro By @hillitech https://t.co/N1Y0meBQaP",customer hoping get one apple vision pro unit launch jump hoop first including face scan apple applevisionpro USER URL,26,3,10115,0.0140824262052774,0.820386528968811,0.1655310690402984,0.820386528968811,0.151448642835021,Neutral
1745597008113525134,2024-01-11T19:02:13Z,2024-01-11,19,Thursday,comunidadenft,"📰 Introducing the Apple Vision Pro, the game-changing smart eyewear with mind-blowing AR technology. Get ready for a whole new digital experience! #AppleVisionPro #AugmentedReality #TechRevolution #NFT #Crypto #ETH #Web3 https://t.co/pbffmWU3op",introducing apple vision pro smart eyewear ar technology get ready whole new digital experience applevisionpro augmentedreality techrevolution nft crypto eth URL,0,0,93,0.0018055571708828,0.0556019879877567,0.942592442035675,0.942592442035675,0.9407868848647922,Positive
1745534362311926053,2024-01-11T14:53:17Z,2024-01-11,14,Thursday,ralph_immrsv,Display test using Apple’s Reality Composer. I used my MacBook Pro as a 3D anchor for the interfaces. #SpatialComputing #arvr #AppleVisionPro #VisionPro https://t.co/dC06G9qW6g,display test using apple reality composer used macbook pro anchor interface spatialcomputing arvr applevisionpro visionpro URL,31,4,7099,0.0035680271685123,0.4749464094638824,0.5214855074882507,0.5214855074882507,0.5179174803197384,Positive
1745496886671192529,2024-01-11T12:24:22Z,2024-01-11,12,Thursday,joyce_armijos,#Congo #CongoGenocide #CongoIsBleeding #Apple #Africa #ApplePay #AppleVisionPro #AppleWatch #MacOS #MacBook #activism #HumanRights #HumanRightsViolations https://t.co/lMmupYoEYv,congo congogenocide congoisbleeding apple africa applepay applevisionpro applewatch macos macbook activism humanrights humanrightsviolations URL,0,0,45,0.619288444519043,0.3475081324577331,0.0332034118473529,0.619288444519043,-0.58608503267169,Negative
1745440084432728450,2024-01-11T08:38:39Z,2024-01-11,8,Thursday,adamt89,#AppleVisionPro #Apple https://t.co/jwU9Q2sUxr,applevisionpro apple URL,0,0,103,0.0048369676806032,0.444986492395401,0.5501765012741089,0.5501765012741089,0.5453395335935056,Positive
1745337167373914317,2024-01-11T01:49:42Z,2024-01-11,1,Thursday,indian_lif39153,"Apple iphone 12 mini - refurbished 30,199inr Superb condition ✅✨ On cashify 📉 #iPhone #Apple #smartphone #AppleVisionPro #iphone12mini #mini #refurbished #4gbram https://t.co/rPp3MhRpxY",apple iphone NUMBER mini refurbished NUMBER superb condition cashify iphone apple smartphone applevisionpro mini refurbished URL,0,0,106,0.0019956976175308,0.0395846031606197,0.9584197402000428,0.9584197402000428,0.956424042582512,Positive
1745274813277462736,2024-01-10T21:41:55Z,2024-01-10,21,Wednesday,patrickmutabazi,The #Apple Vision Pro will be available in the US on February 2nd 2024. Pre orders start on January 19th 2024. #AppleVisionPro #Apple #EmergingTechnology https://t.co/6dbAUYQEFj,apple vision pro available u february NUMBER pre order start january NUMBER applevisionpro apple emergingtechnology URL,0,0,72,0.0018497413257136,0.3006264567375183,0.6975237727165222,0.6975237727165222,0.6956740313908085,Positive
1745260701914890640,2024-01-10T20:45:51Z,2024-01-10,20,Wednesday,mentallydivrgnt,"I'll just call it all ""Spatial VR"" so that no one is happy. #AppleVisionPro #vr",call spatial vr one happy applevisionpro vr,0,0,4,0.8364347219467163,0.143450990319252,0.0201142244040966,0.8364347219467163,-0.8163204975426197,Negative
1745160600110485658,2024-01-10T14:08:05Z,2024-01-10,14,Wednesday,hlkphoto,Apple lance sa campagne « Get Ready » pour le #VisionPro https://t.co/Q7t90SRNH8 😎 #AppleVisionPro,apple lance sa campagne get ready pour le visionpro URL applevisionpro,1,0,82,0.0032083510886877,0.1460869312286377,0.8507047295570374,0.8507047295570374,0.8474963784683496,Positive
1745143554115039396,2024-01-10T13:00:21Z,2024-01-10,13,Wednesday,groovejonesxr,"In our newest GJ Article, we explore the synergy between the Apple Vision Pro, spatial video, and how brands may tap into it for customer engagement and how it is set to revolutionize how we experience digital content. https://t.co/gIKVlwuZF6 #GrooveJones #AppleVisionPro",newest gj article explore synergy apple vision pro spatial video brand may tap customer engagement set revolutionize experience digital content URL groovejones applevisionpro,0,0,65,0.0045316191390156,0.4135897159576416,0.581878662109375,0.581878662109375,0.5773470429703593,Positive
1745114479845621858,2024-01-10T11:04:49Z,2024-01-10,11,Wednesday,ivanskiiii,Apple Vision Pro Release Date 😃💯 #apple #AppleVisionPro https://t.co/v5qzawNFd9,apple vision pro release date apple applevisionpro URL,1,0,129,0.0012912765378132,0.0433179214596748,0.9553907513618468,0.9553907513618468,0.9540994748240336,Positive
1745091989547184335,2024-01-10T09:35:27Z,2024-01-10,9,Wednesday,23melilex84,"Sur sa chaine #YouTube, @JulienChieze a posté: ""APPLE a hacké le CES 2024 en un Tweet 🔥"" #Apple #AppleVisionPro https://t.co/lHBNO6ajZL",sur sa chaine youtube USER posté apple hacké le ce NUMBER en un tweet apple applevisionpro URL,1,0,39,0.0079388413578271,0.6689709424972534,0.3230902254581451,0.6689709424972534,0.3151513841003179,Neutral
1745008012635308358,2024-01-10T04:01:45Z,2024-01-10,4,Wednesday,scalablecapdach,#Stimmungscheck Deine Meinung zum Verkaufsstart der #Apple Vision Pro ab dem 02.02.24 in allen Apple Stores in den USA: #AppleVisionPro,stimmungscheck deine meinung zum verkaufsstart der apple vision pro ab dem NUMBER NUMBER allen apple store den usa applevisionpro,1,0,776,0.006064907182008,0.825096070766449,0.1688389927148819,0.825096070766449,0.1627740855328738,Neutral
1744964020975665653,2024-01-10T01:06:57Z,2024-01-10,1,Wednesday,macobserver,"Apple has revealed the release date for the Vision Pro headset. Pre-orders start on January 19th, so get ready to experience a whole new level of mixed reality. #APPLEVISIONPRO",apple revealed release date vision pro headset start january get ready experience whole new level mixed reality applevisionpro,0,1,520,0.0013146710116416,0.0643225014209747,0.9343628883361816,0.9343628883361816,0.93304821732454,Positive
1744912467321573857,2024-01-09T21:42:05Z,2024-01-09,21,Tuesday,womanlyzine,Apple Vision Pro: The Future of Spatial Computing #AppleVisionPro #VisionOS #VirtualReality Click to See in Details: https://t.co/IStSUS8Evg,apple vision pro future spatial computing applevisionpro visionos virtualreality click see detail URL,0,0,65,0.0035492945462465,0.4447914659976959,0.5516592860221863,0.5516592860221863,0.5481099914759398,Positive
1744901920051909099,2024-01-09T21:00:11Z,2024-01-09,21,Tuesday,multiplatformen,"Apple has announced the release of its latest product, Vision Pro, a spatial computer set to be available on February 2. https://t.co/vXc8Zdpa2V #Apple #Tech #VisionPro #AppleVisionPro https://t.co/gVFd11qprg",apple announced release latest product vision pro spatial computer set available february NUMBER URL apple tech visionpro applevisionpro URL,0,0,61,0.0014691412216052,0.132886916399002,0.8656439185142517,0.8656439185142517,0.8641747772926465,Positive
1744893922835574830,2024-01-09T20:28:24Z,2024-01-09,20,Tuesday,shapeimmersive,"""Preorders for Apple Vision Pro will open up at exactly 5am PT on January 19, next Friday."" Are any of our followers going to order one? Why and why not? #AppleVisionPro",preorders apple vision pro open exactly pt january NUMBER next friday follower going order one applevisionpro,2,0,162,0.0057357875630259,0.8842227458953857,0.1100414842367172,0.8842227458953857,0.1043056966736912,Neutral
1744890683654390249,2024-01-09T20:15:32Z,2024-01-09,20,Tuesday,roasted_youu,"I love Apple, more than anyone else. but aint nobody gonna be wearing the apple vision pro while packing their bags and doing daily around-the-house shit 🤣 #AppleVisionPro https://t.co/yzJKNL2P2i",love apple anyone else aint nobody gon na wearing apple vision pro packing bag daily shit applevisionpro URL,0,0,147,0.0679358392953872,0.129457339644432,0.8026068210601807,0.8026068210601807,0.7346709817647934,Positive
1744869320037912680,2024-01-09T18:50:38Z,2024-01-09,18,Tuesday,joecrotchett,"As I'm nearing the completion of my #AppleVisionPro app, and having spent the last 7 years building ARKit/RealityKit apps for iOS devices, and now for visionOS, here's my stance on buying the headset: it's not useful enough for $3500. The scene-understanding is still too limited.",nearing completion applevisionpro app spent last NUMBER year building apps io device visionos stance buying headset useful enough NUMBER still limited,6,0,695,0.4279389977455139,0.4574597179889679,0.1146012917160987,0.4574597179889679,-0.3133377060294151,Neutral
1744868950695944514,2024-01-09T18:49:10Z,2024-01-09,18,Tuesday,danielpawn,Apple Advertising always hits different 🥹😭 thanks Apple Werbung war schon immer anders 🥹😭danke @Apple #AppleVisionPro #VisionPro https://t.co/l7s4whpMnk,apple advertising always hit different thanks apple werbung war schon immer anders USER applevisionpro visionpro URL,0,0,174,0.0052220108918845,0.0314492061734199,0.963328778743744,0.963328778743744,0.9581067678518592,Positive
1744866013718712660,2024-01-09T18:37:30Z,2024-01-09,18,Tuesday,minidevinfo,"""Explore Marques Brownlee's take on Apple's spatial computing, the Apple Vision Pro. #AppleVisionPro #MarquesBrownlee #TechReview"" https://t.co/6YleA4kaTU https://t.co/57kJ3W7M3t",explore marque brownlee take apple spatial computing apple vision pro applevisionpro marquesbrownlee techreview URL URL,0,0,33,0.0029108677990734,0.53177410364151,0.4653150737285614,0.53177410364151,0.4624042059294879,Neutral
1744853784193389002,2024-01-09T17:48:54Z,2024-01-09,17,Tuesday,viadescapetv,#Apple nos da pistas sobre el lanzamiento de unas #AppleVisionPro más baratas https://t.co/P2HLM5b8rZ,apple no da pistas sobre el lanzamiento de unas applevisionpro más baratas URL,0,0,15,0.0125021776184439,0.7528630495071411,0.2346346974372863,0.7528630495071411,0.2221325198188424,Neutral
1744802745402695885,2024-01-09T14:26:06Z,2024-01-09,14,Tuesday,chris_robb1,"""When George Foreman meets me, He’ll pay his debt. I can drown the drink of water, and kill a dead tree. Wait till you see Muhammad Ali."" -Apple CEO Tim Cook @tim_cook https://t.co/dUnuwBoezh #apple #ArtificialInteligence #AppleVisionPro #AppleEvent #Cupertino #AI #iPhone15",george foreman meet pay debt drown drink water kill dead tree wait till see muhammad ali ceo tim cook USER URL apple artificialinteligence applevisionpro appleevent cupertino ai,50,20,2739,0.0397922843694686,0.5556342005729675,0.404573529958725,0.5556342005729675,0.3647812455892563,Neutral
1744793399138390337,2024-01-09T13:48:57Z,2024-01-09,13,Tuesday,pisofinanceus,$AMZN Panasonic will integrate Amazon Fire TV into its new smart TVs and offer it to its users! 📌https://t.co/Gkm6dJzMy5 $TSLA $META $NFLX $AI $QQQ $PYPL $ddog $nasdaq $ILMN $C $SPX $SPY $para $ntes $GM $AAPL $NTRA #BitcoinETF #NASDAQ100 #Bitcoin $vmint $SOFI #AppleVisionPro https://t.co/BHGrVtkQJN,amzn panasonic integrate amazon fire tv new smart tv offer user URL tsla meta nflx ai qqq pypl ddog nasdaq ilmn c spx spy para ntes gm aapl ntra bitcoinetf bitcoin vmint sofi applevisionpro URL,4,1,711,0.0026214502286165,0.5261463522911072,0.4712322056293487,0.5261463522911072,0.4686107554007321,Neutral
1744791836365848614,2024-01-09T13:42:45Z,2024-01-09,13,Tuesday,matth_actu,"Apple organiserais une rencontre exclusive avec des YouTubes et médias pour tester l’Apple Vision Pro en avance dès le 16 janvier Les critiques seront publiée fin janvier, juste avant la sortie du casque le 2 février D’après @markgurman #Apple #AppleVisionPro #VisionPro",apple organiserais une rencontre exclusive avec de youtubes et médias pour tester l apple vision pro en avance dès le NUMBER janvier le critique seront publiée fin janvier juste avant la sortie du casque le NUMBER février après USER apple applevisionpro visionpro,0,0,90,0.0244863424450159,0.8338626027107239,0.1416510790586471,0.8338626027107239,0.1171647366136312,Neutral
1744786208692007274,2024-01-09T13:20:23Z,2024-01-09,13,Tuesday,transactionsbo1,Sony dévoile un « système de création de contenu spatial » qui se se pilote avec une bague ! #Sony #AppleVisionPro Sony est d'abord destiné aux professionnels de la création 3D Apple Vision Pro vise un public plus large https://t.co/robZg5G7Wv,sony dévoile un système de création de contenu spatial qui se se pilote avec une bague sony applevisionpro sony est destiné aux professionnels de la création apple vision pro vise un public plus large URL,0,0,37,0.0239256024360656,0.8125807046890259,0.1634936779737472,0.8125807046890259,0.1395680755376815,Neutral
1744782167069135270,2024-01-09T13:04:19Z,2024-01-09,13,Tuesday,wisteelapaul,19 Things Apple Vision Pro Users Will Never Say https://t.co/lWb7mEQmlE #AppleVisionPro,NUMBER thing apple vision pro user never say URL applevisionpro,0,0,35,0.2365848124027252,0.5297393798828125,0.2336758226156234,0.5297393798828125,-0.0029089897871017,Neutral
1744781227536564444,2024-01-09T13:00:35Z,2024-01-09,13,Tuesday,wohlgesinnt_,"Was mich bei der #AppleVisionPro, außer dem Gewicht, ebenfalls stören würde: wenn ich bei Filmen heulen würde, müsste ich den Film unterbrechen und wäre komplett raus. Nee, spräche nichts für einen Kauf. Die Zukunft wird eher wie in Upload aussehen: Hologramme, statt Displays.",mich bei der applevisionpro außer dem gewicht ebenfalls stören würde wenn ich bei filmen heulen würde müsste ich den film unterbrechen und wäre komplett raus nee spräche nichts für einen kauf die zukunft wird eher wie upload aussehen hologramme statt display,2,0,191,0.0444384030997753,0.6694380640983582,0.2861234545707702,0.6694380640983582,0.2416850514709949,Neutral
1744775438369476696,2024-01-09T12:37:35Z,2024-01-09,12,Tuesday,imore,What’s in the Apple Vision Pro box? Here’s all the accessories you get for free with the spatial computing headset — including a polishing cloth! https://t.co/tir8aooYSY #AppleVisionPro #VisionPro #Apple,apple vision pro box accessory get free spatial computing headset including polishing cloth URL applevisionpro visionpro apple,1,0,2618,0.0032564641442149,0.3308886587619781,0.6658548712730408,0.6658548712730408,0.6625984071288258,Positive
1744774167814193641,2024-01-09T12:32:32Z,2024-01-09,12,Tuesday,genius_0fficial,"It seems like reference to Apple itself, in famous advertisement of first iPhone #AppleVisionPro https://t.co/G3JudlfpiK",seems like reference apple famous advertisement first iphone applevisionpro URL,0,0,106,0.0034583380911499,0.3616231977939605,0.6349184513092041,0.6349184513092041,0.6314601132180542,Positive
1744767245446684954,2024-01-09T12:05:02Z,2024-01-09,12,Tuesday,finariel,"Discover the latest on Apple Vision Pro! From 3D movies to hundreds of optimized games, Apple's new headset promises an immersive experience. Get all the exciting details from Jan Gruber's post here: https://t.co/CylN5xcdzf #AppleVisionPro #3DMovies #ImmersiveGaming",discover latest apple vision pro movie hundred optimized game apple new headset promise immersive experience get exciting detail jan gruber post URL applevisionpro immersivegaming,0,0,58,0.0015669005224481,0.0373370572924613,0.9610960483551024,0.9610960483551024,0.9595291478326544,Positive
1744758280692338858,2024-01-09T11:29:24Z,2024-01-09,11,Tuesday,idoctorhelp,"💸A un precio de 60 mil pesos, el Apple Vision Pro  se venderá en EU el 2 de febrero 📣Anunciado como la primera computadora espacial de Apple que fusiona el contenido digital con el mundo físico y permite a los usuarios mantenerse en contacto con otras personas #AppleVisionPro https://t.co/qFy3ZWEv6v",un precio de NUMBER mil peso el apple vision pro se venderá en eu el NUMBER de febrero como la primera computadora espacial de apple que fusiona el contenido digital con el mundo físico permite los usuarios mantenerse en contacto con otras persona applevisionpro URL,0,0,64,0.0065580490045249,0.738284170627594,0.2551577687263489,0.738284170627594,0.2485997197218239,Neutral
1744749449400750081,2024-01-09T10:54:19Z,2024-01-09,10,Tuesday,techsumeryt,Apple Vision Pro is Here! How It Will Change Your Life! https://t.co/HCv9u9EABJ Pre Orders start January 19th and Deliveries start February 2nd! #Apple #applepronews #AppleVisionPro #VisionPro #iPhone #iPhone16 #iPhone15 https://t.co/S3q29n5AEQ,apple vision pro change life URL pre order start january delivery start february apple applepronews applevisionpro visionpro iphone URL,0,0,94,0.0013203854905441,0.0454300604760646,0.9532496333122252,0.9532496333122252,0.9519292478216812,Positive
1744730511678071285,2024-01-09T09:39:04Z,2024-01-09,9,Tuesday,buydream_web,Read Details: https://t.co/B6Xju3Vaik #Apple #AppleVisionPro #ARVR #tech #AppleEvent #NewAppleProduct #PreOrderNow #DontMissOut https://t.co/Tr6KQmImTs,read detail URL apple applevisionpro arvr tech appleevent newappleproduct preordernow dontmissout URL,0,0,28,0.0017315723234787,0.1311724781990051,0.867095947265625,0.867095947265625,0.8653643749421462,Positive
1744708804460105916,2024-01-09T08:12:48Z,2024-01-09,8,Tuesday,appledsign,Various rumours are saying there won't be only one Vision Pro headset. As a matter of fact a more affordable model than the 2024 Apple Vision Pro. Sources say it could be launched in the first half of 2025! What will be the exact name of the successors? #AppleVisionPro https://t.co/bnLtnQgobY,various rumour saying wo one vision pro headset matter fact affordable model NUMBER apple vision pro source say could launched first half NUMBER exact name successor applevisionpro URL,5,0,1000,0.0063007925637066,0.3852525055408478,0.6084466576576233,0.6084466576576233,0.6021458650939167,Positive
1744701276242297019,2024-01-09T07:42:53Z,2024-01-09,7,Tuesday,pwnsabla,Get Ready | Apple Vision Pro https://t.co/FknOXQnGCt #VisionPro #AppleVisionPro #Apple,get ready apple vision pro URL visionpro applevisionpro apple,0,0,40,0.0021526033524423,0.2072828710079193,0.7905644774436951,0.7905644774436951,0.7884118740912527,Positive
1744674036742033633,2024-01-09T05:54:39Z,2024-01-09,5,Tuesday,abrepy,"#BREAKING Apple Vision Pro will go on sale in the 🇺🇸 US on February 2nd, both online and offline! Pre-orders will start at Apple Store on January 19th. #CES2024 #AppleVisionPro #VisionUpdates https://t.co/RhYjaCHBsX",breaking apple vision pro go sale u february online offline start apple store january applevisionpro visionupdates URL,0,0,96,0.001930626342073,0.4067363142967224,0.5913330912590027,0.5913330912590027,0.5894024649169296,Positive
1744671787592372707,2024-01-09T05:45:43Z,2024-01-09,5,Tuesday,m7olive,L'Apple Vision Pro sortira le 2 février #applevisionpro https://t.co/JjYw1ZDW07,vision pro sortira le NUMBER février applevisionpro URL,0,0,44,0.0143312355503439,0.8128196597099304,0.1728490591049194,0.8128196597099304,0.1585178235545754,Neutral
1744668037456834722,2024-01-09T05:30:49Z,2024-01-09,5,Tuesday,befootballvr,"@Apple Vision Pro will be available on February 2, and preorders start January 19th. -it retails for 3,499 💵 -it comes with 256gb storage 📁 -prescription inserts are 149 extra ➕ -all the bands come included ✔️ 🍏🍏🍏 #BeFootball #AppleVisionPro",USER vision pro available february NUMBER preorders start january retail NUMBER NUMBER come storage insert NUMBER extra band come included befootball applevisionpro,0,0,25,0.0028976709581911,0.520880401134491,0.4762219190597534,0.520880401134491,0.4733242481015622,Neutral
1744642450465996896,2024-01-09T03:49:08Z,2024-01-09,3,Tuesday,mrcalata,"Ayer se confirmó el lanzamiento de las #AppleVisionPro el próximo 2 de febrero en EEUU. Sin duda una excelente noticia para la industria de #realidadmixta. Sin embargo, hay otro hecho que no ha tenido tanta repercusión en redes y que es mucho más relevante. Dentro hilo 👇",ayer se confirmó el lanzamiento de la applevisionpro el próximo NUMBER de febrero en eeuu sin duda una excelente noticia para la industria de realidadmixta sin embargo hay otro hecho que ha tenido tanta repercusión en redes que e mucho más relevante dentro hilo,0,0,114,0.0166578479111194,0.7563619017601013,0.2269802242517471,0.7563619017601013,0.2103223763406276,Neutral
1744626034635342093,2024-01-09T02:43:54Z,2024-01-09,2,Tuesday,axelphunter,"Who is building for the #AppleVisionPro HMU, I want to follow your journey",building applevisionpro hmu want follow journey,0,0,90,0.006985374726355,0.5112252235412598,0.4817893505096435,0.5112252235412598,0.4748039757832885,Neutral
1744624609742434380,2024-01-09T02:38:15Z,2024-01-09,2,Tuesday,inn_impressionm,"Vision Pro mixed-reality headset hits the U.S. market on Feb. 2, challenging Meta Platforms. Priced at $3,499, it marks Apple's most significant launch since the iconic iPhone in 2007. Set your alarms - pre-orders kick off at 5 a.m. PT on Jan. 19! #AppleVisionPro #MixedReality https://t.co/5n7rRWDUkD",vision pro headset hit market feb NUMBER challenging meta platform priced NUMBER NUMBER mark apple significant launch since iconic iphone NUMBER set alarm kick NUMBER pt jan NUMBER applevisionpro mixedreality URL,0,0,77,0.0017423962708562,0.1329631954431533,0.8652943968772888,0.8652943968772888,0.8635520006064326,Positive
1744618091319906784,2024-01-09T02:12:21Z,2024-01-09,2,Tuesday,texh365,Apple Get Ready Ad for Vision Pro #VisionPro #AppleVisionPro https://t.co/OYmewsefNg,apple get ready ad vision pro visionpro applevisionpro URL,2,0,697,0.0030338335782289,0.3393572866916656,0.6576088070869446,0.6576088070869446,0.6545749735087156,Positive
1744611692984606890,2024-01-09T01:46:55Z,2024-01-09,1,Tuesday,lvanwarren,"The world just changed... again. This time last year, it was ChatGPT-4. This year, it's the #AppleVisionPro . Check out the announcement that arrived in our inboxes today: https://t.co/v7cexJ70qx",world changed time last year NUMBER year applevisionpro check announcement arrived inboxes today URL,1,0,39,0.0024094590917229,0.14456707239151,0.8530234694480896,0.8530234694480896,0.8506140103563666,Positive
1744609052112384041,2024-01-09T01:36:25Z,2024-01-09,1,Tuesday,sadiqbytes,"Apple has announced that the Apple Vision Pro will be available on February 2, 2024, priced at $3,499 with 256GB, and pre-orders will start on January 19. #AppleVisionPro #TechTrends @Apple https://t.co/YCgsiSn1OZ",apple announced apple vision pro available february NUMBER NUMBER priced NUMBER NUMBER start january NUMBER applevisionpro techtrends USER URL,3,0,95,0.0022621862590312,0.3857965469360351,0.6119412183761597,0.6119412183761597,0.6096790321171284,Positive
1744596572371898512,2024-01-09T00:46:50Z,2024-01-09,0,Tuesday,mangonificent90,Excited for the Apple Vision Pro. I wish it was affordable tho. #AppleVisionPro,excited apple vision pro wish affordable tho applevisionpro,0,0,20,0.0027211988344788,0.0145986331626772,0.9826801419258118,0.9826801419258118,0.9799589430913328,Positive
1744588412089180459,2024-01-09T00:14:24Z,2024-01-09,0,Tuesday,3dwonders,"80Level: Apple has finally revealed the Vision Pro's release date, which is coming up soon, adding that there will be no delays. Learn more: https://t.co/Dqm84WPZIh #Apple #AppleVisionPro #VisionPro #tech #VR https://t.co/fDqTEuBxN9",apple finally revealed vision pro release date coming soon adding delay learn URL apple applevisionpro visionpro tech vr URL,0,0,210,0.0019732310902327,0.1313188970088958,0.8667078614234924,0.8667078614234924,0.8647346303332597,Positive
1744586836956094724,2024-01-09T00:08:09Z,2024-01-09,0,Tuesday,viennaarchitect,The #AppleVisionPro must be the next big thing in our Architectural design Toolset. Can’t wait to get my hands on it. Preorder!,applevisionpro must next big thing architectural design toolset wait get hand preorder,0,0,9,0.0018910492071881,0.0098330443724989,0.9882758259773254,0.9882758259773254,0.9863847767701373,Positive
1744569954114875553,2024-01-08T23:01:04Z,2024-01-08,23,Monday,ainewsbulletin,#BreakingNews Apple Vision Pro Release Date and Launch Details #AppleVisionPro #VRheadset #immersivecomputing #spatialgames #Appleretailstores #Breaking #News https://t.co/hqMx8Uqcct,breakingnews apple vision pro release date launch detail applevisionpro vrheadset immersivecomputing spatialgames appleretailstores breaking news URL,0,0,57,0.0038900931831449,0.5658929944038391,0.4302169680595398,0.5658929944038391,0.4263268748763948,Neutral
1744561742703890734,2024-01-08T22:28:26Z,2024-01-08,22,Monday,sujantharu66,iPhone AI and Siri 2.0 will launch in 2024 #Apple #AppleVisionPro https://t.co/PIPKTuzxfS,iphone ai siri NUMBER launch NUMBER apple applevisionpro URL,1,2,50,0.0028162242379039,0.3863860368728637,0.6107977032661438,0.6107977032661438,0.6079814790282398,Positive
1744539488209256839,2024-01-08T21:00:00Z,2024-01-08,21,Monday,t3maglat,📱🚀 ¡Marca la fecha! Los #AppleVisionPro tienen su #lanzamiento oficial confirmado. Prepárate para una revolución visual con la combinación perfecta de estilo y tecnología. 📅 @Apple https://t.co/2a91zieA3a,la fecha los applevisionpro tienen su lanzamiento oficial confirmado prepárate para una revolución visual con la combinación perfecta de estilo tecnología USER URL,0,0,20,0.0032057685311883,0.2281691133975982,0.7686250805854797,0.7686250805854797,0.7654193120542914,Positive
1744533971298603413,2024-01-08T20:38:05Z,2024-01-08,20,Monday,ricklee10000,Anyone going to get the Apple Vision Pro? #AppleVisionPro,anyone going get apple vision pro applevisionpro,1,0,85,0.011530328541994,0.8303887844085693,0.1580808907747268,0.8303887844085693,0.1465505622327327,Neutral
1744532915101262164,2024-01-08T20:33:53Z,2024-01-08,20,Monday,stoicswe,"Fuck. I don’t need it, but I want it… #AppleVisionPro",fuck need want applevisionpro,1,0,57,0.8687459826469421,0.1026748791337013,0.0285791214555501,0.8687459826469421,-0.840166861191392,Negative
1744525828006740318,2024-01-08T20:05:43Z,2024-01-08,20,Monday,gstncl96,Quanto desidero anche solo provarlo 😍 #AppleVisionPro https://t.co/2CySIOaol3,quanto desidero anche solo provarlo applevisionpro URL,0,0,45,0.0027984690386801,0.0530467852950096,0.9441547393798828,0.9441547393798828,0.9413562703412026,Positive
1744509305028755496,2024-01-08T19:00:04Z,2024-01-08,19,Monday,tech1uae,What 3D videos can you watch on #AppleVisionPro?! #VisionPro https://t.co/hUOcWOFVKF,video watch applevisionpro visionpro URL,0,0,48,0.0037265515420585,0.6173153519630432,0.3789580762386322,0.6173153519630432,0.3752315246965736,Neutral
1744500940927848622,2024-01-08T18:26:50Z,2024-01-08,18,Monday,tactictheapp,📢 Coaches! Coach Board is set to launch on Apple Vision Pro on February 2nd #AppleVisionPro,coach coach board set launch apple vision pro february applevisionpro,1,0,237,0.0024511124938726,0.5277135968208313,0.4698353111743927,0.5277135968208313,0.46738419868052,Neutral
1744499978834501941,2024-01-08T18:23:00Z,2024-01-08,18,Monday,applesnob_,"Apple Vision Pro will be available for pre order on January 19th, 2024. I’m getting very excited. #Apple #iPhone #iOS #iPhone15 #iPhone15ProMax #iOS17 #AppleVisionPro https://t.co/c8b0UZe4Ru",apple vision pro available pre order january NUMBER getting excited apple iphone io applevisionpro URL,7,0,717,0.0010651691118255,0.0127870645374059,0.9861477613449096,0.9861477613449096,0.985082592233084,Positive
1744479032983638497,2024-01-08T16:59:46Z,2024-01-08,16,Monday,wcybai,"Apple’s Vision Pro is so expensive, it’s cheaper to buy a car and drive to the future yourself. #AppleVisionPro Explore Free Illustrations @ https://t.co/uBHjMH6krn #AI #GraphicDesign #Illustrations #smallbusiness #entrepreneur #MondayMotivation #MondayBlogs https://t.co/wY4E3WFjzU",apple vision pro expensive cheaper buy car drive future applevisionpro explore free illustration URL ai graphicdesign illustration smallbusiness entrepreneur mondaymotivation mondayblogs URL,5,0,89,0.01244508754462,0.2190834730863571,0.7684714198112488,0.7684714198112488,0.7560263322666287,Positive
1744469462252707927,2024-01-08T16:21:45Z,2024-01-08,16,Monday,lbaptista1984,Apple ha revelado la fecha de lanzamiento de sus Apple Vision Pro Headset. Tim cook las llamo como el mejor invento jamas creado. Si y cuesta la friolera de 3.500$. Estarán disponibles el 2 de febrero. Tu opinión es importante! #AppleVisionPro #applepronews #Headset #Apple https://t.co/vuHVfXxQxo,apple ha revelado la fecha de lanzamiento de sus apple vision pro headset tim cook la llamo como el mejor invento jamas creado si cuesta la friolera de NUMBER estarán disponibles el NUMBER de febrero tu opinión e importante applevisionpro applepronews headset apple URL,1,0,154,0.0052073588594794,0.2833937704563141,0.7113988995552063,0.7113988995552063,0.7061915406957269,Positive
1744449521890029726,2024-01-08T15:02:30Z,2024-01-08,15,Monday,tomorrownook,"Finally! Xcode is now fully equipped to handle the power of Apple Vision Pro. Developers, get ready to create mind-blowing apps that can analyze and understand images like never before. #Xcode #AppleVisionPro https://t.co/MMAok2L5aE",finally xcode fully equipped handle power apple vision pro developer get ready create apps analyze understand image like never xcode applevisionpro URL,0,0,54,0.0020748733077198,0.0253471639007329,0.9725779294967652,0.9725779294967652,0.9705030561890452,Positive
1744447791144063151,2024-01-08T14:55:38Z,2024-01-08,14,Monday,christinazara7,"Turning Ideas into Viral Stories. Your Brand, Our Social Magic. Get started https://t.co/5bWa32S4NV #MAGAMoron #Coretta #OptimusElnAI #IDontWantToOverreactBUT #MondayMotivation #AppleVisionPro #Arrest #franzbeckenbauer https://t.co/ZlsW5YDs1r",turning idea viral story brand social magic get started URL magamoron coretta optimuselnai idontwanttooverreactbut mondaymotivation applevisionpro arrest franzbeckenbauer URL,0,0,203,0.0057679354213178,0.315664678812027,0.6785674095153809,0.6785674095153809,0.672799474094063,Positive
1744433789793636596,2024-01-08T14:00:00Z,2024-01-08,14,Monday,hmautomate,Link : https://t.co/CyflWDP5Vd 🌟🌟In the world of Smart Automation Technology Smart Glasses😎 is one of the finest technology that has changed the way we see the world. It has numerous advantages that make… Read More Link above » 🔗📎 👍 #smartgadgets #applevisionpro,link URL world smart automation technology smart one finest technology changed way see world numerous advantage read link smartgadgets applevisionpro,1,0,105,0.0019005334470421,0.041111022233963,0.956988513469696,0.956988513469696,0.955087980022654,Positive
1744428718586524036,2024-01-08T13:39:51Z,2024-01-08,13,Monday,lancinglight,"Unveiling the Vision Pro mixed-reality headset on Feb. 2 at $3,499. Cutting-edge tech, exterior display, and lightning-fast chip. Pre-orders start Jan. 19, 5 a.m. PT. Ready to compete with Meta's VR dominance! #AppleVisionPro #ARVR #TechLaunch https://t.co/l6BU4K8J8q",unveiling vision pro headset feb NUMBER NUMBER NUMBER tech exterior display chip start jan NUMBER NUMBER pt ready compete meta vr dominance applevisionpro arvr techlaunch URL,0,0,31,0.0027656501624733,0.1568735390901565,0.8403608202934265,0.8403608202934265,0.8375951701309532,Positive
1744426199500124539,2024-01-08T13:29:50Z,2024-01-08,13,Monday,aguscervantesd,Tenemos fecha para el #AppleVisionPro y no podría estar más entusiasmado!,tenemos fecha para el applevisionpro podría estar más entusiasmado,0,0,44,0.0157074891030788,0.5567580461502075,0.4275344312191009,0.5567580461502075,0.4118269421160221,Neutral
1744418921975837096,2024-01-08T13:00:55Z,2024-01-08,13,Monday,android_polska,🗓️ Premiera #AppleVisionPro już 2.02.2024! Czy ten hełm AR odmieni nasze doświadczenia wirtualne? Start przedpremierowych zamówień 19.01 – czy będziesz wśród pierwszych testerów? 🕶️ #technologia #gadżety https://t.co/G0977Otay9,premiera applevisionpro już NUMBER NUMBER czy ten hełm ar odmieni nasze doświadczenia wirtualne start przedpremierowych zamówień NUMBER czy będziesz wśród pierwszych testerów technologia gadżety URL,1,0,703,0.0188466235995292,0.8823511004447937,0.0988022834062576,0.8823511004447937,0.0799556598067283,Neutral
1744412282723905541,2024-01-08T12:34:32Z,2024-01-08,12,Monday,cryptoalpha1000,"🚀 Brace yourselves, tech junkies! The much-awaited $AAPL Vision Pro is dropping in the 🇺🇸 on Friday, February 2nd. Time to gear up for the latest innovation from the Apple empire! 🍎🕶️ #AppleVisionPro #TechBuzz",brace tech junky aapl vision pro dropping friday february time gear latest innovation apple empire applevisionpro techbuzz,0,0,9,0.0013836298603564,0.0510841980576515,0.9475321173667908,0.9475321173667908,0.9461484875064344,Positive
1744411533579362811,2024-01-08T12:31:33Z,2024-01-08,12,Monday,_ameer_010,Hearing that the Apple Vision Pro's App Store contains more than 1 million apps 🧐🧐 Unbelievable 😳😳 #AppleVisionPro #AppStore,hearing apple vision pro app store contains NUMBER million apps unbelievable applevisionpro appstore,2,1,305,0.0044450308196246,0.0683044418692588,0.9272505044937134,0.9272505044937134,0.9228054736740888,Positive
1744407526727438644,2024-01-08T12:15:38Z,2024-01-08,12,Monday,theheralddiary,"Apple Vision Pro: Apple's upcoming mixed reality headset boasts stunning visuals, intuitive controls, and eye and hand tracking, all powered by the M2 and R1 chips. Expect early 2024 launch in the US with a $3,499 price tag. #AppleVisionPro https://t.co/imgkNd46jW",apple vision pro apple upcoming mixed reality headset boast stunning visuals intuitive control eye hand tracking powered chip expect early NUMBER launch u NUMBER NUMBER price tag applevisionpro URL,10,2,119,0.0019540630746632,0.0557076670229435,0.9423382878303528,0.9423382878303528,0.9403842247556896,Positive
1744404969191616953,2024-01-08T12:05:28Z,2024-01-08,12,Monday,drisushaibu,"#AppleVisionPro Chashmish Will be Available In U.S Starting Feb 2nd 2024 At a Price of $3500 (N3,098,200.00) Damn! ABA Boys please you guys can do something right? #BitcoinETF #PoliticsLive https://t.co/4tme2dIzov",applevisionpro chashmish available starting feb NUMBER price NUMBER NUMBER NUMBER damn aba boy please guy something right bitcoinetf politicslive URL,1,0,159,0.1985725164413452,0.4752800762653351,0.3261473774909973,0.4752800762653351,0.1275748610496521,Neutral
1744402700320784812,2024-01-08T11:56:27Z,2024-01-08,11,Monday,timirahj,A new era is here. Let the games begin. 😎💪🏿💕 #AppleVisionPro 🍏,new era let game begin applevisionpro,65,2,6569,0.0015980041353031,0.0160356722772121,0.9823663234710692,0.9823663234710692,0.980768319335766,Positive
1744396605439246695,2024-01-08T11:32:14Z,2024-01-08,11,Monday,changinvr,"I'm excited for this. But I can't shake the feeling that the talking heads will go through the cycle of ""most future tech ever, we live in the future"" to ""disappointing gimmick"" again while actual VR keeps marching inexorably on in VR Chat #VR #XR #applevisionpro",excited ca shake feeling talking head go cycle future tech ever live future disappointing gimmick actual vr keep marching inexorably vr chat vr xr applevisionpro,1,0,378,0.0599023215472698,0.1923562884330749,0.7477413415908813,0.7477413415908813,0.6878390200436115,Positive
1744390109602914587,2024-01-08T11:06:25Z,2024-01-08,11,Monday,matth_actu,Apple a annoncer que 150 Film 3D seront dispo a la sortie du Vision Pro via l'Apple TV d'Apple @EricdeBrocart Apple deviens le premier service de streaming a l'achat a ma connaissance avec des film 3D dispo #Apple #AppleVisionPro #VisionPro,apple annoncer que NUMBER film seront dispo la sortie du vision pro via tv USER apple deviens le premier service de streaming connaissance avec de film dispo apple applevisionpro visionpro,2,0,134,0.0116315055638551,0.701917290687561,0.2864511907100677,0.701917290687561,0.2748196851462126,Neutral
1744385749137670162,2024-01-08T10:49:06Z,2024-01-08,10,Monday,digitaltrendses,#Apple dijo que el dispositivo estaría disponible tanto en las tiendas como a través de su sitio web The post Hay fecha para los #AppleVisionPro y es muy cerca appeared first on Digital Trends Español. https://t.co/3KwH9Mb7YS,apple dijo que el dispositivo estaría disponible tanto en la tiendas como través de su sitio web post hay fecha para los applevisionpro e muy cerca appeared first digital trend español URL,0,0,728,0.0072303777560591,0.7330042719841003,0.2597652673721313,0.7330042719841003,0.2525348896160722,Neutral
1744385704359264668,2024-01-08T10:48:55Z,2024-01-08,10,Monday,tomorrownook,"""Apple’s Vision Pro launch brings a new twist to immersive computing. Brace yourself for the ShanghAI surprises! #AppleVisionPro #ImmersiveComputing"" https://t.co/YOh2KrQ02I",apple vision pro launch brings new twist immersive computing brace shanghai surprise applevisionpro immersivecomputing URL,0,0,23,0.0014100123662501,0.0264150518923997,0.9721749424934388,0.9721749424934388,0.9707649301271886,Positive
1744382881621770292,2024-01-08T10:37:42Z,2024-01-08,10,Monday,drawandcode,Less than a month until #AppleVisionPro time… https://t.co/raNTS3crzi,less month applevisionpro URL,3,0,108,0.0022801468148827,0.2907010316848755,0.7070187926292419,0.7070187926292419,0.7047386458143592,Positive
1744381744424378681,2024-01-08T10:33:11Z,2024-01-08,10,Monday,activrightbrain,Feb 2nd… everyone gets a go. #AppleVisionPro #applepronews #Apple #VisionPro #Spatial #VR #AR #XR #IoT #CES https://t.co/qXetCjBobe,feb everyone get go applevisionpro applepronews apple visionpro spatial vr ar xr iot ce URL,10,6,341,0.0031240121461451,0.4379194378852844,0.558956503868103,0.558956503868103,0.5558324917219579,Positive
1744381010517635448,2024-01-08T10:30:16Z,2024-01-08,10,Monday,pfdealz,"📱 Exciting news, Apple fans! The future of innovation is here with Apple Vision Pro. 🌟 Pre-order opens on 1.19 at 5:00 a.m. PT. Mark your calendars and get ready to experience a new era of technology! https://t.co/Ok21WJT7nA #AppleVisionPro https://t.co/QMbYmTLh40",exciting news apple fan future innovation apple vision pro open NUMBER NUMBER NUMBER pt mark calendar get ready experience new era technology URL applevisionpro URL,0,0,38,0.0012148480163887,0.0160677675157785,0.9827173352241516,0.9827173352241516,0.9815024872077628,Positive
1744380728781979936,2024-01-08T10:29:09Z,2024-01-08,10,Monday,iyke_hova,Apple Vision Pro will be available for pre-order in the U.S starting January 19 and will launch on February 2. #Apple #applevisionpro https://t.co/1AUKlaYSg3,apple vision pro available starting january NUMBER launch february NUMBER apple applevisionpro URL,0,0,62,0.0023675123229622,0.4384792447090149,0.5591532588005066,0.5591532588005066,0.5567857464775443,Positive
1744380032762732783,2024-01-08T10:26:23Z,2024-01-08,10,Monday,basicappleguy,Welcome to the era of spatial computing. Preorder Jan. 19 | Arriving Feb. 02 | US only #AppleVisionPro https://t.co/PmC9ReI0e3,welcome era spatial computing preorder jan NUMBER arriving feb NUMBER u applevisionpro URL,786,47,74189,0.002481136471033,0.2760437130928039,0.7214751243591309,0.7214751243591309,0.7189939878880978,Positive
1744373660708724770,2024-01-08T10:01:04Z,2024-01-08,10,Monday,realovirtualcom,"""Apple Vision Pro estará disponible en 2 de febrero"" https://t.co/gXnDoVBuQs #AppleVisionPro #Apple #VisionPro",apple vision pro estará disponible en NUMBER de febrero URL applevisionpro apple visionpro,1,0,226,0.0037499361205846,0.4587595164775848,0.5374904870986938,0.5374904870986938,0.5337405509781092,Positive
1744371841303474354,2024-01-08T09:53:50Z,2024-01-08,9,Monday,yg_productions_,"🎥 Exciting news! Apple Vision Pro launches Feb 2nd, pre-orders start Jan 19th. 🚀 Brace for a filmmaking revolution – immerse yourself in content creation like never before. 🎬 #AppleVisionPro https://t.co/hdzN3yVlRf",exciting news apple vision pro launch feb start jan brace filmmaking revolution immerse content creation like never applevisionpro URL,3,0,172,0.0012613135622814,0.0136953210458159,0.9850434064865112,0.9850434064865112,0.9837820929242298,Positive
1744371379200295132,2024-01-08T09:52:00Z,2024-01-08,9,Monday,mac_and_i,Apple Vision Pro: US-Start schon Anfang Februar https://t.co/r95AVBcASR #Apple #AppleVisionPro #CES #VirtualReality #VRBrillen,apple vision pro schon anfang februar URL apple applevisionpro ce virtualreality vrbrillen,0,0,1188,0.0050881407223641,0.6233517527580261,0.3715600967407226,0.6233517527580261,0.3664719560183584,Neutral
1744367846287679931,2024-01-08T09:37:57Z,2024-01-08,9,Monday,apple_geek_actu,"🔴Voici les options pour les lentilles ZEISS de #AppleVisionPro 🥽 Deux versions seront disponibles : 'ZEISS Optical Inserts — Readers' à 99 $, et 'ZEISS Optical Inserts — Prescription' à 149 $ Ils se fixent magnétiquement sur les lentilles. Une solution pour ceux qui portent des lunettes et qui ont besoin des verres de lecture ou de prescription.",le option pour le lentilles zeiss de applevisionpro deux version seront disponibles zeiss optical insert reader à NUMBER et zeiss optical insert prescription à NUMBER il se fixent magnétiquement sur le lentilles une solution pour ceux qui portent de lunette et qui ont besoin de verres de lecture ou de prescription,37,3,7537,0.0111846914514899,0.8369321823120117,0.151883065700531,0.8369321823120117,0.140698374249041,Neutral
1744367325061546435,2024-01-08T09:35:53Z,2024-01-08,9,Monday,pedrojijong,🆕 Apple Vision Pro estará disponible a partir de $3499 (EE. UU.) con 256 GB de almacenamiento. Los pedidos anticipados de #AppleVisionPro comenzarán el viernes 19 de enero con disponibilidad a partir del viernes 2 de febrero. https://t.co/buesipDJqg,apple vision pro estará disponible partir de NUMBER ee uu con NUMBER gb de almacenamiento los pedidos anticipados de applevisionpro comenzarán el viernes NUMBER de enero con disponibilidad partir del viernes NUMBER de febrero URL,7,3,1220,0.0082261664792895,0.7061415314674377,0.2856323421001434,0.7061415314674377,0.2774061756208539,Neutral
1744364857183400037,2024-01-08T09:26:05Z,2024-01-08,9,Monday,surajsahu032,#AppleVisionPro #Apple,applevisionpro apple,0,0,3,0.0056086555123329,0.3708937764167785,0.6234975457191467,0.6234975457191467,0.6178888902068138,Positive
1744364324896862354,2024-01-08T09:23:58Z,2024-01-08,9,Monday,nicksak,"This is going to be such a great year! On February 2, the future arrives! Apple Vision Pro goes on sale this month and deliveries start on Feb 2. Will you get one? #applevisionpro https://t.co/HEqyNBAeEo",going great year february NUMBER future arrives apple vision pro go sale month delivery start feb NUMBER get one applevisionpro URL,0,0,50,0.0013550352305173,0.0115445656701922,0.98710036277771,0.98710036277771,0.9857453275471926,Positive
1744363899262996520,2024-01-08T09:22:16Z,2024-01-08,9,Monday,stufflistings,So it's confirmed #AppleVisionPro to be made available in the U.S. on February 2. #Apple https://t.co/tT9Mcd89Nf,confirmed applevisionpro made available february NUMBER apple URL,652,289,20359,0.001676783664152,0.2689038515090942,0.7294192910194397,0.7294192910194397,0.7277425073552877,Positive
1744315306196017570,2024-01-08T06:09:11Z,2024-01-08,6,Monday,blognt,🔥🎮 Le lancement de l'Apple Vision Pro est imminent ! Préparez-vous pour le casque de réalité mixte qui va redéfinir l'immersion. Découvrez ce que promet cette innovation d'Apple ici 👇 https://t.co/EVsue8K9UF #AppleVisionPro #MixedReality #TechCountdown https://t.co/49e9jEKfO6,le lancement de vision pro est imminent pour le casque de réalité mixte qui va redéfinir découvrez ce que promet cette innovation ici URL applevisionpro mixedreality techcountdown URL,0,0,91,0.0038440497592091,0.1755451560020446,0.8206108212471008,0.8206108212471008,0.8167667714878917,Positive
1744306378313716013,2024-01-08T05:33:42Z,2024-01-08,5,Monday,perjanduro,"I guess the release of Apple Vision Pro is a matter of weeks now, if not days. Apple has updated App Store Connect with the ability to create product pages for visionOS apps. #applevisionpro #visionpro #visionos #apple #appstore #visionosapps #applenews #mixedreality #augmentedreality #ar #virtualreality @AppleNews @appleinsider @Apple @visionOS_news #banking #budgeting #money #finance #investing",guess release apple vision pro matter week day apple updated app store connect ability create product page visionos apps applevisionpro visionpro visionos apple appstore visionosapps applenews mixedreality augmentedreality ar virtualreality USER USER USER USER banking budgeting money finance investing,7,0,1602,0.0043610394932329,0.4025397896766662,0.5930991172790527,0.5930991172790527,0.5887380777858198,Positive
1744297279463243844,2024-01-08T04:57:33Z,2024-01-08,4,Monday,playgamesmovies,#AppleVisionPro https://t.co/iNYqAC8DJq,applevisionpro URL,0,0,1076,0.006501005962491,0.6011123657226562,0.392386645078659,0.6011123657226562,0.385885639116168,Neutral
1744252632393195792,2024-01-08T02:00:08Z,2024-01-08,2,Monday,mashableindia,CES 2024: Apple Set To Drop Major Vision Pro Announcement Anytime #technews #applenews #applevisionpro #apple https://t.co/qRjfXMVODt,ce NUMBER apple set drop major vision pro announcement anytime technews applenews applevisionpro apple URL,1,0,104,0.0035352725535631,0.6176645159721375,0.3788002729415893,0.6176645159721375,0.3752650003880262,Neutral
1744163407815917638,2024-01-07T20:05:36Z,2024-01-07,20,Sunday,bbqstory,#Applevisionpro is coming soon The world of #VR and #metaverse can be our hobby. 🤔 https://t.co/uZkBmiYTsQ,applevisionpro coming soon world vr metaverse hobby URL,1,0,45,0.0021236035972833,0.1651012301445007,0.8327751159667969,0.8327751159667969,0.8306515123695135,Positive
1744111029662175259,2024-01-07T16:37:28Z,2024-01-07,16,Sunday,cheinyeanlim,"Exploring Apple's Readiness for Vision Pro's US Launch &amp; Key Challenges in 2024: Tackling Generative AI Lag, Revenue Growth, &amp; Antitrust Issues. #AppleVisionPro #TechChallenges #Antitrust https://t.co/URSncGTFuc",exploring apple readiness vision pro u launch amp key challenge NUMBER tackling generative ai lag revenue growth amp antitrust issue applevisionpro techchallenges antitrust URL,2,0,130,0.0096320258453488,0.6480805277824402,0.3422873914241791,0.6480805277824402,0.3326553655788302,Neutral
1744104232687403170,2024-01-07T16:10:27Z,2024-01-07,16,Sunday,upstract,"Bloomberg: Vision Pro now shipping to US distribution warehouses, Apple retail preparing for February launch #poweron #markgurman #applevisionpro https://t.co/jM2ZghL8Ph https://t.co/9zHkexaJHV",bloomberg vision pro shipping u distribution warehouse apple retail preparing february launch poweron markgurman applevisionpro URL URL,0,0,93,0.0026529664173722,0.3687499761581421,0.6285970211029053,0.6285970211029053,0.625944054685533,Positive
1744079663235055919,2024-01-07T14:32:49Z,2024-01-07,14,Sunday,topspiffy,The comfort of xreal/rokid/viture/etc are lightyears ahead of Vision pro but the experience is miles behind https://t.co/UyByvWjYvL #xreal #AppleVisionPro https://t.co/AcSHJrtpHa,comfort lightyears ahead vision pro experience mile behind URL xreal applevisionpro URL,0,0,177,0.1609639674425125,0.4384467899799347,0.4005892872810364,0.4384467899799347,0.2396253198385238,Neutral
1744076593436467283,2024-01-07T14:20:37Z,2024-01-07,14,Sunday,misterd80,"I want one of these SO BADLY. It ONLY costs $3500.😂I was actually able to try this a couple months back, and--believe me--it's a game changer. #AppleVisionPro #VisionPro https://t.co/k3NUfuYOJ1",want one badly cost NUMBER actually able try couple month back believe game changer applevisionpro visionpro URL,1,0,653,0.0062654023058712,0.0154018681496381,0.9783326983451844,0.9783326983451844,0.9720672960393132,Positive
1744027761700700313,2024-01-07T11:06:35Z,2024-01-07,11,Sunday,ceotechi,"Apple Vision Pro: lancio a febbraio, scorte in arrivo #Apple #AppleStore #AppleVisionPro #Bloomberg #MarkGurman #Notizie #PowerOn #RealtàMista #RealtàVirtuale #Tech #TechNews #Tecnologia #VisionPro #VisoreAR #VisoreMR https://t.co/RRerUAwNzU https://t.co/ncXOwI2sXZ",apple vision pro lancio febbraio scorte arrivo apple applestore applevisionpro bloomberg markgurman notizie poweron realtàmista realtàvirtuale tech technews tecnologia visionpro visorear visoremr URL URL,1,1,82,0.0045672045089304,0.4986074566841125,0.4968253076076507,0.4986074566841125,0.4922581030987203,Neutral
1744022401720148414,2024-01-07T10:45:17Z,2024-01-07,10,Sunday,pennedbyhim,"The Vision Pro is already shipping to distribution warehouses in the US. Apple may make an official announcement regarding the headset's release date by next week. The launch preparations are also in full swing, pointing to a February release. #Apple #AppleVisionPro https://t.co/IhAK97AL2A",vision pro already shipping distribution warehouse u apple may make official announcement regarding headset release date next week launch preparation also full swing pointing february release apple applevisionpro URL,0,1,104,0.0016254377551376,0.2099806070327758,0.7883939743041992,0.7883939743041992,0.7867685365490615,Positive
1744019594707087418,2024-01-07T10:34:08Z,2024-01-07,10,Sunday,appledsign,What happens if you combine the Apple Vision Pro &amp; iPhone? This concept! You like it? #AppleVisionPro #iphoneconcept https://t.co/G4RFaEgHyb,happens combine apple vision pro amp iphone concept like applevisionpro iphoneconcept URL,38,0,2296,0.0026012507732957,0.2063628882169723,0.7910358905792236,0.7910358905792236,0.7884346398059279,Positive
1744010074341712295,2024-01-07T09:56:18Z,2024-01-07,9,Sunday,perjanduro,"This is a showcase of an upcoming Apple Vision Pro app called Vision Collab, a platform for seamless collaboration, version control, asset management, and feedback tools for 3D immersive designers and teams. #applevisionpro #visionpro #visionos #apple #appstore #visionosapps #applenews #mixedreality #augmentedreality #ar #virtualreality @AppleNews @appleinsider @Apple @visionOS_news @apple @AppleVisionPro #fashion #luxury #LVMH #paris #LuxuryLiving #lifestyle Coming soon to Apple Vision Pro. Collaborate in real-time with your team members or stakeholders, by easily sharing USDZ assets, giving and receiving feedback, and addressing design challenges. Provide specific comments and annotations directly on your 3D models or immersive scenes, making it easier to give targeted feedback and streamline the design process. Track of all your design iterations, so you can go back to previous versions if needed and see the progress of your 3D designs and immersive experiences. Easily manage and organize all your 3D models, animations, textures, and AR assets in one central place, ensuring easy access and collaboration.",showcase upcoming apple vision pro app called vision collab platform seamless collaboration version control asset management feedback tool immersive designer team applevisionpro visionpro visionos apple appstore visionosapps applenews mixedreality augmentedreality ar virtualreality USER USER USER USER USER USER fashion luxury lvmh paris luxuryliving lifestyle coming soon apple vision pro collaborate team member stakeholder easily sharing usdz asset giving receiving feedback addressing design challenge provide specific comment annotation directly model immersive scene making easier give targeted feedback streamline design process track design iteration go back previous version needed see progress design immersive experience easily manage organize model animation texture ar asset one central place ensuring easy access collaboration,37,8,7368,0.0037262258119881,0.2913324236869812,0.7049413323402405,0.7049413323402405,0.7012151065282524,Positive
1743992006328598556,2024-01-07T08:44:30Z,2024-01-07,8,Sunday,apple_geek_actu,"🔴Les #AppleVisionPro sont actuellement expédiés aux entrepôts de distribution aux États-Unis, en quantité suffisante pour approvisionner les magasins #Apple en vue d'un lancement en février, selon @markgurman 🚛🥽 Une annonce officielle de la date de sortie serait imminente, peut-être dès la semaine prochaine Une disponibilité internationale est prévue plus tard en 2024, avec la Chine, le Canada et le Royaume-Uni considérés pour le premier déploiement international",applevisionpro sont actuellement expédiés aux entrepôts de distribution aux en quantité suffisante pour approvisionner le magasins apple en vue lancement en février selon USER une annonce officielle de la date de sortie serait imminente dès la semaine prochaine une disponibilité internationale est prévue plus tard en NUMBER avec la chine le canada et le considérés pour le premier déploiement international,122,15,27827,0.0277578234672546,0.8681268095970154,0.1041152775287628,0.8681268095970154,0.0763574540615081,Neutral
1743969767743164645,2024-01-07T07:16:08Z,2024-01-07,7,Sunday,kakigaijin,It is also hilarious how web 3 maxis are cheering for BTC ETFs (custodial) whilst also shunning custodial NFTs lol. Veve literally has the best #NFTs #Web3 #AppleVisionPro #Veve https://t.co/B1IZyDy5l8,also hilarious web NUMBER maxi cheering btc etf custodial whilst also shunning custodial nfts lol veve literally best nfts applevisionpro veve URL,36,2,2254,0.0108214793726801,0.060496587306261,0.9286819100379944,0.9286819100379944,0.9178604306653142,Positive
1743958348540825868,2024-01-07T06:30:46Z,2024-01-07,6,Sunday,aravarora_,It’s coming soon 👀 #AppleVisionPro https://t.co/D85YrK7yOc,coming soon applevisionpro URL,6,0,649,0.0022172124590724,0.1704597026109695,0.8273231387138367,0.8273231387138367,0.8251059262547642,Positive
1743897805540794831,2024-01-07T02:30:11Z,2024-01-07,2,Sunday,ictbusinessinfo,VRIJEME PROMJENA Apple će izdati Vision Pro u veljači https://t.co/zrGo4TyHM9 #ictbusiness #tehnologija #telekomunikacije #intervjui #reportaze #analize #AppleVisionPro https://t.co/IsFU246LSu,vrijeme promjena apple će izdati vision pro u veljači URL ictbusiness tehnologija telekomunikacije intervjui reportaze analize applevisionpro URL,0,0,72,0.0207225773483514,0.8368144631385803,0.1424629688262939,0.8368144631385803,0.1217403914779424,Neutral
1743897805268124064,2024-01-07T02:30:11Z,2024-01-07,2,Sunday,drazen_tomic,VRIJEME PROMJENA Apple će izdati Vision Pro u veljači https://t.co/18LkhNMgtM #ictbusiness #tehnologija #telekomunikacije #intervjui #reportaze #analize #AppleVisionPro https://t.co/xOMrQ35lEi,vrijeme promjena apple će izdati vision pro u veljači URL ictbusiness tehnologija telekomunikacije intervjui reportaze analize applevisionpro URL,0,0,83,0.0207225773483514,0.8368144631385803,0.1424629688262939,0.8368144631385803,0.1217403914779424,Neutral
1743893207266578520,2024-01-07T02:11:55Z,2024-01-07,2,Sunday,kikeapple, #AppleVisionPro 🥽 How many generations would have to wait for worth it ❔ remains that #AppleWatch ⌚️ was the third one …🤓 https://t.co/QqVBF4jtkE,applevisionpro many generation would wait worth remains applewatch third one URL,1,0,92,0.0064691356383264,0.5354728102684021,0.4580580294132232,0.5354728102684021,0.4515888937748968,Neutral
1743720338972639594,2024-01-06T14:45:00Z,2024-01-06,14,Saturday,skarredghost,"LOL, the weather on the external screen to become a walking weather guy.. Apple has some pretty wild ideas for Vision Pro's external screen https://t.co/pTsJQDOe8E #Apple #AppleVisionPro #AugmentedReality",lol weather external screen become walking weather guy apple pretty wild idea vision pro external screen URL apple applevisionpro augmentedreality,3,0,673,0.007559317164123,0.1539387702941894,0.8385019302368164,0.8385019302368164,0.8309426130726933,Positive
1743683657108431086,2024-01-06T12:19:14Z,2024-01-06,12,Saturday,aniruddha0367,What is your take on the #AppleVisionPro @Apple https://t.co/z3GbxdOVN0,take applevisionpro USER URL,2,0,193,0.0075617041438817,0.8704746961593628,0.1219635978341102,0.8704746961593628,0.1144018936902284,Neutral
1743650562401329466,2024-01-06T10:07:44Z,2024-01-06,10,Saturday,mocollections31,FA DC comics year mint and FA Swamp Thing ✅ #Veve #NFT #NFTs #AR #AugmentedReality #applevisionpro #dccomics https://t.co/RDVOCDDmr6,fa dc comic year mint fa swamp thing veve nft nfts ar augmentedreality applevisionpro dccomics URL,37,1,2160,0.0038233532104641,0.7797885537147522,0.2163880914449691,0.7797885537147522,0.212564738234505,Neutral
1743463722172235978,2024-01-05T21:45:18Z,2024-01-05,21,Friday,marcusting,"Blown away by this VR tennis marvel! 🎾 Two players, separate courts, yet battling it out in a shared virtual space! (via CarrotSurvivor on YT) #virtualreality #xr #spatialcomputing #meta #applevisionpro #vr #ar https://t.co/kfUMb3aPiP",blown away vr tennis marvel two player separate court yet battling shared virtual space via carrotsurvivor yt virtualreality xr spatialcomputing meta applevisionpro vr ar URL,0,1,223,0.0032442240044474,0.1020323857665062,0.8947234153747559,0.8947234153747559,0.8914791913703084,Positive
1743406314821234744,2024-01-05T17:57:11Z,2024-01-05,17,Friday,sereinjb,Évelyne (ellekit dev) has stated that she will not work on TrollStore tweak injection This decision follows the news of htrowii’s successful springboard injection #ios #ios16 #jailbreak #ipados #applevisionpro #amr64 #tech #security #coretrust #trollstore #jb #ellekit #opa334 https://t.co/2IeP0gsbAy,évelyne ellekit dev stated work trollstore tweak injection decision follows news htrowii successful springboard injection io jailbreak ipados applevisionpro tech security coretrust trollstore jb ellekit URL,0,0,450,0.4236616492271423,0.554889976978302,0.0214483551681041,0.554889976978302,-0.4022132940590381,Neutral
1743369287283143138,2024-01-05T15:30:02Z,2024-01-05,15,Friday,intelinsider,"Is the Metaverse making a comeback this year, thanks to the upcoming release of the Apple Vision Pro? 🥽 Our analysts shared their top predictions for 2024 in our latest episode of the Behind the Numbers podcast: https://t.co/RVi5ggz0Vn #podcast #metaverse #applevisionpro https://t.co/MWfQ3im5Vu",metaverse making comeback year thanks upcoming release apple vision pro analyst shared top prediction NUMBER latest episode behind number podcast URL podcast metaverse applevisionpro URL,4,1,1471,0.0018142056651413,0.1384787410497665,0.8597070574760437,0.8597070574760437,0.8578928518109024,Positive
1743332282176283106,2024-01-05T13:03:00Z,2024-01-05,13,Friday,skarredghost,Is this enough to fight against the M2 chip of the #AppleVisionPro? Qualcomm Announces More Powerful Version of Quest 3’s XR Chip https://t.co/blW7EyaJOX #VirtualReality #AugmentedReality,enough fight chip applevisionpro qualcomm announces powerful version quest NUMBER xr chip URL virtualreality augmentedreality,7,2,1331,0.0098065389320254,0.4506395757198334,0.5395538806915283,0.5395538806915283,0.5297473417595029,Positive
1743305327863378245,2024-01-05T11:15:53Z,2024-01-05,11,Friday,tecnofanatico,"Apple Vision Pro para finales de Enero, iPhone 16 Super cámara #technews #applevisionpro #iphone16camaras. https://t.co/dr8Xe5LXcW",apple vision pro para finale de enero iphone NUMBER super cámara technews applevisionpro URL,4,2,1685,0.0046331509947776,0.6548393964767456,0.3405274748802185,0.6548393964767456,0.3358943238854408,Neutral
1743285156058660951,2024-01-05T09:55:44Z,2024-01-05,9,Friday,visualunivrs,"⚡️Apple Vision Pro Update: Set for Feb 2024 launch, Vision Pro runs on new visionOS. High-end tech at $3,500 - but 9to5Mac survey shows 66% hesitant due to cost. Apple also going to prep more affordable model ($1.5K-$2K) to broaden appeal. #AppleVisionPro #AR #VR #MarketAnalysis https://t.co/5XFIjjEe9o",vision pro update set feb NUMBER launch vision pro run new visionos tech NUMBER NUMBER survey show NUMBER hesitant due cost apple also going prep affordable model NUMBER broaden appeal applevisionpro ar vr marketanalysis URL,0,0,128,0.0092263026162981,0.5556269288063049,0.4351467490196228,0.5556269288063049,0.4259204464033246,Neutral
1743277420398920020,2024-01-05T09:25:00Z,2024-01-05,9,Friday,techscoreny,Competitor to #AppleVisionPro ?? 😎 https://t.co/5h3fqvxL6f,competitor applevisionpro URL,7,0,345,0.006924798246473,0.6981543898582458,0.2949208319187164,0.6981543898582458,0.2879960336722433,Neutral
1743276485916442651,2024-01-05T09:21:17Z,2024-01-05,9,Friday,lucidrealitylab,"🍏👀 #Apple's #EyeSight in the new #AppleVisionPro headset allows two-way interaction with external displays. Great for training, it shows emotions, focus, and messages, making Mixed Reality more engaging. 📰@PatentlyApple #MR #XR @AppleNews @appleinsider @Apple @visionOS_news https://t.co/yHbU5q3Chi",apple eyesight new applevisionpro headset allows interaction external display great training show emotion focus message making mixed reality engaging USER mr xr USER USER USER USER URL,5,3,412,0.0014873065520077,0.0717104524374008,0.9268022775650024,0.9268022775650024,0.9253149710129946,Positive
1743215965725212859,2024-01-05T05:20:48Z,2024-01-05,5,Friday,reviewspaceinfo,"Qualcomm Unveils Snapdragon XR2+ Gen 2 Chip, Apple's Vision Pro Killer: https://t.co/oaLKKWKFME #Qualcomm #Samsung #Google #NewTechnologyNews #MixedReality #SnapdragonXR2PlusGen2 #AppleVisionPro #VRTechnology #AffordableHeadsets #TechnologyNews https://t.co/6hc8wGVfhx",qualcomm unveils snapdragon gen NUMBER chip apple vision pro killer URL qualcomm samsung google newtechnologynews mixedreality applevisionpro vrtechnology affordableheadsets technologynews URL,2,0,137,0.0032715578563511,0.4274071156978607,0.56932133436203,0.56932133436203,0.5660497765056789,Positive
1743213524640546891,2024-01-05T05:11:06Z,2024-01-05,5,Friday,techzineeu,"Now that Apple has turned its focus to virtual reality, it looks like it may get five competitors. Qualcomm this week announced the Snapdragon XR2+ Gen 2, which promises a slight improvement on… https://t.co/znHg7PdvPX #Devices #AppleVisionPro #HTC #Qualcomm - Follow for more",apple turned focus virtual reality look like may get five competitor qualcomm week announced snapdragon gen NUMBER promise slight improvement URL device applevisionpro htc qualcomm follow,0,0,105,0.0028264611028134,0.2358800619840622,0.7612935304641724,0.7612935304641724,0.7584670693613589,Positive
1743212834505498769,2024-01-05T05:08:21Z,2024-01-05,5,Friday,thespuzz,"Xreal ships 350K AR glasses in 2023, takes 51% of market in Q3 #market #applevisionpro #headset #thespuzz #VivekOberoi https://t.co/dHArdMIrWC",xreal ship ar glass NUMBER take NUMBER market market applevisionpro headset thespuzz vivekoberoi URL,0,0,52,0.0094217769801616,0.7923622131347656,0.1982159912586212,0.7923622131347656,0.1887942142784595,Neutral
1743207351983997332,2024-01-05T04:46:34Z,2024-01-05,4,Friday,techzine,"Nu Apple de aandacht voor virtual reality weer heeft aangescherpt, krijgt het mogelijk vijf concurrenten. Qualcomm heeft de Snapdragon XR2+ Gen 2 aangekondigd, dat een kleine verbetering op eerdere chipsets… https://t.co/i1ytEEdjY7 #Devices #Android #AppleVisionPro #HTC #Meta",nu apple de aandacht voor virtual reality weer heeft aangescherpt krijgt het mogelijk vijf concurrenten qualcomm heeft de snapdragon gen NUMBER aangekondigd dat een kleine verbetering op eerdere URL device android applevisionpro htc meta,0,1,149,0.0231794547289609,0.7774387001991272,0.1993818283081054,0.7774387001991272,0.1762023735791444,Neutral
1743203237568626779,2024-01-05T04:30:13Z,2024-01-05,4,Friday,nowtechteam,"🔴 LIVE à 8h - Samsung galaxy S24, date de sortie confirmée ! #Copilot #Tetris #AppleVisionPro etc. 🔸 LE MUG NOWTECH 👉 https://t.co/PBLwHE9Cyd https://t.co/R8PG9HkSjx",live à samsung galaxy date de sortie confirmée copilot tetri applevisionpro etc le mug nowtech URL URL,9,0,1446,0.003884409321472,0.808277428150177,0.1878381222486496,0.808277428150177,0.1839537129271775,Neutral
1743200226280632562,2024-01-05T04:18:15Z,2024-01-05,4,Friday,esensconsulting,A look into what you can accomplish with #Apple’s #Safari web browser inside of #visionOS #AppleVisionPro #AI #3D https://t.co/iQfvWpOPc3,look accomplish apple safari web browser inside visionos applevisionpro ai URL,0,0,124,0.0040220753289759,0.4425536692142486,0.5534242391586304,0.5534242391586304,0.5494021638296545,Positive
1743188129958252894,2024-01-05T03:30:11Z,2024-01-05,3,Friday,opic3d,"Just hook, stream, and embrace – https://t.co/K5vkBb1lbK’s OPIC*Verse brings 3D LiVe Conversations to EVERYONE not just the privileged few #OPIC3D #VirtualReality #TechInnovation #Meta #AppleVisionPro",hook stream embrace URL opic verse brings live conversation everyone privileged virtualreality techinnovation meta applevisionpro,1,0,66,0.0037049686070531,0.1646558791399002,0.8316391706466675,0.8316391706466675,0.8279342020396143,Positive
1743186317549142212,2024-01-05T03:22:59Z,2024-01-05,3,Friday,smartprix,This Qualcomm SoC Will Power Samsung &amp; Google’s Vision Pro Competition https://t.co/khaBVZlJwT #Qualcomm #Samsung #Google #Apple #AppleVisionPro,qualcomm soc power samsung amp google vision pro competition URL qualcomm samsung google apple applevisionpro,29,1,2213,0.0042410711757838,0.4020597338676452,0.5936992168426514,0.5936992168426514,0.5894581456668675,Positive
1743174936364253564,2024-01-05T02:37:46Z,2024-01-05,2,Friday,potaufan,"As a tradition, my yearly predictions for 2024 are: Technology 1. Start of long-term decline for #AAPL 🍎 due to weak sales of #AppleVisionPro & #iPhone. Politics 2. Rise of far-right & far-left parties in most Western democracies. Even centrist parties will introduce traditionally far-right/far-left policies to placate the increasingly impoverished and disgruntled electorate. 3. The US 🇺🇸 will suffer significant reputational damage as the guarantor of peace in Europe as #Russia 🇷🇺 solidifies control in Eastern Ukraine. Most EU countries will start to ""re-arm"" as a result. Climate 4. It will be the hottest summer 🌞 yet. Seismically stable countries will increasingly look to #NuclearEnergy ☢️ to meet spiking energy demands. Medicine 5. More R&D will go into pharmacological interventions used to achieve certain morphological outcomes for ""healthy"" individuals, e.g., weight-loss, muscle growth 💪, anti-ageing. Society 6. Peak woke and its counter movements. Male enrolment in higher ed will continue to decline. Single sexless men will continue to increase. 7. A person's financial success will increasingly depend on how an individual deals with digital distraction, including pornography 👄, and leverage technology. Wealth gap between those who can and those who can't will grow.",tradition yearly prediction NUMBER technology NUMBER start decline aapl due weak sale applevisionpro iphone politics NUMBER rise party western democracy even centrist party introduce traditionally policy placate increasingly impoverished disgruntled electorate NUMBER u suffer significant reputational damage guarantor peace europe russia solidifies control eastern ukraine eu country start result climate NUMBER hottest summer yet seismically stable country increasingly look nuclearenergy meet spiking energy demand medicine NUMBER r go pharmacological intervention used achieve certain morphological outcome healthy individual muscle growth society NUMBER peak woke counter movement male enrolment higher ed continue decline single sexless men continue increase NUMBER person financial success increasingly depend individual deal digital distraction including pornography leverage technology wealth gap ca grow,0,0,61,0.4594301283359527,0.5077705383300781,0.0327993109822273,0.5077705383300781,-0.4266308173537254,Neutral
1743159588793511998,2024-01-05T01:36:46Z,2024-01-05,1,Friday,yoon_ro_,Thank you for sharing! People can follow your code to see how #visionOS works #visionpro #applevisionpro #swiftUI,thank sharing people follow code see visionos work visionpro applevisionpro swiftui,1,0,384,0.0025125797837972,0.0993427783250808,0.8981446623802185,0.8981446623802185,0.8956320825964212,Positive
1743142301944181120,2024-01-05T00:28:05Z,2024-01-05,0,Friday,producerwcooper,"Can I just put it out there that if any Apple Devs need music for the Vision Pro, I’d love to work with some devs &amp; see some of my work used for it. #VisionOS #AppleVisionPro #Developer",put apple devs need music vision pro love work devs amp see work used visionos applevisionpro developer,0,0,136,0.0032215462997555,0.1165205910801887,0.8802579045295715,0.8802579045295715,0.877036358229816,Positive
1743024828959932628,2024-01-04T16:41:17Z,2024-01-04,16,Thursday,vikrantnyc,"When do I get to order my #AppleVisionPro , @apple?",get order applevisionpro USER,7,0,1139,0.0060633895918726,0.7864469289779663,0.2074896544218063,0.7864469289779663,0.2014262648299336,Neutral
1742996500358005152,2024-01-04T14:48:43Z,2024-01-04,14,Thursday,manoj_gift,"Cybersecurity, Cloud Computing Services, Hyper Scale Data Centres, Closed AI would be imperative space. Apple wins because of its core values and principles. respect #RIPSTEVEJOBS #Salute #AppleVisionPro",cybersecurity cloud computing service hyper scale data centre closed ai would imperative space apple win core value principle respect ripstevejobs salute applevisionpro,0,0,37,0.0055789877660572,0.0591414533555507,0.9352794885635376,0.9352794885635376,0.9297005007974803,Positive
1742980599521202222,2024-01-04T13:45:32Z,2024-01-04,13,Thursday,gglassday,Y así será el Stand en las Tiendas de Apple https://t.co/dsWpnJXvM7 #apple #applestore #applevisionpro,así será el stand en la tiendas de apple URL apple applestore applevisionpro,0,0,42,0.0071909371763467,0.7743777632713318,0.2184313982725143,0.7743777632713318,0.2112404610961675,Neutral
1742963108287521198,2024-01-04T12:36:02Z,2024-01-04,12,Thursday,lmn_officiel,#AppleVisionPro : vers un lancement dès fin janvier ? https://t.co/JVIXMzgE9W,applevisionpro vers un lancement dès fin janvier URL,0,0,51,0.0100655192509293,0.8990451097488403,0.0908893719315528,0.8990451097488403,0.0808238526806235,Neutral
1742941900892729816,2024-01-04T11:11:46Z,2024-01-04,11,Thursday,businessdor,Qualcomm Announces New Chip to Power Samsung and Google’s Competitor to Apple Vision Pro Headset #Snapdragon #qualcomm #QualcommSnapdragon #apple #Samsung #google #applevisionpro #businessdor https://t.co/bw7tMrAfLE https://t.co/7C7GAg38so,qualcomm announces new chip power samsung google competitor apple vision pro headset snapdragon qualcomm qualcommsnapdragon apple samsung google applevisionpro businessdor URL URL,0,1,141,0.0057115177623927,0.5266287922859192,0.4676597118377685,0.5266287922859192,0.4619481940753758,Neutral
1742937694429237490,2024-01-04T10:55:03Z,2024-01-04,10,Thursday,petersxplicit,"Hey @apple, it's 2024 already! Any news on #applevisionpro ? #NFTCommunity #GOAT𓃵 #tech #VirtualReality #VirtualPhotography https://t.co/ziCbxlJcnB",hey USER NUMBER already news applevisionpro nftcommunity goat𓃵 tech virtualreality virtualphotography URL,1,0,116,0.0078945765271782,0.3515882194042206,0.6405172348022461,0.6405172348022461,0.6326226582750678,Positive
1742931756305817692,2024-01-04T10:31:27Z,2024-01-04,10,Thursday,techkard,Safari Browser Experience in Apple’s Vision Pro Headset. #Safari #Apple #VisionPro #AppleVisionPro https://t.co/T0dZT5nSiN,safari browser experience apple vision pro headset safari apple visionpro applevisionpro URL,0,0,615,0.004397255834192,0.5226070284843445,0.4729956984519958,0.5226070284843445,0.4685984426178038,Neutral
1742931644485681404,2024-01-04T10:31:00Z,2024-01-04,10,Thursday,arseniykhilk,The expected release date of Apple Vision Pro is the end of January. #Apple #VisionPro #AppleVisionPro https://t.co/NZKRhxpge2,expected release date apple vision pro end january apple visionpro applevisionpro URL,9,0,2138,0.0025252776686102,0.3202043175697326,0.6772704124450684,0.6772704124450684,0.6747451347764581,Positive
1742921855571513542,2024-01-04T09:52:06Z,2024-01-04,9,Thursday,isaldalopez,Spatial Computing &amp; Holographic Displays are coming and they will demand exponential compute power. GPUs the new oil $RENDER $RNDR ⭕️🚀 #BTC #SOL #RENDERING #RENDER #RNDR ⭕ #AppleVisionPro #VisionPro https://t.co/AF70BigK3K,spatial computing amp holographic display coming demand exponential compute power gpus new oil render rndr btc sol rendering render rndr applevisionpro visionpro URL,20,1,5924,0.0056562833487987,0.2546439170837402,0.7396998405456543,0.7396998405456543,0.7340435571968555,Positive
1742912267149349297,2024-01-04T09:14:00Z,2024-01-04,9,Thursday,heisedc,Vision Pro: Welche Entwickler zum Start mit dabei sein wollen https://t.co/JnePKLT3A9 #Apple #Apps #AppleVisionPro,vision pro welche entwickler zum start mit dabei sein wollen URL apple apps applevisionpro,0,0,752,0.0046086674556136,0.4984886050224304,0.4969027638435364,0.4984886050224304,0.4922940963879227,Neutral
1742873193960951820,2024-01-04T06:38:45Z,2024-01-04,6,Thursday,nickyrie,Il rilascio di Vision Pro non sarà un nuovo “momento iPhone”. Al contrario sarà più simile al primo Macintosh o al primo Apple Lisa. Prodotto per certi versi rivoluzionario ma non crediate sarà un successo. Vendite stimate di 400.000 unità se non meno. #AppleVisionPro https://t.co/CzEySdYvqI,il rilascio di pro non sarà un nuovo momento iphone al contrario sarà più simile al primo macintosh al primo apple lisa prodotto per certi versi rivoluzionario non crediate sarà un successo vendite stimate di NUMBER unità se non meno applevisionpro URL,10,0,884,0.0608834847807884,0.7411670088768005,0.197949543595314,0.7411670088768005,0.1370660588145256,Neutral
1742860252041593153,2024-01-04T05:47:19Z,2024-01-04,5,Thursday,9techeleven,"Some thoughts on #AppleVisionPro “Do not underestimate the Apple Vision Pro headset, which is set to launch relatively soon.” Increasingly, sources confirm that Apple will fulfill its WWDC23 promises by launching its first Mixed Reality Headset early in 2024. Do not be misled by the fact that the Vision Pro will initially be available only in the US. That was the case for the original iPhone. Apple, as a company, has shown incredible charisma in redefining and popularizing entire product categories, including phones, smartwatches, wireless headphones, and more. Modern engineering and software development frameworks, along with AI advancements, are poised to redefine various aspects of our life, including our interaction with technology products. Initially, they might not replace phones, but we will increasingly see more AR devices being released. Inevitably, following the release of the Apple Vision Pro, Chinese companies are likely to replicate Apple’s latest invention, increasing the options for consumers and further popularizing these headsets. Apple patents are definitely a challenge though. Any thoughts from your end? #applevisionpro",thought applevisionpro underestimate apple vision pro headset set launch relatively soon increasingly source confirm apple fulfill promise launching first mixed reality headset early NUMBER misled fact vision pro initially available u case original iphone apple company shown incredible charisma redefining popularizing entire product category including phone smartwatches wireless headphone modern engineering software development framework along ai advancement poised redefine various aspect life including interaction technology product initially might replace phone increasingly see ar device released inevitably following release apple vision pro chinese company likely replicate apple latest invention increasing option consumer popularizing headset apple patent definitely challenge though thought end applevisionpro,37,3,2450,0.001761209918186,0.0893606022000312,0.908878207206726,0.908878207206726,0.90711699728854,Positive
1742823450421469365,2024-01-04T03:21:05Z,2024-01-04,3,Thursday,ainewsbulletin,#BreakingNews Apple Vision Pro: Rumors and Speculations for the Upcoming Headset Launch #AppleVisionPro #headset #launch #leaks #rumors #Breaking #News https://t.co/PGgHx8DkV8,breakingnews apple vision pro rumor speculation upcoming headset launch applevisionpro headset launch leak rumor breaking news URL,0,0,327,0.0094228303059935,0.8743188977241516,0.1162582412362098,0.8743188977241516,0.1068354109302163,Neutral
1742802280343110023,2024-01-04T01:56:57Z,2024-01-04,1,Thursday,nowtechteam,"🔴 LIVE à 8h - Samsung Galaxy S24, date de sortie annoncée ! #Copilot #Tetris #AppleVisionPro etc. 🔸 LE MUG NOWTECH 👉 https://t.co/PBLwHE9Cyd https://t.co/BL27kwZpp0",live à samsung galaxy date de sortie annoncée copilot tetri applevisionpro etc le mug nowtech URL URL,11,0,2327,0.004079214297235,0.8119162321090698,0.184004545211792,0.8119162321090698,0.1799253309145569,Neutral
1742740585012998309,2024-01-03T21:51:48Z,2024-01-03,21,Wednesday,marcusting,"🚀The Meta Quest app was the top free app on the App Store this Christmas, signaling a VR boom! 🎄✨ Exciting times ahead for VR innovation! (via UploadVR) #virtualreality #xr #spatialcomputing #meta #applevisionpro #vr #ar https://t.co/hNHcTQPSeU",meta quest app top free app app store christmas signaling vr boom exciting time ahead vr innovation via uploadvr virtualreality xr spatialcomputing meta applevisionpro vr ar URL,0,0,107,0.0013513073790818,0.0153691554442048,0.9832794666290284,0.9832794666290284,0.9819281592499464,Positive
1742729628119097581,2024-01-03T21:08:16Z,2024-01-03,21,Wednesday,fabrizio_degni,Source: https://t.co/xlQ9mLN1d7 #Apple #applevisionpro,source URL apple applevisionpro,0,0,96,0.0084885163232684,0.7771532535552979,0.2143582552671432,0.7771532535552979,0.2058697389438748,Neutral
1742707373448540670,2024-01-03T19:39:50Z,2024-01-03,19,Wednesday,yoon_ro_,"https://t.co/9dbgrKG3HV Daily live streaming is on!! Come and say ""HI"" #visionOS #visionpro #applevisionpro #xrOS",URL daily live streaming come say hi visionos visionpro applevisionpro xros,1,0,410,0.0025414165575057,0.3113395273685455,0.6861190795898438,0.6861190795898438,0.683577663032338,Positive
1742644499887632869,2024-01-03T15:30:00Z,2024-01-03,15,Wednesday,tudocelular,Lançamento iminente! Apple Vision Pro pode chegar ao mercado em breve 🍎 #TudoCelular #Apple #AppleVisionPro #Notícias https://t.co/sSxnWzYHzu,lançamento iminente apple vision pro pode chegar ao mercado em breve tudocelular apple applevisionpro notícias URL,2,0,487,0.0048280470073223,0.2752671539783478,0.7199047207832336,0.7199047207832336,0.7150766737759113,Positive
1742633188449464782,2024-01-03T14:45:03Z,2024-01-03,14,Wednesday,cloutman_,a computer. a teleportation device. a theatre. a personal (AI) assistant. programmable superhuman vision. these are not 5 separate devices. are you getting it? #AppleVisionPro,computer teleportation device theatre personal ai assistant programmable superhuman vision NUMBER separate device getting applevisionpro,7,1,5593,0.0176453441381454,0.7191776037216187,0.2631770372390747,0.7191776037216187,0.2455316931009292,Neutral
1742602972998070590,2024-01-03T12:44:59Z,2024-01-03,12,Wednesday,visionvrfr,"La sortie de l’Apple Vision Pro est imminente ! Selon les rumeurs, le 26 janvier serait la date du lancement officiel (à confirmer) ! 💥 L’ordinateur spatial va-t-il révolutionner l’informatique ? Nous le saurons bientôt. Dites-nous ce que vous en pensez ! 🗣 #AppleVisionPro https://t.co/mHAVKgrRQj",la sortie de l apple vision pro est imminente selon le rumeurs le NUMBER janvier serait la date du lancement officiel à confirmer l ordinateur spatial révolutionner l informatique nous le saurons bientôt ce que vous en pensez applevisionpro URL,10,0,624,0.0056896628811955,0.2065349817276001,0.7877753973007202,0.7877753973007202,0.7820857344195247,Positive
1742602276496199855,2024-01-03T12:42:13Z,2024-01-03,12,Wednesday,binariogm,👓🚀 Apple redefine la realidad aumentada con el lanzamiento de VisionPro en 2024. Tim Cook promete una 'nueva era para la informática'. ¿Listos para el cambio? #AppleVisionPro #RealidadAumentada,apple redefine la realidad aumentada con el lanzamiento de visionpro en NUMBER tim cook promete una nueva era para la informática para el cambio applevisionpro realidadaumentada,0,0,59,0.0041312859393656,0.4490749835968017,0.5467936992645264,0.5467936992645264,0.5426624133251607,Positive
1742596725284667838,2024-01-03T12:20:09Z,2024-01-03,12,Wednesday,changinvr,I call it AngryFish. It's going to make millions Been toying with Polyspatial. Some stuff I've noticed - SkinnedMeshes seem to not be happy - 'partially supported' particles need more documentation- there's supposed to be some launch effects #Polyspatial #Unity #applevisionpro https://t.co/0ZV2G57cZB,call angryfish going make million toying polyspatial stuff noticed skinnedmeshes seem happy partially supported particle need supposed launch effect polyspatial unity applevisionpro URL,2,0,591,0.5108102560043335,0.3861473202705383,0.1030424460768699,0.5108102560043335,-0.4077678099274635,Negative
1742583246288793714,2024-01-03T11:26:36Z,2024-01-03,11,Wednesday,unboxdz,Jony Ive imagined the Vision Pro giving you Zoom eyes and sunglasses https://t.co/d3tdqLY5Sl . . . . . . . #Apple #AppleVisionPro #ApplePencil #Sunglasses #technology #TechNews #TechTrends #technologies #gadgets,jony ive imagined vision pro giving zoom eye sunglass URL apple applevisionpro applepencil sunglass technology technews techtrends technology gadget,0,0,66,0.0040892087854444,0.3101858496665954,0.6857249736785889,0.6857249736785889,0.6816357648931444,Positive
1742578313829265816,2024-01-03T11:07:00Z,2024-01-03,11,Wednesday,skarredghost,Apple Vision Pro Optional Top Strap Design Revealed In Patent - @UploadVR https://t.co/OnwGGYRmas #Apple #AppleVisionPro #VirtualReality #AugmentedReality #SpatialComputing,apple vision pro optional top strap design revealed patent USER URL apple applevisionpro virtualreality augmentedreality spatialcomputing,3,1,712,0.002828596625477,0.3491432070732116,0.6480281949043274,0.6480281949043274,0.6451995982788503,Positive
1742576333690163317,2024-01-03T10:59:08Z,2024-01-03,10,Wednesday,kuldeepkachhot,"Apple Vision Pro is rumoured be launched in the United States on January 27, 2024. #applevisionpro #apple #vrheadset",apple vision pro rumoured launched united state january NUMBER NUMBER applevisionpro apple vrheadset,0,0,148,0.0027530782390385,0.4850246608257293,0.5122222304344177,0.5122222304344177,0.5094691521953791,Positive
1742556420136894600,2024-01-03T09:40:00Z,2024-01-03,9,Wednesday,gamergwolf,"Según unos últimos rumores, los Apple Vision Pro se podrían presentar este 26 de enero y ya no para el mes de febrero como se tenia pensado. #Apple #AppleVision #AppleVisionPro https://t.co/CavLFVMbsJ",según unos últimos rumores los apple vision pro se podrían presentar este NUMBER de enero ya para el me de febrero como se tenia pensado apple applevision applevisionpro URL,0,0,56,0.0131486281752586,0.7334635257720947,0.2533877491950989,0.7334635257720947,0.2402391210198402,Neutral
1742538588443546071,2024-01-03T08:29:08Z,2024-01-03,8,Wednesday,techbitpt,Apple Vision Pro poderão ser lançado já este mês Leia a notícia completa: https://t.co/uR0FeqNNd5 #Apple #apple #applevisionpro #gadgets https://t.co/CushXpPsQE,apple vision pro poderão ser lançado já este mês leia notícia completa URL apple apple applevisionpro gadget URL,0,0,44,0.0103274062275886,0.710550844669342,0.2791217267513275,0.710550844669342,0.2687943205237388,Neutral
1742535834921017411,2024-01-03T08:18:12Z,2024-01-03,8,Wednesday,news9tweets,"#Apple might launch Vision Pro on January 26, with sales starting in February. Here's all you need to know Details: https://t.co/O2PtMrmJYH #AppleVisionPro https://t.co/Ix7o65jqqi",apple might launch vision pro january NUMBER sale starting february need know detail URL applevisionpro URL,0,0,195,0.0020336452871561,0.4210330545902252,0.5769333243370056,0.5769333243370056,0.5748996790498495,Positive
1742530604342616211,2024-01-03T07:57:25Z,2024-01-03,7,Wednesday,menfrentadas,Ya queda nada para el lanzamiento de las #AppleVisionPro ☝🏼 https://t.co/G0BmcVKEc9,ya queda nada para el lanzamiento de la applevisionpro URL,13,4,743,0.0182526689022779,0.7301414012908936,0.2516058683395386,0.7301414012908936,0.2333531994372606,Neutral
1742528330434596872,2024-01-03T07:48:23Z,2024-01-03,7,Wednesday,kakigaijin,"so whos buying me an #AppleVisionPro ? ive been a good boy, ill pay you back in digital high fives in the veveverse #vevefam",who buying applevisionpro ive good boy ill pay back digital high five veveverse vevefam,1,0,504,0.0156477186828851,0.1932424753904342,0.7911098003387451,0.7911098003387451,0.77546208165586,Positive
1742528246921490622,2024-01-03T07:48:03Z,2024-01-03,7,Wednesday,teksapo,"Quando é que a @Apple vai lançar o #AppleVisionPro? 🤔Segundo novos rumores, o headset pode chegar ainda mais cedo do que o esperado. 👇https://t.co/CWL9lZlHlM",quando é que USER vai lançar applevisionpro novos rumores headset pode chegar ainda mais cedo que esperado URL,0,0,136,0.0154201006516814,0.9164351224899292,0.0681448429822921,0.9164351224899292,0.0527247423306107,Neutral
1742523200775541122,2024-01-03T07:28:00Z,2024-01-03,7,Wednesday,skarredghost,"Will the Vision Pro be finally released in the US on January, 27th? https://t.co/ZBwwKnCiO5 #Apple #AppleVisionPro #AugmentedReality #VirtualReality",vision pro finally released u january URL apple applevisionpro augmentedreality virtualreality,6,1,2388,0.0027732974849641,0.5972976088523865,0.3999291062355041,0.5972976088523865,0.39715580875054,Neutral
1742512977276792922,2024-01-03T06:47:22Z,2024-01-03,6,Wednesday,diliberto_luca,"Secondo Mark Gurman, il rilascio negli Stati Uniti dell’#AppleVisionPro è vicino! Il visore dovrebbe essere rilasciato, in pochissime scorte, verso la fine di gennaio https://t.co/C41KkpPWYe",secondo mark gurman il rilascio negli stati uniti dell applevisionpro è vicino il visore dovrebbe essere rilasciato pochissime scorte verso la fine di gennaio URL,0,1,205,0.0123132932931184,0.4594332575798034,0.5282534956932068,0.5282534956932068,0.5159402024000883,Positive
1742493581275742347,2024-01-03T05:30:18Z,2024-01-03,5,Wednesday,mashableindia,"Apple Vision Pro Launch Date Revealed, January 27 Launch Expected #technews #apple #googlenews #applevisionpro https://t.co/FdDb8e2Oz1",apple vision pro launch date revealed january NUMBER launch expected technews apple googlenews applevisionpro URL,0,0,64,0.0029574576765298,0.4276391863822937,0.5694034099578857,0.5694034099578857,0.5664459522813559,Positive
1742485588027015374,2024-01-03T04:58:32Z,2024-01-03,4,Wednesday,ceotechi,Apple Vision Pro: lancio imminente il 26 gennaio #Apple #AppleVisionPro #HeadsetAR #MarkGurman #Notizie #Novità #RealtàMista #Tech #TechNews #Tecnologia #VisionPro #VisoreAR https://t.co/qFDQUmw5Li https://t.co/EsTFVKxDDP,apple vision pro lancio imminente il NUMBER gennaio apple applevisionpro headsetar markgurman notizie novità realtàmista tech technews tecnologia visionpro visorear URL URL,2,2,88,0.0057452488690614,0.5854983925819397,0.4087563753128052,0.5854983925819397,0.4030111264437437,Neutral
1742482809543856289,2024-01-03T04:47:30Z,2024-01-03,4,Wednesday,perjanduro,Back to work. Starting 2024 with a new project for Apple Vision Pro. Can you guess what it does? #applevisionpro #visionos #immersive #ar #VisionPro #AugmentedReality https://t.co/o1rlNFkXdF,back work starting NUMBER new project apple vision pro guess applevisionpro visionos immersive ar visionpro augmentedreality URL,17,0,3929,0.0026011113077402,0.2458834052085876,0.7515154480934143,0.7515154480934143,0.7489143367856741,Positive
1742473593148100864,2024-01-03T04:10:52Z,2024-01-03,4,Wednesday,imatteo_pau,"Secondo il Bro @markgurman il rilascio negli 🇺🇸 dell’#AppleVisionPro è imminente! Il visore #Apple dovrebbe essere rilasciato, in pochissime scorte, verso la fine di gennaio https://t.co/pX2RGV04lC",secondo il bro USER il rilascio negli dell applevisionpro è imminente il visore apple dovrebbe essere rilasciato pochissime scorte verso la fine di gennaio URL,33,0,1521,0.0079371705651283,0.2337051033973693,0.7583577632904053,0.7583577632904053,0.750420592725277,Positive
1742471812133408814,2024-01-03T04:03:48Z,2024-01-03,4,Wednesday,_metaversenews,👓🍏 ¡Apple presenta las lentes graduadas Vision Pro! Descubre cómo estas lentes personalizadas están cambiando el juego en #RealidadAumentada para usuarios con necesidades visuales específicas. #AppleVisionPro https://t.co/AY4qScl6DV,presenta la lentes graduadas vision pro descubre cómo estas lentes personalizadas están cambiando el juego en realidadaumentada para usuarios con necesidades visuales específicas applevisionpro URL,0,0,38,0.0034176458138972,0.2000574916601181,0.7965248823165894,0.7965248823165894,0.7931072365026921,Positive
1742444077285572721,2024-01-03T02:13:35Z,2024-01-03,2,Wednesday,yakhanews,AI-Powered Smart Glasses Resurge: Shaping the Future of Wearable Tech https://t.co/9ZrKGZfgDS #ArtificialInteligence #ArtificialIntelligence #AppleVisionPro #META #glasses https://t.co/qjXy98OamQ,smart glass resurge shaping future wearable tech URL artificialinteligence artificialintelligence applevisionpro meta glass URL,0,0,43,0.0043726498261094,0.4343162477016449,0.5613111257553101,0.5613111257553101,0.5569384759292006,Positive
1742363888589672866,2024-01-02T20:54:57Z,2024-01-02,20,Tuesday,ledgerlogic1337,"Diving into the future with @Apple's Vision Pro! 🌟 A blend of reality and tech magic, set to transform our world starting Jan 26. Ready to experience innovation at its peak? 🚀 #AppleVisionPro #TechRevolution @markgurman @MacRumors Amidst groundbreaking tech like #AppleVisionPro, let's not forget the digital realms RFOX is shaping. Bridging virtual and real, RFOX is poised to revolutionize how we interact with the metaverse. 🌐 #RFOX #FutureIsHere @redfoxlabs_io",diving future USER vision pro blend reality tech magic set transform world starting jan NUMBER ready experience innovation peak applevisionpro techrevolution USER USER amidst groundbreaking tech like applevisionpro let forget digital realm rfox shaping bridging virtual real rfox poised revolutionize interact metaverse rfox futureishere USER,9,1,327,0.0019000297179445,0.0362207479774951,0.9618791937828064,0.9618791937828064,0.9599791640648618,Positive
1742363428889530432,2024-01-02T20:53:07Z,2024-01-02,20,Tuesday,ledgerlogic1337,"@spatialreport Peek into the metaverse with RFOX! 🦊✨ Wearing the latest #AppleVisionPro VR, our digital mascot is ready to leap into new worlds. Join the revolution of immersive tech and virtual innovation. 🌐🚀 #RFOX #MetaverseExplorers @Apple @redfoxlabs_io @markgurman @MacRumors https://t.co/b6ws2793S2",USER peek metaverse rfox wearing latest applevisionpro vr digital mascot ready leap new world join revolution immersive tech virtual innovation rfox metaverseexplorers USER USER USER USER URL,5,0,473,0.0016100652283057,0.0702995508909225,0.9280903935432434,0.9280903935432434,0.9264803283149377,Positive
1742361013742383114,2024-01-02T20:43:31Z,2024-01-02,20,Tuesday,ashishkebabs,My @Apple Vision Pro is going to catch fire when I play Pokémon Go with it. #AppleVisionPro,USER vision pro going catch fire play pokémon go applevisionpro,0,0,134,0.0080656893551349,0.1117361858487129,0.880198061466217,0.880198061466217,0.8721323721110821,Positive
1742327602524598552,2024-01-02T18:30:45Z,2024-01-02,18,Tuesday,alkodras7,"$senso pump time for senso Apple VR will be available soon. When the first news came out, all VR coins gained a lot of value. We are currently on the countdown #metaverse #vr #AppleVisionPro $vr $enj $sand #BitcoinETF #kucoin #gem #gaming #Bitcoin https://t.co/ssqDY0ZH3H",senso pump time senso apple vr available soon first news came vr coin gained lot value currently countdown metaverse vr applevisionpro vr enj sand bitcoinetf kucoin gem gaming bitcoin URL,2,0,505,0.0022323068697005,0.083912156522274,0.9138555526733398,0.9138555526733398,0.9116232458036392,Positive
1742322629661319647,2024-01-02T18:11:00Z,2024-01-02,18,Tuesday,thedukeofdeals,"The 1st Apple Vision Pro accessory has hit Amazon, possibly giving us a hint to the devices release date...02/29/2024: https://t.co/Y3hZVPAGhk Keep an 👁 out for this one! #AppleVisionPro #WWDC23 #Ad",apple vision pro accessory hit amazon possibly giving u hint device release date NUMBER NUMBER NUMBER URL keep one applevisionpro ad,1,0,352,0.00198784051463,0.2266717404127121,0.7713404297828674,0.7713404297828674,0.7693525892682374,Positive
1742304762576441556,2024-01-02T17:00:00Z,2024-01-02,17,Tuesday,ticktocktech1,"Arriving in late January or early February, Apple's $3499 Vision Pro is a spatial computing gadget. Although the device's exact release date is still unknown, it is thought to be Apple's most significant product of 2024 #Ticktocktech #AppleVisionPRo #TechUpdates #apple #TechNews https://t.co/VPPqurfXCQ",arriving late january early february apple NUMBER vision pro spatial computing gadget although device exact release date still unknown thought apple significant product NUMBER ticktocktech applevisionpro techupdates apple technews URL,0,0,97,0.0019467523088678,0.1415494829416275,0.8565037250518799,0.8565037250518799,0.854556972743012,Positive
1742286073869299825,2024-01-02T15:45:44Z,2024-01-02,15,Tuesday,appleinsider,"The latest rumors sourced from Apple's supply chain point to January 26 for the Apple Vision Pro launch, which lines up with other accurate sources. #Apple #AppleVisionPro By @hillitech https://t.co/RfQBDV1MQN",latest rumor sourced apple supply chain point january NUMBER apple vision pro launch line accurate source apple applevisionpro USER URL,47,2,14445,0.003826230764389,0.5579203367233276,0.4382534623146057,0.5579203367233276,0.4344272315502167,Neutral
1742269619740553442,2024-01-02T14:40:21Z,2024-01-02,14,Tuesday,onetechpl,Ujawniono możliwą datę premiery #AppleVisionPro. https://t.co/lafyEFc65Z,ujawniono możliwą datę premiery applevisionpro URL,2,0,510,0.0172161161899566,0.8138415813446045,0.1689422875642776,0.8138415813446045,0.1517261713743209,Neutral
1742194177297821759,2024-01-02T09:40:34Z,2024-01-02,9,Tuesday,ceotechi,Apple: ecco tutte le novità più attese nel 2024 #Apple #Apple2024 #AppleGPT #ApplePencil3 #Appleroadmap #AppleTV #AppleVision #AppleVisionPro #AppleWatch #CarPlay #iOS18 #iPad #iPadPro #iPhone16 #iPhone16Pro #MacMini #Notizie #Novità #Pencil3 #Smartphone https://t.co/5tFOYlHybo https://t.co/pqCpfZL7wM,apple ecco tutte le novità più attese nel NUMBER apple applegpt appleroadmap appletv applevision applevisionpro applewatch carplay ipad ipadpro macmini notizie novità smartphone URL URL,3,3,402,0.0063958903774619,0.4354946911334991,0.5581093430519104,0.5581093430519104,0.5517134526744485,Positive
1742182592584044698,2024-01-02T08:54:32Z,2024-01-02,8,Tuesday,kikeapple,"@DavidEscutia @Inconforme75 Entramos en nada en una nueva era con las #AppleVisionPro  🫶🏽 ya no hará falta interactuar con humanos, no contagios de ningún tipo, no gérmenes, asepsia total 🤍 afortunadamente en pocos cientos de años, seremos totalmente sustituidos por máquinas y seremos sus esclavos 🤖",USER USER entramos en nada en una nueva era con la applevisionpro ya hará falta interactuar con humanos contagios de ningún tipo gérmenes asepsia total afortunadamente en pocos cientos de años seremos totalmente sustituidos por máquinas seremos sus esclavos,1,0,22,0.0051883780397474,0.2074835449457168,0.7873281240463257,0.7873281240463257,0.7821397460065782,Positive
1742134697386205270,2024-01-02T05:44:13Z,2024-01-02,5,Tuesday,habercomsosyal,Apple Vision Pro 27 Ocak'ta Geliyor https://t.co/xPkciYSORv #haber #sondakika #AppleVisionPro #VisionPro #Apple #teknoloji #karmagerçeklikgözlüğü,apple vision pro NUMBER geliyor URL haber sondakika applevisionpro visionpro apple teknoloji karmagerçeklikgözlüğü,0,0,1288,0.0119948247447609,0.7771717309951782,0.2108335494995117,0.7771717309951782,0.1988387247547507,Neutral
1742070606198370339,2024-01-02T01:29:33Z,2024-01-02,1,Tuesday,yoon_ro_,- Use .sheet() to create a popup screen - .fullScreenCover() will cover the full screen. duh - Use environment dismiss value to undo .sheet() #visionOS #applevisionpro #swiftUI #studying https://t.co/UqmKPGeyU4,use create popup screen cover full screen duh use environment dismiss value undo visionos applevisionpro swiftui studying URL,3,0,487,0.1775468438863754,0.7547529935836792,0.0677001401782035,0.7547529935836792,-0.1098467037081718,Neutral
1742044603187097617,2024-01-01T23:46:13Z,2024-01-01,23,Monday,heykarthikeyan,"A gentle reminder to everyone that this year could mark a pivotal shift in computing with the debut of Apple Vision Pro. With Meta and Apple both into spatial computing, the ecosystem might see new heights by the same time next year. #meta #MetaQuest3 #AppleVisionPro",gentle reminder everyone year could mark pivotal shift computing debut apple vision pro meta apple spatial computing ecosystem might see new height time next year meta applevisionpro,0,0,119,0.0012079136213287,0.0422279611229896,0.9565641283988952,0.9565641283988952,0.9553562147775664,Positive
1742032481849676219,2024-01-01T22:58:03Z,2024-01-01,22,Monday,lam0rakwasgone,"Advertising the product one way to make it look sleeker, but including a head strap because they know it'd be too uncomfortable without one... Not very Apple-like behavior. #AppleVisionPro",advertising product one way make look sleeker including head strap know uncomfortable without one behavior applevisionpro,1,0,241,0.6590701341629028,0.3097019493579864,0.0312278680503368,0.6590701341629028,-0.627842266112566,Negative
1742023479195812243,2024-01-01T22:22:17Z,2024-01-01,22,Monday,breakingtech__,BREAKING‼️ • Apple Vision Pro Zeiss Lenses have been leaked.😍 • The lens design allows for light pass through and diverges or converges the light rays for optimal vision.😱 • The result is a precision optics tool small enough to fit inside the headset.🤯 #AppleVisionPro https://t.co/I1ufFob2XT,apple vision pro zeiss lens lens design allows light pas diverges converges light ray optimal result precision optic tool small enough fit inside applevisionpro URL,10,1,1788,0.0165755450725555,0.2529888749122619,0.7304356098175049,0.7304356098175049,0.7138600647449493,Positive
1742021174929039800,2024-01-01T22:13:07Z,2024-01-01,22,Monday,breakingtech__,BREAKING‼️ • Apple Vision Pro power connector has been leaked.😱 • Apple uses innovative power delivery solution to power the headset with the Magsafe Battery Pack.🤌 #AppleVisionPro ✨ https://t.co/UWLfxHGi0c,apple vision pro power connector apple us innovative power delivery solution power headset magsafe battery applevisionpro URL,3,1,697,0.0072490847669541,0.2704133987426758,0.7223374843597412,0.7223374843597412,0.715088399592787,Positive
1742019552307978356,2024-01-01T22:06:41Z,2024-01-01,22,Monday,breakingtech__,BREAKING‼️ • Apple Vision Pro light seal components have leaked.🤯 • Patent listings have revealed design close ups at the cutting edge technology used in the light seal for Apple Vision Pro.😳 • Apple uses the innovative seal to solve light leaking.💡 #AppleVisionPro https://t.co/n68xEiaOnL,apple vision pro light seal component patent listing revealed design close ups cutting edge technology used light seal apple vision apple us innovative seal solve light applevisionpro URL,8,1,821,0.0623741298913955,0.5682593584060669,0.3693664968013763,0.5682593584060669,0.3069923669099808,Neutral
1741985742682022316,2024-01-01T19:52:20Z,2024-01-01,19,Monday,avij27,I’m getting the #AppleVisionPro I don’t care what y’all say.,getting applevisionpro care say,0,0,42,0.0169282518327236,0.1605744212865829,0.8224973678588867,0.8224973678588867,0.8055691160261631,Positive
1741980696439386354,2024-01-01T19:32:17Z,2024-01-01,19,Monday,robertbentley76,Apple Vision Pro releases this year. Are you getting one when they come out? #Apple #AppleNews #AppleVisionPro https://t.co/loV7wsP1fK,apple vision pro release year getting one come apple applenews applevisionpro URL,0,0,215,0.0028345787432044,0.435160368680954,0.5620051026344299,0.5620051026344299,0.5591705238912255,Positive
1741948245574611307,2024-01-01T17:23:20Z,2024-01-01,17,Monday,gglassday,Un vistazo a la correa de las Vision Pro #applevisionpro #apple #visionpro https://t.co/o9j0NJXr8M,un vistazo la correa de la vision pro applevisionpro apple visionpro URL,2,0,163,0.0142034450545907,0.7509575486183167,0.23483906686306,0.7509575486183167,0.2206356218084693,Neutral
1741942374933401928,2024-01-01T17:00:00Z,2024-01-01,17,Monday,yoon_ro_,New year short streaming is on!! https://t.co/qSfFMOVyFt I will be learning .sheet() vs .transition () vs .animation() today. #applevisionpro #swfitUI #appdevelopment,new year short streaming URL learning v v today applevisionpro swfitui appdevelopment,0,0,83,0.0027086369227617,0.195610836148262,0.8016805648803711,0.8016805648803711,0.7989719279576093,Positive
1741932458759631047,2024-01-01T16:20:36Z,2024-01-01,16,Monday,sadcreatortalks,"VR IN 2024: WHAT TO EXPECT🎇 From Apple's move into VR to surprising news about Nintendo's VR, top tech giants are gearing up to enter the #VirtualReality landscape in 2024. ☞ APPLE VISION PRO: #AppleVisionPro is set to make a significant impact on the #VR landscape. Apple's expertise in UX and design could redefine how we use VR. ☞ NEXT-GEN META QUEST PRO: @Meta is gearing up to introduce its next-gen #QuestPro headset with lower-resolution RGB cameras, making it more affordable. ☞ SAMSUNG & GOOGLE INTEGRATION: They are about to introduce a new headset that will be heavily based on the Google Play ecosystem. It will likely lead to better integration of OpenXR into the @Android SDK. ☞ VALVE'S VR: According to leaks, a VR headset by Valve, the company behind @Steam, will operate independently, similar to their Steam Deck. Valve's move into the VR market, coupled with a selection of #AAA games, has the potential to be a game-changer for VR enthusiasts. ☞ NINTENDO's VR: The #gaming giant is reportedly working on a new #headset too, leveraging its strength in creating captivating #games. #TechNews #gaminglife #gamingpc",vr NUMBER apple move vr surprising news nintendo vr top tech giant gearing enter virtualreality landscape NUMBER apple vision pro applevisionpro set make significant impact vr landscape apple expertise ux design could redefine use vr meta quest pro USER gearing introduce questpro headset rgb camera making affordable samsung google integration introduce new headset heavily based google play ecosystem likely lead better integration openxr USER sdk valve vr according leak vr headset valve company behind USER operate independently similar steam deck valve move vr market coupled selection aaa game potential vr enthusiast nintendo vr gaming giant reportedly working new headset leveraging strength creating captivating game technews gaminglife gamingpc,84,18,1741,0.0020900054369121,0.1237117871642112,0.8741981387138367,0.8741981387138367,0.8721081332769245,Positive
1741926524243132730,2024-01-01T15:57:01Z,2024-01-01,15,Monday,ashokrs,Ready for a conversation that's as real as you are? OPIC*Verse brings 3D to your dialogues. #RealTalk #InnovateWithOPIC #AppleVisionPro #Snapchat #NextGenTech,ready conversation real opic verse brings dialogue realtalk innovatewithopic applevisionpro snapchat nextgentech,0,0,41,0.0032376549206674,0.1552524417638778,0.8415098786354065,0.8415098786354065,0.8382722237147391,Positive
1741926179009912937,2024-01-01T15:55:39Z,2024-01-01,15,Monday,ashokrs,"Imagine a handshake, a shared meal, a classroom lesson – all in 3D. OPIC*Verse makes it possible. Embrace the virtual revolution. 🤝🍽️📚 #EdTech #VirtualMeeting #AppleVisionPro #Microsoft",imagine handshake shared meal classroom lesson opic verse make possible embrace virtual revolution edtech virtualmeeting applevisionpro microsoft,0,0,34,0.0025746601168066,0.0748384594917297,0.9225868582725524,0.9225868582725524,0.920012198155746,Positive
1741925740080230484,2024-01-01T15:53:54Z,2024-01-01,15,Monday,ashokrs,Dive into the future with OPIC*Verse – where every conversation is a 3D journey. 🌐✨Say goodbye to flat screens and hello to immersive connections! #OPIC3D #VirtualReality #TechInnovation #Meta #AppleVisionPro,dive future opic verse every conversation journey goodbye flat screen hello immersive connection virtualreality techinnovation meta applevisionpro,0,0,43,0.0030168211087584,0.1024624928832054,0.89452064037323,0.89452064037323,0.8915038192644715,Positive
1741916433833996775,2024-01-01T15:16:55Z,2024-01-01,15,Monday,decadence7018,J’espère qu’on va vivre une révolution du numérique en 2024 avec l’informatique spatiale #AppleVisionPro 🤔☺️ https://t.co/hTjsiPAOAZ,j espère qu va vivre une révolution du numérique en NUMBER avec l informatique spatiale applevisionpro URL,6,0,682,0.0060216626152396,0.3388771712779999,0.6551012396812439,0.6551012396812439,0.6490795770660043,Positive
1741905076296290741,2024-01-01T14:31:47Z,2024-01-01,14,Monday,marconveve,It has been a great experience so far but it is time for the next level 💙 #veve #VeVeFam #CollectorsAtHeart #applevisionpro #metaverse https://t.co/d7Jr6TiZX5,great experience far time next level veve vevefam collectorsatheart applevisionpro metaverse URL,19,3,1254,0.0016339611029252,0.0139204403385519,0.9844456315040588,0.9844456315040588,0.9828116704011336,Positive
1741896596697104829,2024-01-01T13:58:06Z,2024-01-01,13,Monday,leonlcfc1,#AppleVisionPro is nearly here. https://t.co/5iul86LSB9,applevisionpro nearly URL,3,0,125,0.0011937215458601,0.0661605149507522,0.9326457977294922,0.9326457977294922,0.931452076183632,Positive
1741892144866955632,2024-01-01T13:40:24Z,2024-01-01,13,Monday,mixedrealitytv,Here's why I believe the Apple Vision Pro will be a GAMECHANGER - even if it's not for YOU! https://t.co/PpnF4vlofl #apple #applevisionpro,believe apple vision pro gamechanger even URL apple applevisionpro,8,4,981,0.0021325072739273,0.0370661057531833,0.960801362991333,0.960801362991333,0.9586688557174056,Positive
1741888777050632275,2024-01-01T13:27:01Z,2024-01-01,13,Monday,2edgesth,#AppleVisionPro FAKE https://t.co/I59MCpYE5a,applevisionpro fake URL,3,0,1360,0.8881285786628723,0.0994854345917701,0.0123859951272606,0.8881285786628723,-0.8757425835356116,Negative
1741851617996214594,2024-01-01T10:59:22Z,2024-01-01,10,Monday,kaiden887,Apple Vision Pro New Groundbreaking AR Technology Showcased by @hl2cool #AppleEvent #AppleVisionPro https://t.co/uOR8wcmoro,apple vision pro new groundbreaking ar technology showcased USER appleevent applevisionpro URL,81,23,8101,0.0018929310608655,0.103171557188034,0.8949354887008667,0.8949354887008667,0.8930425576400012,Positive
1741845907664978184,2024-01-01T10:36:40Z,2024-01-01,10,Monday,elyssaar,"Happy New Year from Project Elyssa! 🥳 Welcome to the 2024 - the year of #AugmentedReality and spatial computing. Anticipate groundbreaking advancements as technology leaps forward, with #AppleVisionPro set to revolutionize how we interact with our digital world. Get ready to embrace a new dimension of experiences and possibilities, where the boundaries between physical and digital blur, defining a future shaped by spatial computing. Here's to a year filled with immersive innovations and endless AR adventures!",happy new year project elyssa welcome NUMBER year augmentedreality spatial computing anticipate groundbreaking advancement technology leap forward applevisionpro set revolutionize interact digital world get ready embrace new dimension experience possibility boundary physical digital blur defining future shaped spatial computing year filled immersive innovation endless ar adventure,63,41,2283,0.0015953502152115,0.0128091312944889,0.9855954647064208,0.9855954647064208,0.9840001144912094,Positive
1741761386798068176,2024-01-01T05:00:49Z,2024-01-01,5,Monday,publi_ar,Las futuras #AppleVisiónPro tendrán una pantalla más brillante... gracias a #Samsung. #RealidadMixta https://t.co/qOtg4ADhme,la futuras applevisiónpro tendrán una pantalla más brillante gracias samsung realidadmixta URL,0,0,53,0.0041315224952995,0.0922759547829628,0.9035925269126892,0.9035925269126892,0.8994610044173896,Positive
1741752345585754132,2024-01-01T04:24:54Z,2024-01-01,4,Monday,learnsome101,"Apple's Vision Pro, set to launch in 2024, was actually in the works since 2007, the same year the first iPhone debuted. This early vision included a VR headset for immersive movie and sports experiences, responsive to user movements. #AppleVisionPro #TechInnovation https://t.co/vs18vgQziT",apple vision pro set launch NUMBER actually work since NUMBER year first iphone debuted early vision included vr headset immersive movie sport experience responsive user movement applevisionpro techinnovation URL,0,0,202,0.0026730909012258,0.2389561980962753,0.7583706974983215,0.7583706974983215,0.7556976065970957,Positive
1741657562506768713,2023-12-31T22:08:15Z,2023-12-31,22,Sunday,anhvjf,"🚀 Celebrating the tech triumphs of 2023! From mind-blowing generative AI to the game-changing Apple Vision Pro headset, this year was packed with winners. What's your standout tech moment of 2023? 🌐🔥 #TechWinners #Innovation2023 #AI #AppleVisionPro https://t.co/t3gWx63Vna",celebrating tech triumph NUMBER generative ai apple vision pro headset year packed winner standout tech moment NUMBER techwinners ai applevisionpro URL,1,0,116,0.0019331818912178,0.0109835173934698,0.9870833158493042,0.9870833158493042,0.9851501339580864,Positive
