country,iso,year,happiness,population,income_group,lon,lat
Afghanistan,AFG,2011,4.258,29347708,Low,66.5922,34.134
Albania,ALB,2011,5.134,2911499,Lower middle,20.0611,41.1417
Algeria,DZA,2011,5.368,36903374,Upper middle,2.6558,28.351
Angola,AGO,2011,4.178,24218358,Upper middle,17.6518,-12.1674
Argentina,ARG,2011,6.242,41730655,Upper middle,-64.5324,-35.6973
Armenia,ARM,2011,4.474,2923269,Lower middle,45.0549,40.1784
Australia,AUS,2011,7.345,22479779,High,134.0228,-25.6973
Austria,AUT,2011,7.227,8393272,High,13.7978,47.6319
Azerbaijan,AZE,2011,4.582,9256156,Upper middle,48.6346,40.3921
Bahrain,BHR,2011,5.568,1206733,High,50.5407,26.048
Bangladesh,BGD,2011,4.807,153591074,Low,90.4321,23.6737
Belarus,BLR,2011,5.566,9472738,Upper middle,27.9643,53.4679
Belgium,BEL,2011,7.113,11038624,High,4.675,50.6182
Belize,BLZ,2011,6.451,327306,Lower middle,-88.6827,17.2425
Benin,BEN,2011,3.493,10093626,Low,2.3057,9.503
Bolivia,BOL,2011,5.633,10348931,Lower middle,-64.4521,-16.7312
Bosnia and Herzegovina,BIH,2011,4.857,3741799,Upper middle,17.8347,44.1442
Botswana,BWA,2011,4.581,2073538,Upper middle,23.8578,-22.2366
Brazil,BRA,2011,6.697,195284736,Upper middle,-54.3552,-11.5246
Bulgaria,BGR,2011,3.889,7380023,Upper middle,25.2517,42.8204
Burkina Faso,BFA,2011,3.926,16661907,Low,-1.6933,12.1087
Burundi,BDI,2011,3.678,9717980,Low,29.8852,-3.2613
Cambodia,KHM,2011,4.101,14722587,Low,105.0397,12.6992
Cameroon,CMR,2011,4.376,20232312,Lower middle,12.9485,6.2942
Canada,CAN,2011,7.499,34555449,High,-98.4168,57.5505
Central African Republic,CAF,2011,3.568,4565023,Low,20.5207,6.3314
Chad,TCD,2011,3.919,12755004,Low,18.4271,15.2835
Chile,CHL,2011,6.128,17351810,Upper middle,-70.7686,-37.8294
China,CHN,2011,4.68,1360250658,Upper middle,104.6911,38.0733
Colombia,COL,2011,6.202,45259614,Upper middle,-72.6445,4.1878
Comoros,COM,2011,3.7,668064,Low,43.3483,-11.6589
Congo,COG,2011,3.82,4609728,Lower middle,14.8797,-0.7294
Costa Rica,CRI,2011,7.251,4609834,Upper middle,-84.1467,9.8635
Cote d'Ivoire,CIV,2011,4.197,22982003,Lower middle,-5.5717,7.5368
Croatia,HRV,2011,5.623,4280827,High,16.6258,44.9119
Cuba,CUB,2011,5.418,11301578,Upper middle,-79.6982,21.4762
Cyprus,CYP,2011,6.416,1146493,High,33.3753,35.117
Czechia,CZE,2011,6.36,10495508,High,15.3833,49.7492
Democratic Republic of Congo,COD,2011,3.984,70849311,Low,23.4198,-3.3386
Denmark,DNK,2011,7.856,5570848,High,9.3787,56.0012
Djibouti,DJI,2011,4.957,948565,Lower middle,42.6135,11.7502
Dominican Republic,DOM,2011,5.036,9945623,Upper middle,-70.435,18.7795
Ecuador,ECU,2011,5.425,15326232,Upper middle,-78.463,-1.5643
Egypt,EGY,2011,4.853,91093066,Lower middle,30.2401,26.6052
El Salvador,SLV,2011,5.956,6090128,Lower middle,-88.8591,13.758
Estonia,EST,2011,5.33,1327366,High,25.9169,58.6481
Ethiopia,ETH,2011,4.064,93149977,Low,39.9149,8.7294
Finland,FIN,2011,7.579,5388236,High,25.6574,65.0158
France,FRA,2011,6.746,63733776,High,2.194,46.6424
Georgia,GEO,2011,3.892,3868724,Lower middle,43.3789,42.1799
Germany,DEU,2011,6.572,80857877,High,10.4262,51.083
Ghana,GHA,2011,4.705,26095091,Lower middle,-1.2192,7.9453
Greece,GRC,2011,6.133,11108838,High,23.1104,39.4201
Guatemala,GTM,2011,6.277,14792123,Lower middle,-90.3122,15.8209
Guinea,GIN,2011,4.171,10656812,Low,-10.9869,10.256
Guyana,GUY,2011,5.993,746161,Lower middle,-58.9135,4.6821
Haiti,HTI,2011,3.789,9914904,Low,-72.8929,18.8835
Honduras,HND,2011,5.564,8540587,Lower middle,-86.4925,14.7404
Hong Kong,HKG,2011,5.424,7142969,High,114.2,22.3
Hungary,HUN,2011,4.943,9946675,High,19.3962,47.2253
Iceland,ISL,2011,6.888,319139,High,-19.0568,65.1236
India,IND,2011,4.975,1261224956,Lower middle,81.173,23.5863
Indonesia,IDN,2011,5.159,249470029,Lower middle,113.9654,0.1559
Iran,IRN,2011,5.149,78383602,Upper middle,54.2371,32.906
Iraq,IRQ,2011,4.882,32161425,Lower middle,43.8325,33.1051
Ireland,IRL,2011,7.284,4579603,High,-8.2411,53.3049
Israel,ISR,2011,7.199,7471023,High,35.0279,31.5135
Italy,ITA,2011,6.578,60367882,High,12.7637,42.982
Jamaica,JAM,2011,6.208,2760493,Upper middle,-77.3036,18.1221
Japan,JPN,2011,6.059,128096430,High,137.4693,36.7674
Jordan,JOR,2011,5.706,7480431,Upper middle,36.9573,31.3871
Kazakhstan,KAZ,2011,5.594,17065996,Upper middle,66.3759,47.6415
Kenya,KEN,2011,4.18,42758467,Low,37.9531,0.6899
Kuwait,KWT,2011,6.574,3132815,High,47.5631,29.2814
Kyrgyzstan,KGZ,2011,4.828,5594537,Low,74.1753,41.357
Laos,LAO,2011,5.161,6426592,Lower middle,103.7638,18.1173
Latvia,LVA,2011,4.762,2059940,Upper middle,24.6937,56.8139
Lebanon,LBN,2011,5.049,5096018,Upper middle,35.8965,33.9116
Liberia,LBR,2011,4.04,4221177,Low,-9.259,6.5201
Libya,LBY,2011,5.178,6343210,Upper middle,17.9113,27.2029
Lithuania,LTU,2011,5.588,3028642,Upper middle,23.946,55.2944
Luxembourg,LUX,2011,7.051,518583,High,6.1032,49.7752
Madagascar,MDG,2011,4.309,22822305,Low,46.6849,-19.0416
Malawi,MWI,2011,4.624,15265026,Low,34.2344,-13.129
Malaysia,MYS,2011,5.823,29162034,Upper middle,114.6333,3.6717
Mali,MLI,2011,3.967,16469054,Low,-4.3464,17.1681
Malta,MLT,2011,5.96,424635,High,14.4419,35.8905
Mauritania,MRT,2011,4.643,3502813,Low,-10.4951,20.4667
Mauritius,MUS,2011,5.477,1286270,Upper middle,57.5642,-20.2814
Mexico,MEX,2011,6.74,115243503,Upper middle,-101.554,23.8744
Moldova,MDA,2011,5.305,3557278,Lower middle,28.3911,47.0726
Mongolia,MNG,2011,4.562,2745183,Lower middle,103.3987,47.0864
Montenegro,MNE,2011,5.147,632689,Upper middle,19.2951,42.7369
Morocco,MAR,2011,4.793,32912585,Lower middle,-8.8172,28.6876
Mozambique,MOZ,2011,4.693,23649045,Low,35.2086,-17.5252
Myanmar,MMR,2011,5.322,49419825,Low,97.0889,19.9012
Namibia,NAM,2011,4.886,2146331,Upper middle,18.1645,-21.9086
Nepal,NPL,2011,4.474,27464499,Low,84.1339,28.3009
Netherlands,NLD,2011,7.512,16851061,High,5.5541,52.1341
New Zealand,NZL,2011,7.372,4382699,High,170.6904,-43.8277
Nicaragua,NIC,2011,5.115,5819051,Lower middle,-85.0161,12.8936
Niger,NER,2011,4.122,17176286,Low,8.8686,17.0811
Nigeria,NGA,2011,4.856,171379602,Lower middle,8.1477,9.6103
North Macedonia,MKD,2011,4.369,2040445,Upper middle,21.71,41.594
Norway,NOR,2011,7.524,4952969,High,16.6703,64.9778
Pakistan,PAK,2011,5.149,203746069,Lower middle,69.0884,30.1162
Palestine,PSE,2011,4.555,4115912,Lower middle,35.2,31.9
Panama,PAN,2011,6.863,3693509,Upper middle,-80.1443,8.4395
Paraguay,PRY,2011,5.398,5814632,Lower middle,-58.3891,-23.4219
Peru,PER,2011,5.258,29304083,Upper middle,-74.1142,-8.5227
Philippines,PHL,2011,4.825,98248614,Lower middle,121.8221,15.5865
Poland,POL,2011,5.803,38208644,High,19.4357,52.0685
Portugal,PRT,2011,5.327,10557050,High,-7.9337,39.6753
Puerto Rico,PRI,2011,6.593,3683711,High,-66.4943,18.2162
Qatar,QAT,2011,6.569,1810960,High,51.1979,25.3185
Romania,ROU,2011,5.178,20282009,Upper middle,25.0942,45.8245
Russia,RUS,2011,5.284,144043751,Upper middle,98.6705,59.0394
Rwanda,RWA,2011,4.204,10573742,Low,29.9194,-2.0147
Saudi Arabia,SAU,2011,6.597,26105636,High,44.601,24.136
Senegal,SEN,2011,4.414,12958902,Lower middle,-14.6109,14.2289
Serbia,SRB,2011,4.564,7364858,Upper middle,20.8568,44.0268
Sierra Leone,SLE,2011,3.586,6387258,Low,-11.7866,8.5613
Singapore,SGP,2011,6.549,5182242,High,103.8,1.35
Slovakia,SVK,2011,5.657,5398105,High,19.581,48.6981
Slovenia,SVN,2011,5.922,2048805,High,14.8906,46.1376
South Africa,ZAF,2011,5.101,52995212,Upper middle,24.7525,-28.5536
South Korea,KOR,2011,5.643,49127640,High,127.7622,36.4024
Spain,ESP,2011,6.761,46998040,High,-16.538,28.2977
Sri Lanka,LKA,2011,4.26,21009054,Lower middle,80.6693,7.6966
Sudan,SDN,2011,4.424,36140808,Lower middle,29.9515,15.6706
Sweden,SWE,2011,7.379,9449263,High,17.0624,62.7342
Switzerland,CHE,2011,7.499,7914379,High,8.2869,46.7368
Syria,SYR,2011,4.735,22878104,Lower middle,38.5117,35.0975
Taiwan,TWN,2011,5.988,23273078,High,121.0,23.7
Tajikistan,TJK,2011,4.614,7824788,Low,70.9422,38.5693
Tanzania,TZA,2011,3.8,46029371,Low,34.8183,-6.3558
Thailand,THA,2011,5.804,69007212,Upper middle,101.0868,13.6622
Togo,TGO,2011,3.007,6500577,Low,0.8991,8.6607
Trinidad and Tobago,TTO,2011,6.263,1394990,High,-61.3724,10.4155
Tunisia,TUN,2011,5.141,10886041,Upper middle,9.6559,34.0864
Turkey,TUR,2011,5.234,74215203,Upper middle,35.5689,38.9321
Turkmenistan,TKM,2011,6.568,5683413,Upper middle,58.4577,39.0607
Uganda,UGA,2011,4.313,33354541,Low,32.3437,1.2822
Ukraine,UKR,2011,5.089,46307854,Lower middle,31.2738,48.6575
United Arab Emirates,ARE,2011,6.977,7199436,High,54.2792,24.1825
United Kingdom,GBR,2011,6.936,63509285,High,-2.8529,53.9784
United States,USA,2011,7.27,314105075,High,-96.3316,38.8208
Uruguay,URY,2011,5.898,3326829,Upper middle,-56.0192,-32.782
Uzbekistan,UZB,2011,5.225,28823194,Lower middle,63.8548,41.4879
Venezuela,VEN,2011,6.922,29185220,Upper middle,-66.3649,7.1483
Vietnam,VNM,2011,5.425,88468315,Lower middle,105.9134,16.5173
Yemen,YEM,2011,4.454,27582902,Lower middle,47.4682,16.0014
Zambia,ZMB,2011,4.705,14437796,Lower middle,27.7552,-13.1628
Zimbabwe,ZWE,2011,3.978,13595421,Low,29.7178,-18.927
Afghanistan,AFG,2012,4.04,30560036,Low,66.5922,34.134
Albania,ALB,2012,5.55,2910003,Upper middle,20.0611,41.1417
Algeria,DZA,2012,5.422,37646165,Upper middle,2.6558,28.351
Angola,AGO,2012,5.589,25177398,Upper middle,17.6518,-12.1674
Argentina,ARG,2012,6.562,42161718,Upper middle,-64.5324,-35.6973
Armenia,ARM,2012,4.316,2922529,Lower middle,45.0549,40.1784
Australia,AUS,2012,7.35,22852648,High,134.0228,-25.6973
Austria,AUT,2012,7.369,8431599,High,13.7978,47.6319
Azerbaijan,AZE,2012,4.604,9376179,Upper middle,48.6346,40.3921
Bahrain,BHR,2012,5.312,1216307,High,50.5407,26.048
Bangladesh,BGD,2012,4.804,155070110,Low,90.4321,23.6737
Belarus,BLR,2012,5.504,9463075,Upper middle,27.9643,53.4679
Belgium,BEL,2012,6.967,11107522,High,4.675,50.6182
Benin,BEN,2012,3.528,10397659,Low,2.3057,9.503
Bolivia,BOL,2012,5.857,10515814,Lower middle,-64.4521,-16.7312
Bosnia and Herzegovina,BIH,2012,4.813,3670109,Upper middle,17.8347,44.1442
Botswana,BWA,2012,3.97,2108617,Upper middle,23.8578,-22.2366
Brazil,BRA,2012,6.849,196876113,Upper middle,-54.3552,-11.5246
Bulgaria,BGR,2012,3.981,7317020,Upper middle,25.2517,42.8204
Burkina Faso,BFA,2012,4.259,17172284,Low,-1.6933,12.1087
Burundi,BDI,2012,3.706,10071033,Low,29.8852,-3.2613
Cambodia,KHM,2012,4.067,14945090,Low,105.0397,12.6992
Cameroon,CMR,2012,4.42,20809530,Lower middle,12.9485,6.2942
Canada,CAN,2012,7.477,34922513,High,-98.4168,57.5505
Central African Republic,CAF,2012,3.623,4610848,Low,20.5207,6.3314
Chad,TCD,2012,4.056,13211006,Low,18.4271,15.2835
Chile,CHL,2012,6.587,17519116,High,-70.7686,-37.8294
China,CHN,2012,4.978,1369520866,Upper middle,104.6911,38.0733
Colombia,COL,2012,6.416,45715807,Upper middle,-72.6445,4.1878
Comoros,COM,2012,3.851,681637,Low,43.3483,-11.6589
Congo,COG,2012,4.297,4740457,Lower middle,14.8797,-0.7294
Costa Rica,CRI,2012,7.257,4663930,Upper middle,-84.1467,9.8635
Croatia,HRV,2012,5.661,4259233,High,16.6258,44.9119
Cyprus,CYP,2012,6.466,1165403,High,33.3753,35.117
Czechia,CZE,2012,6.29,10507339,High,15.3833,49.7492
Democratic Republic of Congo,COD,2012,4.578,73254623,Low,23.4198,-3.3386
Denmark,DNK,2012,7.693,5591911,High,9.3787,56.0012
Djibouti,DJI,2012,4.69,966754,Lower middle,42.6135,11.7502
Dominican Republic,DOM,2012,4.963,10070409,Upper middle,-70.435,18.7795
Ecuador,ECU,2012,5.865,15572195,Upper middle,-78.463,-1.5643
Egypt,EGY,2012,4.273,93161000,Lower middle,30.2401,26.6052
El Salvador,SLV,2012,5.809,6113977,Lower middle,-88.8591,13.758
Estonia,EST,2012,5.426,1322615,High,25.9169,58.6481
Eswatini,SWZ,2012,4.867,1123870,Lower middle,31.5107,-26.5625
Ethiopia,ETH,2012,4.561,95798771,Low,39.9149,8.7294
Finland,FIN,2012,7.389,5413978,High,25.6574,65.0158
France,FRA,2012,6.764,64058465,High,2.194,46.6424
Gabon,GAB,2012,4.114,1846893,Upper middle,11.8394,-0.6284
Georgia,GEO,2012,4.187,3839208,Lower middle,43.3789,42.1799
Germany,DEU,2012,6.672,80916391,High,10.4262,51.083
Ghana,GHA,2012,5.091,26734273,Lower middle,-1.2192,7.9453
Greece,GRC,2012,5.435,11048291,High,23.1104,39.4201
Guatemala,GTM,2012,5.965,15089639,Lower middle,-90.3122,15.8209
Guinea,GIN,2012,3.847,10921580,Low,-10.9869,10.256
Haiti,HTI,2012,4.341,10069770,Low,-72.8929,18.8835
Honduras,HND,2012,5.142,8715081,Lower middle,-86.4925,14.7404
Hong Kong,HKG,2012,5.523,7201059,High,114.2,22.3
Hungary,HUN,2012,4.775,9916621,Upper middle,19.3962,47.2253
Iceland,ISL,2012,7.355,320851,High,-19.0568,65.1236
India,IND,2012,4.772,1278674501,Lower middle,81.173,23.5863
Indonesia,IDN,2012,5.348,252698525,Lower middle,113.9654,0.1559
Iran,IRN,2012,4.643,79370583,Upper middle,54.2371,32.906
Iraq,IRQ,2012,4.817,33654843,Upper middle,43.8325,33.1051
Ireland,IRL,2012,7.076,4600135,High,-8.2411,53.3049
Israel,ISR,2012,7.301,7607781,High,35.0279,31.5135
Italy,ITA,2012,6.021,60531522,High,12.7637,42.982
Jamaica,JAM,2012,5.374,2772432,Upper middle,-77.3036,18.1221
Japan,JPN,2012,6.064,127928283,High,137.4693,36.7674
Jordan,JOR,2012,5.414,7587133,Upper middle,36.9573,31.3871
Kazakhstan,KAZ,2012,5.671,17306115,Upper middle,66.3759,47.6415
Kenya,KEN,2012,4.403,43888306,Low,37.9531,0.6899
Kuwait,KWT,2012,6.515,3337025,High,47.5631,29.2814
Kyrgyzstan,KGZ,2012,5.042,5696521,Low,74.1753,41.357
Laos,LAO,2012,4.787,6518981,Lower middle,103.7638,18.1173
Latvia,LVA,2012,5.046,2034639,High,24.6937,56.8139
Lebanon,LBN,2012,4.931,5235742,Upper middle,35.8965,33.9116
Lesotho,LSO,2012,4.898,2034363,Lower middle,28.2448,-29.6017
Liberia,LBR,2012,4.196,4373046,Low,-9.259,6.5201
Libya,LBY,2012,5.34,6179327,Upper middle,17.9113,27.2029
Lithuania,LTU,2012,5.426,2988334,High,23.946,55.2944
Luxembourg,LUX,2012,7.054,530951,High,6.1032,49.7752
Madagascar,MDG,2012,3.966,23462444,Low,46.6849,-19.0416
Malawi,MWI,2012,4.113,15709577,Low,34.2344,-13.129
Malaysia,MYS,2012,5.76,29662835,Upper middle,114.6333,3.6717
Mali,MLI,2012,4.247,16957039,Low,-4.3464,17.1681
Malta,MLT,2012,5.964,426616,High,14.4419,35.8905
Mauritania,MRT,2012,4.758,3619035,Lower middle,-10.4951,20.4667
Mauritius,MUS,2012,5.477,1289174,Upper middle,57.5642,-20.2814
Mexico,MEX,2012,7.088,116818208,Upper middle,-101.554,23.8744
Moldova,MDA,2012,5.791,3482629,Lower middle,28.3911,47.0726
Mongolia,MNG,2012,4.834,2795463,Lower middle,103.3987,47.0864
Montenegro,MNE,2012,5.299,633546,Upper middle,19.2951,42.7369
Morocco,MAR,2012,4.885,33355246,Lower middle,-8.8172,28.6876
Mozambique,MOZ,2012,4.971,24337849,Low,35.2086,-17.5252
Myanmar,MMR,2012,4.439,49837451,Low,97.0889,19.9012
Nepal,NPL,2012,4.156,27534916,Low,84.1339,28.3009
Netherlands,NLD,2012,7.512,16915191,High,5.5541,52.1341
New Zealand,NZL,2012,7.221,4411682,High,170.6904,-43.8277
Nicaragua,NIC,2012,5.507,5901290,Lower middle,-85.0161,12.8936
Niger,NER,2012,4.152,17836770,Low,8.8686,17.0811
Nigeria,NGA,2012,5.248,176200627,Lower middle,8.1477,9.6103
North Macedonia,MKD,2012,4.574,2027288,Upper middle,21.71,41.594
Norway,NOR,2012,7.655,5018453,High,16.6703,64.9778
Oman,OMN,2012,6.853,3547104,High,55.8411,20.7243
Pakistan,PAK,2012,5.292,207667129,Lower middle,69.0884,30.1162
Palestine,PSE,2012,4.7,4215318,Lower middle,35.2,31.9
Panama,PAN,2012,7.143,3759261,Upper middle,-80.1443,8.4395
Paraguay,PRY,2012,5.779,5897011,Lower middle,-58.3891,-23.4219
Peru,PER,2012,5.776,29550367,Upper middle,-74.1142,-8.5227
Philippines,PHL,2012,4.985,100175511,Lower middle,121.8221,15.5865
Poland,POL,2012,5.822,38247867,High,19.4357,52.0685
Portugal,PRT,2012,5.101,10513155,High,-7.9337,39.6753
Qatar,QAT,2012,6.666,1907122,High,51.1979,25.3185
Romania,ROU,2012,5.033,20158451,Upper middle,25.0942,45.8245
Russia,RUS,2012,5.464,144291025,High,98.6705,59.0394
Rwanda,RWA,2012,3.715,10829904,Low,29.9194,-2.0147
Saudi Arabia,SAU,2012,6.48,27062447,High,44.601,24.136
Senegal,SEN,2012,3.959,13310499,Lower middle,-14.6109,14.2289
Serbia,SRB,2012,4.813,7324624,Upper middle,20.8568,44.0268
Sierra Leone,SLE,2012,4.318,6551078,Low,-11.7866,8.5613
Singapore,SGP,2012,6.546,5293345,High,103.8,1.35
Slovakia,SVK,2012,5.969,5404877,High,19.581,48.6981
Slovenia,SVN,2012,6.06,2053322,High,14.8906,46.1376
South Africa,ZAF,2012,4.963,53782570,Upper middle,24.7525,-28.5536
South Korea,KOR,2012,6.267,49599580,High,127.7622,36.4024
Spain,ESP,2012,6.322,47018323,High,-16.538,28.2977
Sri Lanka,LKA,2012,4.151,21169461,Lower middle,80.6693,7.6966
Sudan,SDN,2012,4.401,36923175,Lower middle,29.9515,15.6706
Suriname,SUR,2012,6.269,562640,Upper middle,-55.8555,4.0987
Sweden,SWE,2012,7.48,9519477,High,17.0624,62.7342
Switzerland,CHE,2012,7.65,7998927,High,8.2869,46.7368
Syria,SYR,2012,3.892,22759763,Lower middle,38.5117,35.0975
Taiwan,TWN,2012,6.221,23345963,High,121.0,23.7
Tajikistan,TJK,2012,4.38,8014087,Low,70.9422,38.5693
Tanzania,TZA,2012,3.77,47374261,Low,34.8183,-6.3558
Thailand,THA,2012,6.371,69436091,Upper middle,101.0868,13.6622
Togo,TGO,2012,2.936,6653719,Low,0.8991,8.6607
Trinidad and Tobago,TTO,2012,6.519,1403814,High,-61.3724,10.4155
Tunisia,TUN,2012,4.826,11009649,Upper middle,9.6559,34.0864
Turkey,TUR,2012,5.345,75197196,Upper middle,35.5689,38.9321
Turkmenistan,TKM,2012,5.628,5808548,Upper middle,58.4577,39.0607
Uganda,UGA,2012,4.443,34337436,Low,32.3437,1.2822
Ukraine,UKR,2012,5.057,46210051,Lower middle,31.2738,48.6575
United Arab Emirates,ARE,2012,7.144,7497122,High,54.2792,24.1825
United Kingdom,GBR,2012,6.883,63960488,High,-2.8529,53.9784
United States,USA,2012,7.082,317115349,High,-96.3316,38.8208
Uruguay,URY,2012,6.355,3335406,High,-56.0192,-32.782
Uzbekistan,UZB,2012,5.623,29261908,Lower middle,63.8548,41.4879
Venezuela,VEN,2012,7.039,29553829,Upper middle,-66.3649,7.1483
Vietnam,VNM,2012,5.533,89510355,Lower middle,105.9134,16.5173
Yemen,YEM,2012,4.054,28433655,Lower middle,47.4682,16.0014
Zambia,ZMB,2012,5.006,14913631,Lower middle,27.7552,-13.1628
Zimbabwe,ZWE,2012,4.827,13817887,Low,29.7178,-18.927
Afghanistan,AFG,2014,3.575,32792528,Low,66.5922,34.134
Albania,ALB,2014,4.959,2903748,Upper middle,20.0611,41.1417
Algeria,DZA,2014,5.605,39205035,Upper middle,2.6558,28.351
Angola,AGO,2014,4.033,27160767,Upper middle,17.6518,-12.1674
Argentina,ARG,2014,6.574,43024071,High,-64.5324,-35.6973
Armenia,ARM,2014,4.35,2922433,Lower middle,45.0549,40.1784
Australia,AUS,2014,7.284,23595599,High,134.0228,-25.6973
Austria,AUT,2014,7.2,8547812,High,13.7978,47.6319
Azerbaijan,AZE,2014,5.212,9631136,Upper middle,48.6346,40.3921
Bahrain,BHR,2014,5.96,1312857,High,50.5407,26.048
Bangladesh,BGD,2014,4.694,157964931,Lower middle,90.4321,23.6737
Belarus,BLR,2014,5.813,9472704,Upper middle,27.9643,53.4679
Belgium,BEL,2014,6.937,11210113,High,4.675,50.6182
Benin,BEN,2014,3.34,11030008,Low,2.3057,9.503
Bhutan,BTN,2014,5.253,733151,Lower middle,90.4672,27.4216
Bolivia,BOL,2014,5.89,10848889,Lower middle,-64.4521,-16.7312
Bosnia and Herzegovina,BIH,2014,4.949,3564831,Upper middle,17.8347,44.1442
Botswana,BWA,2014,4.332,2172053,Upper middle,23.8578,-22.2366
Brazil,BRA,2014,6.983,200085126,Upper middle,-54.3552,-11.5246
Bulgaria,BGR,2014,4.218,7223450,Upper middle,25.2517,42.8204
Burkina Faso,BFA,2014,3.587,18229466,Low,-1.6933,12.1087
Burundi,BDI,2014,2.906,10799789,Low,29.8852,-3.2613
Cambodia,KHM,2014,3.819,15396771,Low,105.0397,12.6992
Cameroon,CMR,2014,4.252,22059894,Lower middle,12.9485,6.2942
Canada,CAN,2014,7.427,35634265,High,-98.4168,57.5505
Central African Republic,CAF,2014,3.678,4623187,Low,20.5207,6.3314
Chad,TCD,2014,3.667,14188680,Low,18.4271,15.2835
Chile,CHL,2014,6.67,17864192,High,-70.7686,-37.8294
China,CHN,2014,5.14,1387951970,Upper middle,104.6911,38.0733
Colombia,COL,2014,6.477,46565426,Upper middle,-72.6445,4.1878
Comoros,COM,2014,3.956,711512,Low,43.3483,-11.6589
Congo,COG,2014,3.989,4975887,Lower middle,14.8797,-0.7294
Costa Rica,CRI,2014,7.226,4767126,Upper middle,-84.1467,9.8635
Cote d'Ivoire,CIV,2014,3.655,24527393,Lower middle,-5.5717,7.5368
Croatia,HRV,2014,5.759,4219485,High,16.6258,44.9119
Cyprus,CYP,2014,5.689,1201806,High,33.3753,35.117
Czechia,CZE,2014,6.505,10517223,High,15.3833,49.7492
Democratic Republic of Congo,COD,2014,4.517,78403248,Low,23.4198,-3.3386
Denmark,DNK,2014,7.527,5643795,High,9.3787,56.0012
Djibouti,DJI,2014,4.369,1002720,Lower middle,42.6135,11.7502
Dominican Republic,DOM,2014,4.885,10315523,Upper middle,-70.435,18.7795
Ecuador,ECU,2014,5.975,16035127,Upper middle,-78.463,-1.5643
Egypt,EGY,2014,4.194,97528655,Lower middle,30.2401,26.6052
El Salvador,SLV,2014,6.13,6162952,Lower middle,-88.8591,13.758
Estonia,EST,2014,5.429,1314457,High,25.9169,58.6481
Eswatini,SWZ,2014,4.867,1136305,Lower middle,31.5107,-26.5625
Ethiopia,ETH,2014,4.512,101115615,Low,39.9149,8.7294
Finland,FIN,2014,7.406,5461686,High,25.6574,65.0158
France,FRA,2014,6.575,64692495,High,2.194,46.6424
Gabon,GAB,2014,3.896,1978400,Upper middle,11.8394,-0.6284
Georgia,GEO,2014,4.297,3792921,Lower middle,43.3789,42.1799
Germany,DEU,2014,6.75,81376078,High,10.4262,51.083
Ghana,GHA,2014,4.633,28041592,Lower middle,-1.2192,7.9453
Greece,GRC,2014,4.857,10893169,High,23.1104,39.4201
Guatemala,GTM,2014,6.123,15681725,Lower middle,-90.3122,15.8209
Guinea,GIN,2014,3.656,11472921,Low,-10.9869,10.256
Haiti,HTI,2014,4.518,10373241,Low,-72.8929,18.8835
Honduras,HND,2014,4.788,9063127,Lower middle,-86.4925,14.7404
Hong Kong,HKG,2014,5.474,7319502,High,114.2,22.3
Hungary,HUN,2014,4.8,9862843,High,19.3962,47.2253
Iceland,ISL,2014,7.561,327517,High,-19.0568,65.1236
India,IND,2014,4.565,1312277184,Lower middle,81.173,23.5863
Indonesia,IDN,2014,5.399,258877395,Lower middle,113.9654,0.1559
Iran,IRN,2014,4.686,81502045,Upper middle,54.2371,32.906
Iraq,IRQ,2014,4.677,36550058,Upper middle,43.8325,33.1051
Ireland,IRL,2014,6.94,4658236,High,-8.2411,53.3049
Israel,ISR,2014,7.278,7897173,High,35.0279,31.5135
Italy,ITA,2014,5.948,60664169,High,12.7637,42.982
Jamaica,JAM,2014,5.709,2793756,Upper middle,-77.3036,18.1221
Japan,JPN,2014,5.987,127486601,High,137.4693,36.7674
Jordan,JOR,2014,5.192,8791715,Upper middle,36.9573,31.3871
Kazakhstan,KAZ,2014,5.855,17816285,Upper middle,66.3759,47.6415
Kenya,KEN,2014,4.419,46051441,Lower middle,37.9531,0.6899
Kuwait,KWT,2014,6.295,3665769,High,47.5631,29.2814
Kyrgyzstan,KGZ,2014,5.286,5898322,Lower middle,74.1753,41.357
Laos,LAO,2014,4.876,6703170,Lower middle,103.7638,18.1173
Latvia,LVA,2014,5.098,1994153,High,24.6937,56.8139
Lebanon,LBN,2014,4.839,6346993,Upper middle,35.8965,33.9116
Lesotho,LSO,2014,4.898,2080091,Lower middle,28.2448,-29.6017
Liberia,LBR,2014,4.571,4564299,Low,-9.259,6.5201
Libya,LBY,2014,5.754,6427260,Upper middle,17.9113,27.2029
Lithuania,LTU,2014,5.833,2933171,High,23.946,55.2944
Luxembourg,LUX,2014,6.946,556285,High,6.1032,49.7752
Madagascar,MDG,2014,3.681,24764356,Low,46.6849,-19.0416
Malawi,MWI,2014,4.292,16621534,Low,34.2344,-13.129
Malaysia,MYS,2014,5.77,30696133,Upper middle,114.6333,3.6717
Mali,MLI,2014,3.995,18020267,Low,-4.3464,17.1681
Malta,MLT,2014,6.302,434494,High,14.4419,35.8905
Mauritania,MRT,2014,4.436,3848511,Lower middle,-10.4951,20.4667
Mauritius,MUS,2014,5.477,1292006,Upper middle,57.5642,-20.2814
Mexico,MEX,2014,7.187,119784265,Upper middle,-101.554,23.8744
Moldova,MDA,2014,5.889,3342715,Lower middle,28.3911,47.0726
Mongolia,MNG,2014,4.874,2913041,Upper middle,103.3987,47.0864
Montenegro,MNE,2014,5.192,631377,Upper middle,19.2951,42.7369
Morocco,MAR,2014,5.013,34204784,Lower middle,-8.8172,28.6876
Mozambique,MOZ,2014,4.971,25788473,Low,35.2086,-17.5252
Myanmar,MMR,2014,4.307,50681635,Lower middle,97.0889,19.9012
Nepal,NPL,2014,4.514,27672373,Low,84.1339,28.3009
Netherlands,NLD,2014,7.378,17030085,High,5.5541,52.1341
New Zealand,NZL,2014,7.286,4522976,High,170.6904,-43.8277
Nicaragua,NIC,2014,5.828,6066493,Lower middle,-85.0161,12.8936
Niger,NER,2014,3.845,19215917,Low,8.8686,17.0811
Nigeria,NGA,2014,5.268,185896917,Lower middle,8.1477,9.6103
North Macedonia,MKD,2014,5.007,1997842,Upper middle,21.71,41.594
Norway,NOR,2014,7.522,5137397,High,16.6703,64.9778
Oman,OMN,2014,6.853,4002444,High,55.8411,20.7243
Pakistan,PAK,2014,5.194,214264649,Lower middle,69.0884,30.1162
Palestine,PSE,2014,4.715,4415887,Lower middle,35.2,31.9
Panama,PAN,2014,6.786,3892100,Upper middle,-80.1443,8.4395
Paraguay,PRY,2014,5.878,6069819,Upper middle,-58.3891,-23.4219
Peru,PER,2014,5.824,30115825,Upper middle,-74.1142,-8.5227
Philippines,PHL,2014,5.073,103767127,Lower middle,121.8221,15.5865
Poland,POL,2014,5.791,38265113,High,19.4357,52.0685
Portugal,PRT,2014,5.102,10406203,High,-7.9337,39.6753
Qatar,QAT,2014,6.611,2218378,High,51.1979,25.3185
Romania,ROU,2014,5.124,19968179,Upper middle,25.0942,45.8245
Russia,RUS,2014,5.716,144925639,High,98.6705,59.0394
Rwanda,RWA,2014,3.465,11364758,Low,29.9194,-2.0147
Saudi Arabia,SAU,2014,6.411,28998127,High,44.601,24.136
Senegal,SEN,2014,3.904,14152103,Lower middle,-14.6109,14.2289
Serbia,SRB,2014,5.123,7227203,Upper middle,20.8568,44.0268
Sierra Leone,SLE,2014,4.507,6876385,Low,-11.7866,8.5613
Singapore,SGP,2014,6.798,5457899,High,103.8,1.35
Slovakia,SVK,2014,5.995,5415238,High,19.581,48.6981
Slovenia,SVN,2014,5.848,2058395,High,14.8906,46.1376
South Africa,ZAF,2014,4.642,55594840,Upper middle,24.7525,-28.5536
South Korea,KOR,2014,5.984,50539055,High,127.7622,36.4024
Spain,ESP,2014,6.329,46720187,High,-16.538,28.2977
Sri Lanka,LKA,2014,4.271,21547454,Lower middle,80.6693,7.6966
Sudan,SDN,2014,4.55,38823324,Lower middle,29.9515,15.6706
Suriname,SUR,2014,6.269,575380,Upper middle,-55.8555,4.0987
Sweden,SWE,2014,7.364,9696438,High,17.0624,62.7342
Switzerland,CHE,2014,7.587,8190238,High,8.2869,46.7368
Syria,SYR,2014,3.006,20273661,Lower middle,38.5117,35.0975
Taiwan,TWN,2014,6.298,23472811,High,121.0,23.7
Tajikistan,TJK,2014,4.786,8425559,Lower middle,70.9422,38.5693
Tanzania,TZA,2014,3.781,50351506,Low,34.8183,-6.3558
Thailand,THA,2014,6.455,70216362,Upper middle,101.0868,13.6622
Togo,TGO,2014,2.839,6937647,Low,0.8991,8.6607
Trinidad and Tobago,TTO,2014,6.168,1421135,High,-61.3724,10.4155
Tunisia,TUN,2014,4.739,11274295,Upper middle,9.6559,34.0864
Turkey,TUR,2014,5.332,78036154,Upper middle,35.5689,38.9321
Turkmenistan,TKM,2014,5.548,6075286,Upper middle,58.4577,39.0607
Uganda,UGA,2014,3.931,36395542,Low,32.3437,1.2822
Ukraine,UKR,2014,4.681,45972379,Lower middle,31.2738,48.6575
United Arab Emirates,ARE,2014,6.901,8236880,High,54.2792,24.1825
United Kingdom,GBR,2014,6.867,64865914,High,-2.8529,53.9784
United States,USA,2014,7.119,323115377,High,-96.3316,38.8208
Uruguay,URY,2014,6.485,3356343,High,-56.0192,-32.782
Uzbekistan,UZB,2014,6.003,30222994,Lower middle,63.8548,41.4879
Venezuela,VEN,2014,6.81,30254080,High,-66.3649,7.1483
Vietnam,VNM,2014,5.36,91679582,Lower middle,105.9134,16.5173
Yemen,YEM,2014,4.077,30226311,Lower middle,47.4682,16.0014
Zambia,ZMB,2014,5.129,15895320,Lower middle,27.7552,-13.1628
Zimbabwe,ZWE,2014,4.61,14207367,Low,29.7178,-18.927
Afghanistan,AFG,2015,3.36,33831767,Low,66.5922,34.134
Albania,ALB,2015,4.655,2898634,Upper middle,20.0611,41.1417
Algeria,DZA,2015,6.355,40019528,Upper middle,2.6558,28.351
Angola,AGO,2015,3.866,28157802,Upper middle,17.6518,-12.1674
Argentina,ARG,2015,6.65,43477011,Upper middle,-64.5324,-35.6973
Armenia,ARM,2015,4.36,2921179,Lower middle,45.0549,40.1784
Australia,AUS,2015,7.313,23947997,High,134.0228,-25.6973
Austria,AUT,2015,7.119,8644037,High,13.7978,47.6319
Azerbaijan,AZE,2015,5.291,9752859,Upper middle,48.6346,40.3921
Bahrain,BHR,2015,6.218,1369656,High,50.5407,26.048
Bangladesh,BGD,2015,4.643,159383179,Lower middle,90.4321,23.6737
Belarus,BLR,2015,5.802,9487289,Upper middle,27.9643,53.4679
Belgium,BEL,2015,6.929,11275332,High,4.675,50.6182
Belize,BLZ,2015,5.956,356341,Upper middle,-88.6827,17.2425
Benin,BEN,2015,3.484,11360681,Low,2.3057,9.503
Bhutan,BTN,2015,5.196,740623,Lower middle,90.4672,27.4216
Bolivia,BOL,2015,5.822,11014707,Lower middle,-64.4521,-16.7312
Bosnia and Herzegovina,BIH,2015,5.163,3518541,Upper middle,17.8347,44.1442
Botswana,BWA,2015,3.974,2203276,Upper middle,23.8578,-22.2366
Brazil,BRA,2015,6.952,201675534,Upper middle,-54.3552,-11.5246
Bulgaria,BGR,2015,4.217,7177515,Upper middle,25.2517,42.8204
Burkina Faso,BFA,2015,3.739,18777488,Low,-1.6933,12.1087
Burundi,BDI,2015,2.905,11047581,Low,29.8852,-3.2613
Cambodia,KHM,2015,3.907,15623253,Lower middle,105.0397,12.6992
Cameroon,CMR,2015,4.513,22763418,Lower middle,12.9485,6.2942
Canada,CAN,2015,7.404,35962236,High,-98.4168,57.5505
Chad,TCD,2015,3.763,14647626,Low,18.4271,15.2835
Chile,CHL,2015,6.705,18047630,High,-70.7686,-37.8294
China,CHN,2015,5.245,1396134171,Upper middle,104.6911,38.0733
Colombia,COL,2015,6.481,46969938,Upper middle,-72.6445,4.1878
Comoros,COM,2015,3.956,726685,Low,43.3483,-11.6589
Congo,COG,2015,4.236,5097583,Lower middle,14.8797,-0.7294
Costa Rica,CRI,2015,7.087,4818045,Upper middle,-84.1467,9.8635
Cote d'Ivoire,CIV,2015,3.916,25246347,Lower middle,-5.5717,7.5368
Croatia,HRV,2015,5.488,4183732,High,16.6258,44.9119
Cyprus,CYP,2015,5.546,1219504,High,33.3753,35.117
Czechia,CZE,2015,6.596,10524418,High,15.3833,49.7492
Democratic Republic of Congo,COD,2015,4.272,81035532,Low,23.4198,-3.3386
Denmark,DNK,2015,7.526,5683698,High,9.3787,56.0012
Dominican Republic,DOM,2015,5.155,10434826,Upper middle,-70.435,18.7795
Ecuador,ECU,2015,5.976,16266229,Upper middle,-78.463,-1.5643
Egypt,EGY,2015,4.362,99597334,Lower middle,30.2401,26.6052
El Salvador,SLV,2015,6.068,6183675,Lower middle,-88.8591,13.758
Estonia,EST,2015,5.517,1314580,High,25.9169,58.6481
Ethiopia,ETH,2015,4.508,103867140,Low,39.9149,8.7294
Finland,FIN,2015,7.413,5479719,High,25.6574,65.0158
France,FRA,2015,6.478,64916337,High,2.194,46.6424
Gabon,GAB,2015,4.121,2040990,Upper middle,11.8394,-0.6284
Georgia,GEO,2015,4.252,3791570,Upper middle,43.3789,42.1799
Germany,DEU,2015,6.994,82077546,High,10.4262,51.083
Ghana,GHA,2015,4.276,28696071,Lower middle,-1.2192,7.9453
Greece,GRC,2015,5.033,10820902,High,23.1104,39.4201
Guatemala,GTM,2015,6.324,15971745,Lower middle,-90.3122,15.8209
Guinea,GIN,2015,3.607,11767077,Low,-10.9869,10.256
Haiti,HTI,2015,4.028,10523249,Low,-72.8929,18.8835
Honduras,HND,2015,4.871,9237306,Lower middle,-86.4925,14.7404
Hong Kong,HKG,2015,5.458,7366411,High,114.2,22.3
Hungary,HUN,2015,5.145,9839211,High,19.3962,47.2253
Iceland,ISL,2015,7.501,330962,High,-19.0568,65.1236
India,IND,2015,4.404,1328024494,Lower middle,81.173,23.5863
Indonesia,IDN,2015,5.314,261799249,Lower middle,113.9654,0.1559
Iran,IRN,2015,4.813,82619365,Upper middle,54.2371,32.906
Iraq,IRQ,2015,4.575,37560535,Upper middle,43.8325,33.1051
Ireland,IRL,2015,6.907,4702497,High,-8.2411,53.3049
Israel,ISR,2015,7.267,8052916,High,35.0279,31.5135
Italy,ITA,2015,5.977,60575314,High,12.7637,42.982
Jamaica,JAM,2015,5.51,2802536,Upper middle,-77.3036,18.1221
Japan,JPN,2015,5.921,127275868,High,137.4693,36.7674
Jordan,JOR,2015,5.303,9544730,Upper middle,36.9573,31.3871
Kazakhstan,KAZ,2015,5.919,18084175,Upper middle,66.3759,47.6415
Kenya,KEN,2015,4.356,47088528,Lower middle,37.9531,0.6899
Kuwait,KWT,2015,6.239,3834465,High,47.5631,29.2814
Kyrgyzstan,KGZ,2015,5.185,6001876,Lower middle,74.1753,41.357
Laos,LAO,2015,4.876,6801647,Lower middle,103.7638,18.1173
Latvia,LVA,2015,5.56,1977874,High,24.6937,56.8139
Lebanon,LBN,2015,5.129,6472470,Upper middle,35.8965,33.9116
Liberia,LBR,2015,3.622,4659436,Low,-9.259,6.5201
Libya,LBY,2015,5.615,6531825,Upper middle,17.9113,27.2029
Lithuania,LTU,2015,5.813,2905771,High,23.946,55.2944
Luxembourg,LUX,2015,6.871,569540,High,6.1032,49.7752
Madagascar,MDG,2015,3.695,25426703,Low,46.6849,-19.0416
Malawi,MWI,2015,4.156,17085587,Low,34.2344,-13.129
Malaysia,MYS,2015,6.005,31232796,Upper middle,114.6333,3.6717
Mali,MLI,2015,4.073,18593022,Low,-4.3464,17.1681
Malta,MLT,2015,6.488,444978,High,14.4419,35.8905
Mauritania,MRT,2015,4.201,3965959,Lower middle,-10.4951,20.4667
Mauritius,MUS,2015,5.648,1292283,Upper middle,57.5642,-20.2814
Mexico,MEX,2015,6.778,121072310,Upper middle,-101.554,23.8744
Moldova,MDA,2015,5.897,3287168,Lower middle,28.3911,47.0726
Mongolia,MNG,2015,4.907,2976528,Lower middle,103.3987,47.0864
Montenegro,MNE,2015,5.161,628145,Upper middle,19.2951,42.7369
Morocco,MAR,2015,5.151,34607590,Lower middle,-8.8172,28.6876
Myanmar,MMR,2015,4.395,51089060,Lower middle,97.0889,19.9012
Namibia,NAM,2015,4.574,2374305,Upper middle,18.1645,-21.9086
Nepal,NPL,2015,4.793,27823631,Low,84.1339,28.3009
Netherlands,NLD,2015,7.339,17107429,High,5.5541,52.1341
New Zealand,NZL,2015,7.334,4614035,High,170.6904,-43.8277
Nicaragua,NIC,2015,5.992,6149417,Lower middle,-85.0161,12.8936
Niger,NER,2015,3.856,19939496,Low,8.8686,17.0811
Nigeria,NGA,2015,4.875,190671883,Lower middle,8.1477,9.6103
North Macedonia,MKD,2015,5.121,1980366,Upper middle,21.71,41.594
Norway,NOR,2015,7.498,5189777,High,16.6703,64.9778
Pakistan,PAK,2015,5.132,217290884,Lower middle,69.0884,30.1162
Palestine,PSE,2015,4.754,4521564,Lower middle,35.2,31.9
Panama,PAN,2015,6.701,3960034,Upper middle,-80.1443,8.4395
Paraguay,PRY,2015,5.538,6159106,Upper middle,-58.3891,-23.4219
Peru,PER,2015,5.743,30457598,Upper middle,-74.1142,-8.5227
Philippines,PHL,2015,5.279,105312988,Lower middle,121.8221,15.5865
Poland,POL,2015,5.835,38266314,High,19.4357,52.0685
Portugal,PRT,2015,5.123,10370264,High,-7.9337,39.6753
Puerto Rico,PRI,2015,7.039,3521811,High,-66.4943,18.2162
Qatar,QAT,2015,6.375,2427340,High,51.1979,25.3185
Romania,ROU,2015,5.528,19871018,Upper middle,25.0942,45.8245
Russia,RUS,2015,5.856,145307612,Upper middle,98.6705,59.0394
Rwanda,RWA,2015,3.515,11640026,Low,29.9194,-2.0147
Saudi Arabia,SAU,2015,6.379,29974944,High,44.601,24.136
Senegal,SEN,2015,4.219,14593335,Low,-14.6109,14.2289
Serbia,SRB,2015,5.177,7177257,Upper middle,20.8568,44.0268
Sierra Leone,SLE,2015,4.635,7037660,Low,-11.7866,8.5613
Singapore,SGP,2015,6.739,5525343,High,103.8,1.35
Slovakia,SVK,2015,6.078,5420278,High,19.581,48.6981
Slovenia,SVN,2015,5.768,2059946,High,14.8906,46.1376
Somalia,SOM,2015,5.44,13806969,Low,45.4004,6.5245
South Africa,ZAF,2015,4.459,56723536,Upper middle,24.7525,-28.5536
South Korea,KOR,2015,5.835,50983909,High,127.7622,36.4024
South Sudan,SSD,2015,3.832,11107569,Low,30.3852,7.6578
Spain,ESP,2015,6.361,46683683,High,-16.538,28.2977
Sri Lanka,LKA,2015,4.415,21729975,Lower middle,80.6693,7.6966
Sudan,SDN,2015,4.139,40024433,Lower middle,29.9515,15.6706
Suriname,SUR,2015,6.269,581634,Upper middle,-55.8555,4.0987
Sweden,SWE,2015,7.291,9799483,High,17.0624,62.7342
Switzerland,CHE,2015,7.509,8283940,High,8.2869,46.7368
Syria,SYR,2015,3.069,19424615,Lower middle,38.5117,35.0975
Taiwan,TWN,2015,6.379,23529260,High,121.0,23.7
Tajikistan,TJK,2015,4.996,8643839,Lower middle,70.9422,38.5693
Tanzania,TZA,2015,3.666,52020958,Low,34.8183,-6.3558
Thailand,THA,2015,6.474,70540787,Upper middle,101.0868,13.6622
Togo,TGO,2015,3.303,7071500,Low,0.8991,8.6607
Trinidad and Tobago,TTO,2015,6.168,1429190,High,-61.3724,10.4155
Tunisia,TUN,2015,5.045,11402270,Lower middle,9.6559,34.0864
Turkey,TUR,2015,5.389,80014222,Upper middle,35.5689,38.9321
Turkmenistan,TKM,2015,5.658,6215773,Upper middle,58.4577,39.0607
Uganda,UGA,2015,3.739,37531444,Low,32.3437,1.2822
Ukraine,UKR,2015,4.324,45784904,Lower middle,31.2738,48.6575
United Arab Emirates,ARE,2015,6.573,8674633,High,54.2792,24.1825
United Kingdom,GBR,2015,6.725,65382107,High,-2.8529,53.9784
United States,USA,2015,7.104,326126496,High,-96.3316,38.8208
Uruguay,URY,2015,6.545,3368022,High,-56.0192,-32.782
Uzbekistan,UZB,2015,5.987,30749349,Lower middle,63.8548,41.4879
Venezuela,VEN,2015,6.084,30573968,Upper middle,-66.3649,7.1483
Vietnam,VNM,2015,5.061,92823254,Lower middle,105.9134,16.5173
Yemen,YEM,2015,3.724,31159378,Lower middle,47.4682,16.0014
Zambia,ZMB,2015,4.795,16399092,Lower middle,27.7552,-13.1628
Zimbabwe,ZWE,2015,4.193,14399008,Low,29.7178,-18.927
Afghanistan,AFG,2016,3.794,34700613,Low,66.5922,34.134
Albania,ALB,2016,4.644,2897868,Upper middle,20.0611,41.1417
Algeria,DZA,2016,5.872,40850719,Upper middle,2.6558,28.351
Angola,AGO,2016,3.795,29183072,Lower middle,17.6518,-12.1674
Argentina,ARG,2016,6.599,43900312,Upper middle,-64.5324,-35.6973
Armenia,ARM,2016,4.376,2918796,Lower middle,45.0549,40.1784
Australia,AUS,2016,7.284,24329963,High,134.0228,-25.6973
Austria,AUT,2016,7.006,8737920,High,13.7978,47.6319
Azerbaijan,AZE,2016,5.234,9868434,Upper middle,48.6346,40.3921
Bahrain,BHR,2016,6.087,1429609,High,50.5407,26.048
Bangladesh,BGD,2016,4.608,160811934,Lower middle,90.4321,23.6737
Belarus,BLR,2016,5.569,9499066,Upper middle,27.9643,53.4679
Belgium,BEL,2016,6.891,11332707,High,4.675,50.6182
Belize,BLZ,2016,5.956,364717,Upper middle,-88.6827,17.2425
Benin,BEN,2016,3.657,11697845,Low,2.3057,9.503
Bhutan,BTN,2016,5.011,747878,Lower middle,90.4672,27.4216
Bolivia,BOL,2016,5.823,11180020,Lower middle,-64.4521,-16.7312
Bosnia and Herzegovina,BIH,2016,5.182,3472997,Upper middle,17.8347,44.1442
Botswana,BWA,2016,3.766,2234784,Upper middle,23.8578,-22.2366
Brazil,BRA,2016,6.635,203218108,Upper middle,-54.3552,-11.5246
Bulgaria,BGR,2016,4.714,7127436,Upper middle,25.2517,42.8204
Burkina Faso,BFA,2016,4.032,19334854,Low,-1.6933,12.1087
Burundi,BDI,2016,2.905,11239459,Low,29.8852,-3.2613
Cambodia,KHM,2016,4.168,15852802,Lower middle,105.0397,12.6992
Cameroon,CMR,2016,4.695,23454165,Lower middle,12.9485,6.2942
Canada,CAN,2016,7.316,36353345,High,-98.4168,57.5505
Central African Republic,CAF,2016,2.693,4713663,Low,20.5207,6.3314
Chad,TCD,2016,3.936,15114652,Low,18.4271,15.2835
Chile,CHL,2016,6.652,18267225,High,-70.7686,-37.8294
China,CHN,2016,5.273,1404052628,Upper middle,104.6911,38.0733
Colombia,COL,2016,6.357,47437513,Upper middle,-72.6445,4.1878
Congo,COG,2016,4.291,5222545,Lower middle,14.8797,-0.7294
Costa Rica,CRI,2016,7.079,4867003,Upper middle,-84.1467,9.8635
Cote d'Ivoire,CIV,2016,4.18,25989404,Lower middle,-5.5717,7.5368
Croatia,HRV,2016,5.293,4136438,Upper middle,16.6258,44.9119
Cyprus,CYP,2016,5.621,1237114,High,33.3753,35.117
Czechia,CZE,2016,6.609,10531946,High,15.3833,49.7492
Democratic Republic of Congo,COD,2016,4.28,83956416,Low,23.4198,-3.3386
Denmark,DNK,2016,7.522,5728196,High,9.3787,56.0012
Dominican Republic,DOM,2016,5.23,10551430,Upper middle,-70.435,18.7795
Ecuador,ECU,2016,6.008,16505142,Upper middle,-78.463,-1.5643
Egypt,EGY,2016,4.735,101644583,Lower middle,30.2401,26.6052
El Salvador,SLV,2016,6.003,6200808,Lower middle,-88.8591,13.758
Estonia,EST,2016,5.611,1315850,High,25.9169,58.6481
Ethiopia,ETH,2016,4.46,106718163,Low,39.9149,8.7294
Finland,FIN,2016,7.469,5495468,High,25.6574,65.0158
France,FRA,2016,6.442,65086853,High,2.194,46.6424
Gabon,GAB,2016,4.465,2100310,Upper middle,11.8394,-0.6284
Georgia,GEO,2016,4.286,3792061,Lower middle,43.3789,42.1799
Germany,DEU,2016,6.951,82760102,High,10.4262,51.083
Ghana,GHA,2016,4.12,29356736,Lower middle,-1.2192,7.9453
Greece,GRC,2016,5.227,10775506,High,23.1104,39.4201
Guatemala,GTM,2016,6.454,16268761,Lower middle,-90.3122,15.8209
Guinea,GIN,2016,3.507,12073031,Low,-10.9869,10.256
Haiti,HTI,2016,3.603,10671462,Low,-72.8929,18.8835
Honduras,HND,2016,5.181,9412380,Lower middle,-86.4925,14.7404
Hong Kong,HKG,2016,5.472,7408006,High,114.2,22.3
Hungary,HUN,2016,5.324,9810529,High,19.3962,47.2253
Iceland,ISL,2016,7.504,335571,High,-19.0568,65.1236
India,IND,2016,4.315,1343944296,Lower middle,81.173,23.5863
Indonesia,IDN,2016,5.262,264627429,Lower middle,113.9654,0.1559
Iran,IRN,2016,4.692,83812230,Upper middle,54.2371,32.906
Iraq,IRQ,2016,4.497,38469628,Upper middle,43.8325,33.1051
Ireland,IRL,2016,6.977,4753506,High,-8.2411,53.3049
Israel,ISR,2016,7.213,8210006,High,35.0279,31.5135
Italy,ITA,2016,5.964,60478103,High,12.7637,42.982
Jamaica,JAM,2016,5.311,2809919,Upper middle,-77.3036,18.1221
Japan,JPN,2016,5.92,127159950,High,137.4693,36.7674
Jordan,JOR,2016,5.336,10006369,Lower middle,36.9573,31.3871
Kazakhstan,KAZ,2016,5.819,18363600,Upper middle,66.3759,47.6415
Kenya,KEN,2016,4.553,48139683,Lower middle,37.9531,0.6899
Kuwait,KWT,2016,6.105,4003976,High,47.5631,29.2814
Kyrgyzstan,KGZ,2016,5.004,6108460,Lower middle,74.1753,41.357
Latvia,LVA,2016,5.85,1959863,High,24.6937,56.8139
Lebanon,LBN,2016,5.225,6323061,Upper middle,35.8965,33.9116
Lesotho,LSO,2016,3.808,2130424,Lower middle,28.2448,-29.6017
Liberia,LBR,2016,3.533,4755607,Low,-9.259,6.5201
Libya,LBY,2016,5.525,6632130,Upper middle,17.9113,27.2029
Lithuania,LTU,2016,5.902,2869109,High,23.946,55.2944
Luxembourg,LUX,2016,6.863,583511,High,6.1032,49.7752
Madagascar,MDG,2016,3.644,26099950,Low,46.6849,-19.0416
Malawi,MWI,2016,3.97,17557741,Low,34.2344,-13.129
Malaysia,MYS,2016,6.084,31789692,Upper middle,114.6333,3.6717
Mali,MLI,2016,4.19,19191298,Low,-4.3464,17.1681
Malta,MLT,2016,6.527,455276,High,14.4419,35.8905
Mauritania,MRT,2016,4.292,4086655,Lower middle,-10.4951,20.4667
Mauritius,MUS,2016,5.629,1291807,Upper middle,57.5642,-20.2814
Mexico,MEX,2016,6.578,122251344,Upper middle,-101.554,23.8744
Moldova,MDA,2016,5.838,3237798,Lower middle,28.3911,47.0726
Mongolia,MNG,2016,4.955,3040815,Lower middle,103.3987,47.0864
Montenegro,MNE,2016,5.237,624246,Upper middle,19.2951,42.7369
Morocco,MAR,2016,5.235,35023459,Lower middle,-8.8172,28.6876
Mozambique,MOZ,2016,4.55,27337107,Low,35.2086,-17.5252
Myanmar,MMR,2016,4.545,51495701,Lower middle,97.0889,19.9012
Namibia,NAM,2016,4.574,2439219,Upper middle,18.1645,-21.9086
Nepal,NPL,2016,4.962,27955471,Low,84.1339,28.3009
Netherlands,NLD,2016,7.377,17204693,High,5.5541,52.1341
New Zealand,NZL,2016,7.314,4714768,High,170.6904,-43.8277
Nicaragua,NIC,2016,6.071,6232664,Lower middle,-85.0161,12.8936
Niger,NER,2016,4.028,20685758,Low,8.8686,17.0811
Nigeria,NGA,2016,5.074,195443698,Lower middle,8.1477,9.6103
North Macedonia,MKD,2016,5.175,1961268,Upper middle,21.71,41.594
Norway,NOR,2016,7.537,5235974,High,16.6703,64.9778
Pakistan,PAK,2016,5.269,220138863,Lower middle,69.0884,30.1162
Palestine,PSE,2016,4.775,4632743,Lower middle,35.2,31.9
Panama,PAN,2016,6.452,4029085,Upper middle,-80.1443,8.4395
Paraguay,PRY,2016,5.493,6249129,Upper middle,-58.3891,-23.4219
Peru,PER,2016,5.715,30866497,Upper middle,-74.1142,-8.5227
Philippines,PHL,2016,5.43,106735721,Lower middle,121.8221,15.5865
Poland,POL,2016,5.973,38263260,High,19.4357,52.0685
Portugal,PRT,2016,5.195,10346377,High,-7.9337,39.6753
Qatar,QAT,2016,6.375,2599382,High,51.1979,25.3185
Romania,ROU,2016,5.825,19777049,Upper middle,25.0942,45.8245
Russia,RUS,2016,5.963,145778668,Upper middle,98.6705,59.0394
Rwanda,RWA,2016,3.471,11919183,Low,29.9194,-2.0147
Saudi Arabia,SAU,2016,6.344,30717804,High,44.601,24.136
Senegal,SEN,2016,4.535,15034517,Low,-14.6109,14.2289
Serbia,SRB,2016,5.395,7126083,Upper middle,20.8568,44.0268
Sierra Leone,SLE,2016,4.709,7205339,Low,-11.7866,8.5613
Singapore,SGP,2016,6.572,5577936,High,103.8,1.35
Slovakia,SVK,2016,6.098,5427262,High,19.581,48.6981
Slovenia,SVN,2016,5.758,2061379,High,14.8906,46.1376
Somalia,SOM,2016,5.151,14348741,Low,45.4004,6.5245
South Africa,ZAF,2016,4.829,57259550,Upper middle,24.7525,-28.5536
South Korea,KOR,2016,5.838,51297836,High,127.7622,36.4024
South Sudan,SSD,2016,3.591,10830108,Low,30.3852,7.6578
Spain,ESP,2016,6.403,46732768,High,-16.538,28.2977
Sri Lanka,LKA,2016,4.44,21910763,Lower middle,80.6693,7.6966
Sudan,SDN,2016,4.139,41259892,Lower middle,29.9515,15.6706
Sweden,SWE,2016,7.284,9923281,High,17.0624,62.7342
Switzerland,CHE,2016,7.494,8374903,High,8.2869,46.7368
Syria,SYR,2016,3.462,19193835,Lower middle,38.5117,35.0975
Taiwan,TWN,2016,6.422,23586140,High,121.0,23.7
Tajikistan,TJK,2016,5.041,8865623,Lower middle,70.9422,38.5693
Tanzania,TZA,2016,3.349,53824012,Low,34.8183,-6.3558
Thailand,THA,2016,6.424,70859835,Upper middle,101.0868,13.6622
Togo,TGO,2016,3.495,7200883,Low,0.8991,8.6607
Trinidad and Tobago,TTO,2016,6.168,1437031,High,-61.3724,10.4155
Tunisia,TUN,2016,4.805,11528676,Lower middle,9.6559,34.0864
Turkey,TUR,2016,5.5,81652087,Upper middle,35.5689,38.9321
Turkmenistan,TKM,2016,5.822,6360041,Upper middle,58.4577,39.0607
Uganda,UGA,2016,4.081,38799153,Low,32.3437,1.2822
Ukraine,UKR,2016,4.096,45616831,Lower middle,31.2738,48.6575
United Arab Emirates,ARE,2016,6.648,9030873,High,54.2792,24.1825
United Kingdom,GBR,2016,6.714,65893359,High,-2.8529,53.9784
United States,USA,2016,6.993,329179423,High,-96.3316,38.8208
Uruguay,URY,2016,6.454,3379279,High,-56.0192,-32.782
Uzbekistan,UZB,2016,5.971,31284565,Lower middle,63.8548,41.4879
Venezuela,VEN,2016,5.25,30765719,Upper middle,-66.3649,7.1483
Vietnam,VNM,2016,5.074,94000115,Lower middle,105.9134,16.5173
Yemen,YEM,2016,3.593,32109023,Lower middle,47.4682,16.0014
Zambia,ZMB,2016,4.514,16914428,Lower middle,27.7552,-13.1628
Zimbabwe,ZWE,2016,3.875,14600297,Low,29.7178,-18.927
Afghanistan,AFG,2017,3.632,35688941,Low,66.5922,34.134
Albania,ALB,2017,4.586,2898245,Upper middle,20.0611,41.1417
Algeria,DZA,2017,5.295,41689302,Upper middle,2.6558,28.351
Angola,AGO,2017,3.795,30234836,Lower middle,17.6518,-12.1674
Argentina,ARG,2017,6.388,44288898,High,-64.5324,-35.6973
Armenia,ARM,2017,4.321,2914966,Upper middle,45.0549,40.1784
Australia,AUS,2017,7.272,24731044,High,134.0228,-25.6973
Austria,AUT,2017,7.139,8798779,High,13.7978,47.6319
Azerbaijan,AZE,2017,5.201,9968510,Upper middle,48.6346,40.3921
Bahrain,BHR,2017,6.105,1482003,High,50.5407,26.048
Bangladesh,BGD,2017,4.5,162186146,Lower middle,90.4321,23.6737
Belarus,BLR,2017,5.483,9495793,Upper middle,27.9643,53.4679
Belgium,BEL,2017,6.927,11376583,High,4.675,50.6182
Belize,BLZ,2017,5.956,373215,Upper middle,-88.6827,17.2425
Benin,BEN,2017,4.141,12039777,Low,2.3057,9.503
Bhutan,BTN,2017,5.082,754343,Lower middle,90.4672,27.4216
Bolivia,BOL,2017,5.752,11344591,Lower middle,-64.4521,-16.7312
Bosnia and Herzegovina,BIH,2017,5.129,3428684,Upper middle,17.8347,44.1442
Botswana,BWA,2017,3.59,2266749,Upper middle,23.8578,-22.2366
Brazil,BRA,2017,6.419,204703440,Upper middle,-54.3552,-11.5246
Bulgaria,BGR,2017,4.933,7075642,Upper middle,25.2517,42.8204
Burkina Faso,BFA,2017,4.424,19894413,Low,-1.6933,12.1087
Burundi,BDI,2017,2.905,11506764,Low,29.8852,-3.2613
Cambodia,KHM,2017,4.433,16073374,Lower middle,105.0397,12.6992
Cameroon,CMR,2017,4.975,24128609,Lower middle,12.9485,6.2942
Canada,CAN,2017,7.328,36808498,High,-98.4168,57.5505
Central African Republic,CAF,2017,3.083,4793512,Low,20.5207,6.3314
Chad,TCD,2017,4.301,15622756,Low,18.4271,15.2835
Chile,CHL,2017,6.476,18558868,High,-70.7686,-37.8294
China,CHN,2017,5.246,1412354730,Upper middle,104.6911,38.0733
Colombia,COL,2017,6.26,48131076,Upper middle,-72.6445,4.1878
Congo,COG,2017,4.559,5351013,Lower middle,14.8797,-0.7294
Costa Rica,CRI,2017,7.072,4913177,Upper middle,-84.1467,9.8635
Cote d'Ivoire,CIV,2017,4.671,26733376,Lower middle,-5.5717,7.5368
Croatia,HRV,2017,5.321,4079198,High,16.6258,44.9119
Cyprus,CYP,2017,5.762,1254274,High,33.3753,35.117
Czechia,CZE,2017,6.711,10541343,High,15.3833,49.7492
Democratic Republic of Congo,COD,2017,4.245,87083400,Low,23.4198,-3.3386
Denmark,DNK,2017,7.555,5765164,High,9.3787,56.0012
Dominican Republic,DOM,2017,5.302,10666846,Upper middle,-70.435,18.7795
Ecuador,ECU,2017,5.973,16759515,Upper middle,-78.463,-1.5643
Egypt,EGY,2017,4.419,103696055,Lower middle,30.2401,26.6052
El Salvador,SLV,2017,6.167,6213538,Lower middle,-88.8591,13.758
Estonia,EST,2017,5.739,1317430,High,25.9169,58.6481
Ethiopia,ETH,2017,4.35,109666482,Low,39.9149,8.7294
Finland,FIN,2017,7.632,5508398,High,25.6574,65.0158
France,FRA,2017,6.489,65284775,High,2.194,46.6424
Gabon,GAB,2017,4.758,2156902,Upper middle,11.8394,-0.6284
Georgia,GEO,2017,4.34,3792860,Lower middle,43.3789,42.1799
Germany,DEU,2017,6.965,83104010,High,10.4262,51.083
Ghana,GHA,2017,4.657,30008364,Lower middle,-1.2192,7.9453
Greece,GRC,2017,5.358,10753532,High,23.1104,39.4201
Guatemala,GTM,2017,6.382,16567363,Upper middle,-90.3122,15.8209
Guinea,GIN,2017,3.964,12385668,Low,-10.9869,10.256
Haiti,HTI,2017,3.582,10817759,Low,-72.8929,18.8835
Honduras,HND,2017,5.504,9588144,Lower middle,-86.4925,14.7404
Hong Kong,HKG,2017,5.43,7444889,High,114.2,22.3
Hungary,HUN,2017,5.62,9785608,High,19.3962,47.2253
Iceland,ISL,2017,7.495,343537,High,-19.0568,65.1236
India,IND,2017,4.19,1359657398,Lower middle,81.173,23.5863
Indonesia,IDN,2017,5.093,267346654,Lower middle,113.9654,0.1559
Iran,IRN,2017,4.707,85026761,Upper middle,54.2371,32.906
Iraq,IRQ,2017,4.456,39337358,Upper middle,43.8325,33.1051
Ireland,IRL,2017,6.977,4810258,High,-8.2411,53.3049
Israel,ISR,2017,7.19,8361796,High,35.0279,31.5135
Italy,ITA,2017,6.0,60390317,High,12.7637,42.982
Jamaica,JAM,2017,5.89,2815765,Upper middle,-77.3036,18.1221
Japan,JPN,2017,5.915,127064686,High,137.4693,36.7674
Jordan,JOR,2017,5.161,10234227,Upper middle,36.9573,31.3871
Kazakhstan,KAZ,2017,5.79,18651931,Upper middle,66.3759,47.6415
Kenya,KEN,2017,4.41,49197757,Lower middle,37.9531,0.6899
Kuwait,KWT,2017,6.083,4154686,High,47.5631,29.2814
Kyrgyzstan,KGZ,2017,5.131,6220148,Lower middle,74.1753,41.357
Laos,LAO,2017,4.623,7018150,Lower middle,103.7638,18.1173
Latvia,LVA,2017,5.933,1942599,High,24.6937,56.8139
Lebanon,LBN,2017,5.199,6160129,Upper middle,35.8965,33.9116
Lesotho,LSO,2017,3.808,2157117,Lower middle,28.2448,-29.6017
Liberia,LBR,2017,3.495,4848927,Low,-9.259,6.5201
Libya,LBY,2017,5.566,6738771,Upper middle,17.9113,27.2029
Lithuania,LTU,2017,5.952,2829317,High,23.946,55.2944
Luxembourg,LUX,2017,6.91,596506,High,6.1032,49.7752
Madagascar,MDG,2017,3.774,26788379,Low,46.6849,-19.0416
Malawi,MWI,2017,3.587,18039714,Low,34.2344,-13.129
Malaysia,MYS,2017,6.322,32355642,Upper middle,114.6333,3.6717
Mali,MLI,2017,4.447,19813016,Low,-4.3464,17.1681
Malta,MLT,2017,6.627,467902,High,14.4419,35.8905
Mauritania,MRT,2017,4.356,4210603,Lower middle,-10.4951,20.4667
Mauritius,MUS,2017,5.891,1290654,Upper middle,57.5642,-20.2814
Mexico,MEX,2017,6.488,123400052,Upper middle,-101.554,23.8744
Moldova,MDA,2017,5.64,3193500,Lower middle,28.3911,47.0726
Mongolia,MNG,2017,5.125,3104371,Lower middle,103.3987,47.0864
Montenegro,MNE,2017,5.347,620112,Upper middle,19.2951,42.7369
Morocco,MAR,2017,5.254,35446395,Lower middle,-8.8172,28.6876
Mozambique,MOZ,2017,4.417,28166397,Low,35.2086,-17.5252
Myanmar,MMR,2017,4.308,51894939,Lower middle,97.0889,19.9012
Namibia,NAM,2017,4.441,2506854,Upper middle,18.1645,-21.9086
Nepal,NPL,2017,4.88,28011258,Low,84.1339,28.3009
Netherlands,NLD,2017,7.441,17315376,High,5.5541,52.1341
New Zealand,NZL,2017,7.324,4812749,High,170.6904,-43.8277
Nicaragua,NIC,2017,6.141,6316235,Lower middle,-85.0161,12.8936
Niger,NER,2017,4.166,21435449,Low,8.8686,17.0811
Nigeria,NGA,2017,5.155,200254580,Lower middle,8.1477,9.6103
North Macedonia,MKD,2017,5.185,1940877,Upper middle,21.71,41.594
Norway,NOR,2017,7.594,5276807,High,16.6703,64.9778
Pakistan,PAK,2017,5.472,223273974,Lower middle,69.0884,30.1162
Palestine,PSE,2017,4.743,4742747,Lower middle,35.2,31.9
Panama,PAN,2017,6.43,4098704,High,-80.1443,8.4395
Paraguay,PRY,2017,5.681,6338658,Upper middle,-58.3891,-23.4219
Peru,PER,2017,5.663,31324639,Upper middle,-74.1142,-8.5227
Philippines,PHL,2017,5.524,108119691,Lower middle,121.8221,15.5865
Poland,POL,2017,6.123,38254964,High,19.4357,52.0685
Portugal,PRT,2017,5.41,10330838,High,-7.9337,39.6753
Qatar,QAT,2017,6.374,2706716,High,51.1979,25.3185
Romania,ROU,2017,5.945,19689405,Upper middle,25.0942,45.8245
Russia,RUS,2017,5.81,146186798,Upper middle,98.6705,59.0394
Rwanda,RWA,2017,3.408,12202062,Low,29.9194,-2.0147
Saudi Arabia,SAU,2017,6.371,30782400,High,44.601,24.136
Senegal,SEN,2017,4.631,15475001,Low,-14.6109,14.2289
Serbia,SRB,2017,5.398,7073507,Upper middle,20.8568,44.0268
Sierra Leone,SLE,2017,4.571,7379300,Low,-11.7866,8.5613
Singapore,SGP,2017,6.343,5604087,High,103.8,1.35
Slovakia,SVK,2017,6.173,5435702,High,19.581,48.6981
Slovenia,SVN,2017,5.948,2062410,High,14.8906,46.1376
Somalia,SOM,2017,4.982,14916630,Low,45.4004,6.5245
South Africa,ZAF,2017,4.724,57635158,Upper middle,24.7525,-28.5536
South Korea,KOR,2017,5.875,51486268,High,127.7622,36.4024
South Sudan,SSD,2017,3.254,10259150,Low,30.3852,7.6578
Spain,ESP,2017,6.31,46868594,High,-16.538,28.2977
Sri Lanka,LKA,2017,4.471,22087525,Lower middle,80.6693,7.6966
Sudan,SDN,2017,4.139,42714311,Lower middle,29.9515,15.6706
Sweden,SWE,2017,7.314,10057864,High,17.0624,62.7342
Switzerland,CHE,2017,7.487,8453630,High,8.2869,46.7368
Syria,SYR,2017,3.462,19224671,Low,38.5117,35.0975
Taiwan,TWN,2017,6.441,23632950,High,121.0,23.7
Tajikistan,TJK,2017,5.352,9085942,Low,70.9422,38.5693
Tanzania,TZA,2017,3.303,55652888,Low,34.8183,-6.3558
Thailand,THA,2017,6.072,71160183,Upper middle,101.0868,13.6622
Togo,TGO,2017,3.999,7324379,Low,0.8991,8.6607
Trinidad and Tobago,TTO,2017,6.192,1445265,High,-61.3724,10.4155
Tunisia,TUN,2017,4.592,11650504,Lower middle,9.6559,34.0864
Turkey,TUR,2017,5.483,83083667,Upper middle,35.5689,38.9321
Turkmenistan,TKM,2017,5.636,6507065,Upper middle,58.4577,39.0607
Uganda,UGA,2017,4.161,40177384,Low,32.3437,1.2822
Ukraine,UKR,2017,4.103,45436037,Lower middle,31.2738,48.6575
United Arab Emirates,ARE,2017,6.774,9234330,High,54.2792,24.1825
United Kingdom,GBR,2017,6.814,66354473,High,-2.8529,53.9784
United States,USA,2017,6.886,332204657,High,-96.3316,38.8208
Uruguay,URY,2017,6.379,3388444,High,-56.0192,-32.782
Uzbekistan,UZB,2017,6.096,31819172,Lower middle,63.8548,41.4879
Venezuela,VEN,2017,4.806,30565331,Upper middle,-66.3649,7.1483
Vietnam,VNM,2017,5.103,95176978,Lower middle,105.9134,16.5173
Yemen,YEM,2017,3.355,33090923,Low,47.4682,16.0014
Zambia,ZMB,2017,4.377,17441328,Lower middle,27.7552,-13.1628
Zimbabwe,ZWE,2017,3.692,14812484,Low,29.7178,-18.927
Afghanistan,AFG,2018,3.203,36743040,Low,66.5922,34.134
Albania,ALB,2018,4.719,2894229,Upper middle,20.0611,41.1417
Algeria,DZA,2018,5.211,42505033,Upper middle,2.6558,28.351
Argentina,ARG,2018,6.086,44654876,Upper middle,-64.5324,-35.6973
Armenia,ARM,2018,4.559,2909971,Upper middle,45.0549,40.1784
Australia,AUS,2018,7.228,25119700,High,134.0228,-25.6973
Austria,AUT,2018,7.246,8841653,High,13.7978,47.6319
Azerbaijan,AZE,2018,5.208,10039782,Upper middle,48.6346,40.3921
Bahrain,BHR,2018,6.199,1497634,High,50.5407,26.048
Bangladesh,BGD,2018,4.456,163523109,Lower middle,90.4321,23.6737
Belarus,BLR,2018,5.323,9480031,Upper middle,27.9643,53.4679
Belgium,BEL,2018,6.923,11428608,High,4.675,50.6182
Benin,BEN,2018,4.883,12383349,Low,2.3057,9.503
Bhutan,BTN,2018,5.082,759766,Lower middle,90.4672,27.4216
Bolivia,BOL,2018,5.779,11508370,Lower middle,-64.4521,-16.7312
Bosnia and Herzegovina,BIH,2018,5.386,3386999,Upper middle,17.8347,44.1442
Botswana,BWA,2018,3.488,2299149,Upper middle,23.8578,-22.2366
Brazil,BRA,2018,6.3,206107265,Upper middle,-54.3552,-11.5246
Bulgaria,BGR,2018,5.011,7024745,Upper middle,25.2517,42.8204
Burkina Faso,BFA,2018,4.587,20438289,Low,-1.6933,12.1087
Burundi,BDI,2018,3.775,11859444,Low,29.8852,-3.2613
Cambodia,KHM,2018,4.7,16274522,Lower middle,105.0397,12.6992
Cameroon,CMR,2018,5.044,24806377,Lower middle,12.9485,6.2942
Canada,CAN,2018,7.278,37294996,High,-98.4168,57.5505
Central African Republic,CAF,2018,3.083,4878663,Low,20.5207,6.3314
Chad,TCD,2018,4.35,16156535,Low,18.4271,15.2835
Chile,CHL,2018,6.444,18893185,High,-70.7686,-37.8294
China,CHN,2018,5.191,1419008954,Upper middle,104.6911,38.0733
Colombia,COL,2018,6.125,49024463,Upper middle,-72.6445,4.1878
Comoros,COM,2018,3.973,771597,Lower middle,43.3483,-11.6589
Congo,COG,2018,4.812,5483128,Lower middle,14.8797,-0.7294
Costa Rica,CRI,2018,7.167,4957813,Upper middle,-84.1467,9.8635
Cote d'Ivoire,CIV,2018,4.944,27464175,Lower middle,-5.5717,7.5368
Croatia,HRV,2018,5.432,4024868,High,16.6258,44.9119
Cyprus,CYP,2018,6.046,1270743,High,33.3753,35.117
Czechia,CZE,2018,6.852,10548934,High,15.3833,49.7492
Democratic Republic of Congo,COD,2018,4.418,90047647,Low,23.4198,-3.3386
Denmark,DNK,2018,7.6,5793824,High,9.3787,56.0012
Dominican Republic,DOM,2018,5.425,10782048,Upper middle,-70.435,18.7795
Ecuador,ECU,2018,6.028,17049542,Upper middle,-78.463,-1.5643
Egypt,EGY,2018,4.166,105682092,Lower middle,30.2401,26.6052
El Salvador,SLV,2018,6.253,6219803,Lower middle,-88.8591,13.758
Estonia,EST,2018,5.893,1321972,High,25.9169,58.6481
Eswatini,SWZ,2018,4.212,1168933,Lower middle,31.5107,-26.5625
Ethiopia,ETH,2018,4.286,112664157,Low,39.9149,8.7294
Finland,FIN,2018,7.769,5515730,High,25.6574,65.0158
France,FRA,2018,6.592,65519537,High,2.194,46.6424
Gabon,GAB,2018,4.799,2212320,Upper middle,11.8394,-0.6284
Gambia,GMB,2018,4.516,2399633,Low,-15.3834,13.4286
Georgia,GEO,2018,4.519,3794881,Upper middle,43.3789,42.1799
Germany,DEU,2018,6.985,83368507,High,10.4262,51.083
Ghana,GHA,2018,4.996,30637592,Lower middle,-1.2192,7.9453
Greece,GRC,2018,5.287,10730846,High,23.1104,39.4201
Guatemala,GTM,2018,6.436,16845688,Upper middle,-90.3122,15.8209
Guinea,GIN,2018,4.534,12704776,Low,-10.9869,10.256
Haiti,HTI,2018,3.597,10962373,Low,-72.8929,18.8835
Honduras,HND,2018,5.86,9765209,Lower middle,-86.4925,14.7404
Hong Kong,HKG,2018,5.43,7471190,High,114.2,22.3
Hungary,HUN,2018,5.758,9774395,High,19.3962,47.2253
Iceland,ISL,2018,7.494,352860,High,-19.0568,65.1236
India,IND,2018,4.015,1374659067,Lower middle,81.173,23.5863
Indonesia,IDN,2018,5.192,269951847,Lower middle,113.9654,0.1559
Iran,IRN,2018,4.548,86117999,Upper middle,54.2371,32.906
Iraq,IRQ,2018,4.437,40265629,Upper middle,43.8325,33.1051
Ireland,IRL,2018,7.021,4872559,High,-8.2411,53.3049
Israel,ISR,2018,7.139,8510067,High,35.0279,31.5135
Italy,ITA,2018,6.223,60277496,High,12.7637,42.982
Jamaica,JAM,2018,5.89,2820103,Upper middle,-77.3036,18.1221
Japan,JPN,2018,5.886,126913432,High,137.4693,36.7674
Jordan,JOR,2018,4.906,10462310,Upper middle,36.9573,31.3871
Kazakhstan,KAZ,2018,5.809,18932725,Upper middle,66.3759,47.6415
Kenya,KEN,2018,4.509,50207109,Lower middle,37.9531,0.6899
Kuwait,KWT,2018,6.021,4323389,High,47.5631,29.2814
Kyrgyzstan,KGZ,2018,5.261,6341733,Lower middle,74.1753,41.357
Laos,LAO,2018,4.796,7128043,Lower middle,103.7638,18.1173
Latvia,LVA,2018,5.94,1927586,High,24.6937,56.8139
Lebanon,LBN,2018,5.197,5984120,Upper middle,35.8965,33.9116
Lesotho,LSO,2018,3.802,2183611,Lower middle,28.2448,-29.6017
Liberia,LBR,2018,3.975,4944728,Low,-9.259,6.5201
Libya,LBY,2018,5.525,6849058,Upper middle,17.9113,27.2029
Lithuania,LTU,2018,6.149,2802485,High,23.946,55.2944
Luxembourg,LUX,2018,7.09,608109,High,6.1032,49.7752
Madagascar,MDG,2018,3.933,27494930,Low,46.6849,-19.0416
Malawi,MWI,2018,3.41,18528086,Low,34.2344,-13.129
Malaysia,MYS,2018,5.339,32910963,Upper middle,114.6333,3.6717
Mali,MLI,2018,4.39,20442031,Low,-4.3464,17.1681
Malta,MLT,2018,6.726,484560,High,14.4419,35.8905
Mauritania,MRT,2018,4.49,4337685,Lower middle,-10.4951,20.4667
Mauritius,MUS,2018,5.888,1288836,Upper middle,57.5642,-20.2814
Mexico,MEX,2018,6.595,124573713,Upper middle,-101.554,23.8744
Moldova,MDA,2018,5.529,3153779,Lower middle,28.3911,47.0726
Mongolia,MNG,2018,5.285,3167714,Lower middle,103.3987,47.0864
Montenegro,MNE,2018,5.523,615798,Upper middle,19.2951,42.7369
Morocco,MAR,2018,5.208,35839760,Lower middle,-8.8172,28.6876
Mozambique,MOZ,2018,4.466,29018647,Low,35.2086,-17.5252
Myanmar,MMR,2018,4.36,52272250,Lower middle,97.0889,19.9012
Namibia,NAM,2018,4.639,2577327,Upper middle,18.1645,-21.9086
Nepal,NPL,2018,4.913,28079688,Low,84.1339,28.3009
Netherlands,NLD,2018,7.488,17421285,High,5.5541,52.1341
New Zealand,NZL,2018,7.307,4900840,High,170.6904,-43.8277
Nicaragua,NIC,2018,6.105,6400074,Lower middle,-85.0161,12.8936
Niger,NER,2018,4.628,22188074,Low,8.8686,17.0811
Nigeria,NGA,2018,5.265,204938752,Lower middle,8.1477,9.6103
North Macedonia,MKD,2018,5.274,1919730,Upper middle,21.71,41.594
Norway,NOR,2018,7.554,5311751,High,16.6703,64.9778
Pakistan,PAK,2018,5.653,226928893,Lower middle,69.0884,30.1162
Palestine,PSE,2018,4.696,4850593,Lower middle,35.2,31.9
Panama,PAN,2018,6.321,4167860,High,-80.1443,8.4395
Paraguay,PRY,2018,5.743,6427382,Upper middle,-58.3891,-23.4219
Peru,PER,2018,5.697,31897590,Upper middle,-74.1142,-8.5227
Philippines,PHL,2018,5.631,109465284,Lower middle,121.8221,15.5865
Poland,POL,2018,6.182,38241070,High,19.4357,52.0685
Portugal,PRT,2018,5.693,10325355,High,-7.9337,39.6753
Qatar,QAT,2018,6.374,2761144,High,51.1979,25.3185
Romania,ROU,2018,6.07,19597874,Upper middle,25.0942,45.8245
Russia,RUS,2018,5.648,146430146,Upper middle,98.6705,59.0394
Rwanda,RWA,2018,3.334,12488000,Low,29.9194,-2.0147
Saudi Arabia,SAU,2018,6.375,30365119,High,44.601,24.136
Senegal,SEN,2018,4.681,15914495,Lower middle,-14.6109,14.2289
Serbia,SRB,2018,5.603,7020014,Upper middle,20.8568,44.0268
Sierra Leone,SLE,2018,4.374,7554568,Low,-11.7866,8.5613
Singapore,SGP,2018,6.262,5634366,High,103.8,1.35
Slovakia,SVK,2018,6.198,5443229,High,19.581,48.6981
Slovenia,SVN,2018,6.118,2069484,High,14.8906,46.1376
Somalia,SOM,2018,4.668,15452489,Low,45.4004,6.5245
South Africa,ZAF,2018,4.722,58613001,Upper middle,24.7525,-28.5536
South Korea,KOR,2018,5.895,51640894,High,127.7622,36.4024
South Sudan,SSD,2018,2.853,10122983,Low,30.3852,7.6578
Spain,ESP,2018,6.354,47092817,High,-16.538,28.2977
Sri Lanka,LKA,2018,4.366,22253116,Upper middle,80.6693,7.6966
Sweden,SWE,2018,7.343,10175400,High,17.0624,62.7342
Switzerland,CHE,2018,7.48,8516341,High,8.2869,46.7368
Syria,SYR,2018,3.462,19577849,Low,38.5117,35.0975
Taiwan,TWN,2018,6.446,23659308,High,121.0,23.7
Tajikistan,TJK,2018,5.467,9307345,Low,70.9422,38.5693
Tanzania,TZA,2018,3.231,57437134,Low,34.8183,-6.3558
Thailand,THA,2018,6.008,71376081,Upper middle,101.0868,13.6622
Togo,TGO,2018,4.085,7458205,Low,0.8991,8.6607
Trinidad and Tobago,TTO,2018,6.192,1470522,High,-61.3724,10.4155
Tunisia,TUN,2018,4.461,11765515,Lower middle,9.6559,34.0864
Turkey,TUR,2018,5.373,84415966,Upper middle,35.5689,38.9321
Turkmenistan,TKM,2018,5.247,6655523,Upper middle,58.4577,39.0607
Uganda,UGA,2018,4.189,41565839,Low,32.3437,1.2822
Ukraine,UKR,2018,4.332,45208903,Lower middle,31.2738,48.6575
United Arab Emirates,ARE,2018,6.825,9346870,High,54.2792,24.1825
United Kingdom,GBR,2018,7.054,66752473,High,-2.8529,53.9784
United States,USA,2018,6.892,335056492,High,-96.3316,38.8208
Uruguay,URY,2018,6.293,3394538,High,-56.0192,-32.782
Uzbekistan,UZB,2018,6.174,32373489,Lower middle,63.8548,41.4879
Venezuela,VEN,2018,4.707,29807591,Upper middle,-66.3649,7.1483
Vietnam,VNM,2018,5.175,96237319,Lower middle,105.9134,16.5173
Yemen,YEM,2018,3.38,34085181,Low,47.4682,16.0014
Zambia,ZMB,2018,4.107,17973574,Lower middle,27.7552,-13.1628
Zimbabwe,ZWE,2018,3.663,15034457,Lower middle,29.7178,-18.927
Afghanistan,AFG,2019,2.567,37856125,Low,66.5922,34.134
Albania,ALB,2019,4.883,2885011,Upper middle,20.0611,41.1417
Algeria,DZA,2019,5.005,43294551,Lower middle,2.6558,28.351
Argentina,ARG,2019,5.975,44973469,Upper middle,-64.5324,-35.6973
Armenia,ARM,2019,4.677,2903975,Upper middle,45.0549,40.1784
Australia,AUS,2019,7.223,25482714,High,134.0228,-25.6973
Austria,AUT,2019,7.294,8880876,High,13.7978,47.6319
Azerbaijan,AZE,2019,5.165,10110483,Upper middle,48.6346,40.3921
Bahrain,BHR,2019,6.227,1485675,High,50.5407,26.048
Bangladesh,BGD,2019,4.833,164913060,Lower middle,90.4321,23.6737
Belarus,BLR,2019,5.54,9435415,Upper middle,27.9643,53.4679
Belgium,BEL,2019,6.864,11490623,High,4.675,50.6182
Benin,BEN,2019,5.216,12726760,Lower middle,2.3057,9.503
Bolivia,BOL,2019,5.747,11671386,Lower middle,-64.4521,-16.7312
Bosnia and Herzegovina,BIH,2019,5.674,3345532,Upper middle,17.8347,44.1442
Botswana,BWA,2019,3.479,2332082,Upper middle,23.8578,-22.2366
Brazil,BRA,2019,6.376,207455459,Upper middle,-54.3552,-11.5246
Bulgaria,BGR,2019,5.101,6975466,Upper middle,25.2517,42.8204
Burkina Faso,BFA,2019,4.769,20961956,Low,-1.6933,12.1087
Burundi,BDI,2019,3.775,12255339,Low,29.8852,-3.2613
Cambodia,KHM,2019,4.848,16481305,Lower middle,105.0397,12.6992
Cameroon,CMR,2019,5.085,25506095,Lower middle,12.9485,6.2942
Canada,CAN,2019,7.232,37782934,High,-98.4168,57.5505
Central African Republic,CAF,2019,3.476,4944708,Low,20.5207,6.3314
Chad,TCD,2019,4.423,16685223,Low,18.4271,15.2835
Chile,CHL,2019,6.229,19197748,High,-70.7686,-37.8294
China,CHN,2019,5.124,1423520357,Upper middle,104.6911,38.0733
Colombia,COL,2019,6.163,49907987,Upper middle,-72.6445,4.1878
Comoros,COM,2019,4.289,786582,Lower middle,43.3483,-11.6589
Congo,COG,2019,5.194,5616656,Lower middle,14.8797,-0.7294
Costa Rica,CRI,2019,7.121,4999549,Upper middle,-84.1467,9.8635
Cote d'Ivoire,CIV,2019,5.233,28193014,Lower middle,-5.5717,7.5368
Croatia,HRV,2019,5.505,3986338,High,16.6258,44.9119
Cyprus,CYP,2019,6.159,1286669,High,33.3753,35.117
Czechia,CZE,2019,6.911,10554872,High,15.3833,49.7492
Democratic Republic of Congo,COD,2019,4.311,92947450,Low,23.4198,-3.3386
Denmark,DNK,2019,7.646,5814618,High,9.3787,56.0012
Dominican Republic,DOM,2019,5.689,10894043,Upper middle,-70.435,18.7795
Ecuador,ECU,2019,5.925,17340017,Upper middle,-78.463,-1.5643
Egypt,EGY,2019,4.151,107553159,Lower middle,30.2401,26.6052
El Salvador,SLV,2019,6.348,6222316,Lower middle,-88.8591,13.758
Estonia,EST,2019,6.022,1326822,High,25.9169,58.6481
Eswatini,SWZ,2019,4.308,1179885,Lower middle,31.5107,-26.5625
Ethiopia,ETH,2019,4.186,115737384,Low,39.9149,8.7294
Finland,FIN,2019,7.809,5521754,High,25.6574,65.0158
France,FRA,2019,6.664,65729460,High,2.194,46.6424
Gabon,GAB,2019,4.829,2267711,Upper middle,11.8394,-0.6284
Gambia,GMB,2019,4.751,2456847,Low,-15.3834,13.4286
Georgia,GEO,2019,4.673,3796722,Upper middle,43.3789,42.1799
Germany,DEU,2019,7.076,83559184,High,10.4262,51.083
Ghana,GHA,2019,5.148,31258943,Lower middle,-1.2192,7.9453
Greece,GRC,2019,5.515,10718581,High,23.1104,39.4201
Guatemala,GTM,2019,6.399,17103803,Upper middle,-90.3122,15.8209
Guinea,GIN,2019,4.949,13034349,Low,-10.9869,10.256
Haiti,HTI,2019,3.721,11105165,Low,-72.8929,18.8835
Honduras,HND,2019,5.953,9943637,Lower middle,-86.4925,14.7404
Hong Kong,HKG,2019,5.51,7485817,High,114.2,22.3
Hungary,HUN,2019,6.0,9770346,High,19.3962,47.2253
Iceland,ISL,2019,7.505,360709,High,-19.0568,65.1236
India,IND,2019,3.573,1389030307,Lower middle,81.173,23.5863
Indonesia,IDN,2019,5.286,272489381,Upper middle,113.9654,0.1559
Iran,IRN,2019,4.672,87051649,Upper middle,54.2371,32.906
Iraq,IRQ,2019,4.785,41192172,Upper middle,43.8325,33.1051
Ireland,IRL,2019,7.094,4933493,High,-8.2411,53.3049
Israel,ISR,2019,7.129,8657466,High,35.0279,31.5135
Italy,ITA,2019,6.387,60130136,High,12.7637,42.982
Jamaica,JAM,2019,5.89,2823275,Upper middle,-77.3036,18.1221
Japan,JPN,2019,5.871,126699421,High,137.4693,36.7674
Jordan,JOR,2019,4.633,10671893,Upper middle,36.9573,31.3871
Kazakhstan,KAZ,2019,6.058,19209556,Upper middle,66.3759,47.6415
Kenya,KEN,2019,4.583,51202829,Lower middle,37.9531,0.6899
Kuwait,KWT,2019,6.102,4442201,High,47.5631,29.2814
Kyrgyzstan,KGZ,2019,5.542,6494036,Lower middle,74.1753,41.357
Laos,LAO,2019,4.889,7237635,Lower middle,103.7638,18.1173
Latvia,LVA,2019,5.95,1914267,High,24.6937,56.8139
Lebanon,LBN,2019,4.771,5794601,Upper middle,35.8965,33.9116
Lesotho,LSO,2019,3.653,2209414,Lower middle,28.2448,-29.6017
Liberia,LBR,2019,4.558,5043719,Low,-9.259,6.5201
Libya,LBY,2019,5.489,6951040,Upper middle,17.9113,27.2029
Lithuania,LTU,2019,6.215,2795057,High,23.946,55.2944
Luxembourg,LUX,2019,7.237,620167,High,6.1032,49.7752
Madagascar,MDG,2019,4.166,28219559,Low,46.6849,-19.0416
Malawi,MWI,2019,3.538,19025748,Low,34.2344,-13.129
Malaysia,MYS,2019,5.384,33440590,Upper middle,114.6333,3.6717
Maldives,MDV,2019,5.198,487737,Upper middle,73.1008,-0.6066
Mali,MLI,2019,4.729,21068405,Low,-4.3464,17.1681
Malta,MLT,2019,6.773,504017,High,14.4419,35.8905
Mauritania,MRT,2019,4.375,4467714,Lower middle,-10.4951,20.4667
Mauritius,MUS,2019,6.101,1286269,High,57.5642,-20.2814
Mexico,MEX,2019,6.465,125762978,Upper middle,-101.554,23.8744
Moldova,MDA,2019,5.607,3112561,Lower middle,28.3911,47.0726
Mongolia,MNG,2019,5.456,3232118,Lower middle,103.3987,47.0864
Montenegro,MNE,2019,5.546,611671,Upper middle,19.2951,42.7369
Morocco,MAR,2019,5.095,36210907,Lower middle,-8.8172,28.6876
Mozambique,MOZ,2019,4.624,29884378,Low,35.2086,-17.5252
Myanmar,MMR,2019,4.308,52640718,Lower middle,97.0889,19.9012
Namibia,NAM,2019,4.571,2650499,Upper middle,18.1645,-21.9086
Nepal,NPL,2019,5.137,28414066,Lower middle,84.1339,28.3009
Netherlands,NLD,2019,7.449,17537505,High,5.5541,52.1341
New Zealand,NZL,2019,7.3,4989410,High,170.6904,-43.8277
Nicaragua,NIC,2019,6.137,6483660,Lower middle,-85.0161,12.8936
Niger,NER,2019,4.91,22947765,Low,8.8686,17.0811
Nigeria,NGA,2019,4.724,209485637,Lower middle,8.1477,9.6103
North Macedonia,MKD,2019,5.16,1897643,Upper middle,21.71,41.594
Norway,NOR,2019,7.488,5347733,High,16.6703,64.9778
Pakistan,PAK,2019,5.693,230800908,Lower middle,69.0884,30.1162
Palestine,PSE,2019,4.553,4957773,Lower middle,35.2,31.9
Panama,PAN,2019,6.305,4234698,High,-80.1443,8.4395
Paraguay,PRY,2019,5.692,6515059,Upper middle,-58.3891,-23.4219
Peru,PER,2019,5.797,32449302,Upper middle,-74.1142,-8.5227
Philippines,PHL,2019,6.006,110804685,Lower middle,121.8221,15.5865
Poland,POL,2019,6.186,38225884,High,19.4357,52.0685
Portugal,PRT,2019,5.911,10343218,High,-7.9337,39.6753
Romania,ROU,2019,6.124,19501542,High,25.0942,45.8245
Russia,RUS,2019,5.546,146533063,Upper middle,98.6705,59.0394
Rwanda,RWA,2019,3.312,12776102,Low,29.9194,-2.0147
Saudi Arabia,SAU,2019,6.407,30472809,High,44.601,24.136
Senegal,SEN,2019,4.981,16352926,Lower middle,-14.6109,14.2289
Serbia,SRB,2019,5.778,6966155,Upper middle,20.8568,44.0268
Sierra Leone,SLE,2019,3.926,7731994,Low,-11.7866,8.5613
Singapore,SGP,2019,6.377,5669562,High,103.8,1.35
Slovakia,SVK,2019,6.281,5450627,High,19.581,48.6981
Slovenia,SVN,2019,6.363,2083438,High,14.8906,46.1376
South Africa,ZAF,2019,4.814,59587880,Upper middle,24.7525,-28.5536
South Korea,KOR,2019,5.872,51767844,High,127.7622,36.4024
South Sudan,SSD,2019,2.817,10423382,Low,30.3852,7.6578
Spain,ESP,2019,6.401,47435121,High,-16.538,28.2977
Sri Lanka,LKA,2019,4.327,22410552,Lower middle,80.6693,7.6966
Sweden,SWE,2019,7.354,10279120,High,17.0624,62.7342
Switzerland,CHE,2019,7.56,8577525,High,8.2869,46.7368
Taiwan,TWN,2019,6.455,23674137,High,121.0,23.7
Tajikistan,TJK,2019,5.556,9529970,Low,70.9422,38.5693
Tanzania,TZA,2019,3.476,59174889,Lower middle,34.8183,-6.3558
Thailand,THA,2019,5.999,71522264,Upper middle,101.0868,13.6622
Togo,TGO,2019,4.187,7619916,Low,0.8991,8.6607
Trinidad and Tobago,TTO,2019,6.192,1484898,High,-61.3724,10.4155
Tunisia,TUN,2019,4.392,11875084,Lower middle,9.6559,34.0864
Turkey,TUR,2019,5.132,85357670,Upper middle,35.5689,38.9321
Turkmenistan,TKM,2019,5.119,6803943,Upper middle,58.4577,39.0607
Uganda,UGA,2019,4.432,42999636,Low,32.3437,1.2822
Ukraine,UKR,2019,4.561,44957451,Lower middle,31.2738,48.6575
United Arab Emirates,ARE,2019,6.791,9377855,High,54.2792,24.1825
United Kingdom,GBR,2019,7.165,67110958,High,-2.8529,53.9784
United States,USA,2019,6.94,337790069,High,-96.3316,38.8208
Uruguay,URY,2019,6.44,3397206,High,-56.0192,-32.782
Uzbekistan,UZB,2019,6.258,32964700,Lower middle,63.8548,41.4879
Venezuela,VEN,2019,5.053,28938096,Upper middle,-66.3649,7.1483
Vietnam,VNM,2019,5.354,97173778,Lower middle,105.9134,16.5173
Yemen,YEM,2019,3.527,35111416,Low,47.4682,16.0014
Zambia,ZMB,2019,3.759,18513839,Lower middle,27.7552,-13.1628
Zimbabwe,ZWE,2019,3.299,15271377,Lower middle,29.7178,-18.927
Afghanistan,AFG,2020,2.523,39068977,Low,66.5922,34.134
Albania,ALB,2020,5.117,2871950,Upper middle,20.0611,41.1417
Algeria,DZA,2020,4.887,44042094,Lower middle,2.6558,28.351
Argentina,ARG,2020,5.929,45191960,Upper middle,-64.5324,-35.6973
Armenia,ARM,2020,5.283,2890893,Upper middle,45.0549,40.1784
Australia,AUS,2020,7.183,25743787,High,134.0228,-25.6973
Austria,AUT,2020,7.268,8921402,High,13.7978,47.6319
Azerbaijan,AZE,2020,5.171,10181736,Upper middle,48.6346,40.3921
Bahrain,BHR,2020,6.647,1483081,High,50.5407,26.048
Bangladesh,BGD,2020,5.025,166298024,Lower middle,90.4321,23.6737
Belarus,BLR,2020,5.534,9350943,Upper middle,27.9643,53.4679
Belgium,BEL,2020,6.834,11540102,High,4.675,50.6182
Benin,BEN,2020,5.045,13070169,Lower middle,2.3057,9.503
Bolivia,BOL,2020,5.716,11816301,Lower middle,-64.4521,-16.7312
Bosnia and Herzegovina,BIH,2020,5.813,3299352,Upper middle,17.8347,44.1442
Botswana,BWA,2020,3.467,2365895,Upper middle,23.8578,-22.2366
Brazil,BRA,2020,6.33,208660845,Upper middle,-54.3552,-11.5246
Bulgaria,BGR,2020,5.266,6933656,Upper middle,25.2517,42.8204
Burkina Faso,BFA,2020,4.834,21478691,Low,-1.6933,12.1087
Burundi,BDI,2020,3.775,12617041,Low,29.8852,-3.2613
Cambodia,KHM,2020,4.83,16725484,Lower middle,105.0397,12.6992
Cameroon,CMR,2020,5.142,26210566,Lower middle,12.9485,6.2942
Canada,CAN,2020,7.103,38171903,High,-98.4168,57.5505
Chad,TCD,2020,4.355,17224686,Low,18.4271,15.2835
Chile,CHL,2020,6.172,19370621,High,-70.7686,-37.8294
China,CHN,2020,5.339,1426106093,Upper middle,104.6911,38.0733
Colombia,COL,2020,6.012,50629997,Upper middle,-72.6445,4.1878
Comoros,COM,2020,4.289,802172,Lower middle,43.3483,-11.6589
Congo,COG,2020,5.342,5752792,Lower middle,14.8797,-0.7294
Costa Rica,CRI,2020,7.069,5034323,Upper middle,-84.1467,9.8635
Cote d'Ivoire,CIV,2020,5.306,28915452,Lower middle,-5.5717,7.5368
Croatia,HRV,2020,5.882,3953956,High,16.6258,44.9119
Cyprus,CYP,2020,6.223,1302250,High,33.3753,35.117
Czechia,CZE,2020,6.965,10550129,High,15.3833,49.7492
Denmark,DNK,2020,7.62,5831529,High,9.3787,56.0012
Dominican Republic,DOM,2020,5.545,11008298,Upper middle,-70.435,18.7795
Ecuador,ECU,2020,5.764,17546058,Upper middle,-78.463,-1.5643
Egypt,EGY,2020,4.283,109315118,Lower middle,30.2401,26.6052
El Salvador,SLV,2020,6.061,6234679,Lower middle,-88.8591,13.758
Estonia,EST,2020,6.189,1329675,High,25.9169,58.6481
Eswatini,SWZ,2020,4.308,1192734,Lower middle,31.5107,-26.5625
Ethiopia,ETH,2020,4.275,118917670,Low,39.9149,8.7294
Finland,FIN,2020,7.842,5529616,High,25.6574,65.0158
France,FRA,2020,6.69,65905273,High,2.194,46.6424
Gabon,GAB,2020,4.852,2322538,Upper middle,11.8394,-0.6284
Gambia,GMB,2020,5.051,2515744,Low,-15.3834,13.4286
Georgia,GEO,2020,4.891,3795680,Upper middle,43.3789,42.1799
Germany,DEU,2020,7.155,83628711,High,10.4262,51.083
Ghana,GHA,2020,5.088,31887802,Lower middle,-1.2192,7.9453
Greece,GRC,2020,5.723,10699370,High,23.1104,39.4201
Guatemala,GTM,2020,6.435,17357331,Upper middle,-90.3122,15.8209
Guinea,GIN,2020,4.984,13371185,Low,-10.9869,10.256
Haiti,HTI,2020,3.615,11243846,Lower middle,-72.8929,18.8835
Honduras,HND,2020,5.919,10119638,Lower middle,-86.4925,14.7404
Hong Kong,HKG,2020,5.477,7490240,High,114.2,22.3
Hungary,HUN,2020,5.992,9749459,High,19.3962,47.2253
Iceland,ISL,2020,7.554,366626,High,-19.0568,65.1236
India,IND,2020,3.819,1402617694,Lower middle,81.173,23.5863
Indonesia,IDN,2020,5.345,274814861,Lower middle,113.9654,0.1559
Iran,IRN,2020,4.721,87723448,Lower middle,54.2371,32.906
Iraq,IRQ,2020,4.854,42116602,Upper middle,43.8325,33.1051
Ireland,IRL,2020,7.085,4982602,High,-8.2411,53.3049
Israel,ISR,2020,7.157,8800380,High,35.0279,31.5135
Italy,ITA,2020,6.483,59912763,High,12.7637,42.982
Jamaica,JAM,2020,6.309,2830745,Upper middle,-77.3036,18.1221
Japan,JPN,2020,5.94,126304533,High,137.4693,36.7674
Jordan,JOR,2020,4.395,10865232,Upper middle,36.9573,31.3871
Kazakhstan,KAZ,2020,6.152,19482116,Upper middle,66.3759,47.6415
Kenya,KEN,2020,4.607,52217327,Lower middle,37.9531,0.6899
Kuwait,KWT,2020,6.106,4400146,High,47.5631,29.2814
Kyrgyzstan,KGZ,2020,5.744,6664143,Lower middle,74.1753,41.357
Laos,LAO,2020,5.03,7346534,Lower middle,103.7638,18.1173
Latvia,LVA,2020,6.032,1901119,High,24.6937,56.8139
Lebanon,LBN,2020,4.584,5702400,Upper middle,35.8965,33.9116
Lesotho,LSO,2020,3.512,2235727,Lower middle,28.2448,-29.6017
Liberia,LBR,2020,4.625,5149470,Low,-9.259,6.5201
Libya,LBY,2020,5.41,7045403,Upper middle,17.9113,27.2029
Lithuania,LTU,2020,6.255,2795766,High,23.946,55.2944
Luxembourg,LUX,2020,7.324,630597,High,6.1032,49.7752
Madagascar,MDG,2020,4.208,28953560,Low,46.6849,-19.0416
Malawi,MWI,2020,3.6,19533885,Low,34.2344,-13.129
Malaysia,MYS,2020,5.384,33889554,Upper middle,114.6333,3.6717
Maldives,MDV,2020,5.198,502127,Upper middle,73.1008,-0.6066
Mali,MLI,2020,4.723,21713837,Low,-4.3464,17.1681
Malta,MLT,2020,6.602,518212,High,14.4419,35.8905
Mauritania,MRT,2020,4.227,4600136,Lower middle,-10.4951,20.4667
Mauritius,MUS,2020,6.049,1283231,Upper middle,57.5642,-20.2814
Mexico,MEX,2020,6.317,126799053,Upper middle,-101.554,23.8744
Moldova,MDA,2020,5.766,3069135,Upper middle,28.3911,47.0726
Mongolia,MNG,2020,5.677,3290786,Lower middle,103.3987,47.0864
Montenegro,MNE,2020,5.581,607934,Upper middle,19.2951,42.7369
Morocco,MAR,2020,4.918,36584208,Lower middle,-8.8172,28.6876
Mozambique,MOZ,2020,4.794,30783685,Low,35.2086,-17.5252
Myanmar,MMR,2020,4.426,53016525,Lower middle,97.0889,19.9012
Namibia,NAM,2020,4.574,2728760,Upper middle,18.1645,-21.9086
Nepal,NPL,2020,5.269,28966580,Lower middle,84.1339,28.3009
Netherlands,NLD,2020,7.464,17636732,High,5.5541,52.1341
New Zealand,NZL,2020,7.277,5069895,High,170.6904,-43.8277
Nicaragua,NIC,2020,5.972,6565267,Lower middle,-85.0161,12.8936
Niger,NER,2020,5.074,23717615,Low,8.8686,17.0811
Nigeria,NGA,2020,4.759,213996185,Lower middle,8.1477,9.6103
North Macedonia,MKD,2020,5.101,1872021,Upper middle,21.71,41.594
Norway,NOR,2020,7.392,5379275,High,16.6703,64.9778
Pakistan,PAK,2020,4.934,235001745,Lower middle,69.0884,30.1162
Palestine,PSE,2020,4.517,5069692,Lower middle,35.2,31.9
Panama,PAN,2020,6.18,4293258,Upper middle,-80.1443,8.4395
Paraguay,PRY,2020,5.653,6603741,Upper middle,-58.3891,-23.4219
Peru,PER,2020,5.84,32838577,Upper middle,-74.1142,-8.5227
Philippines,PHL,2020,5.88,112081270,Lower middle,121.8221,15.5865
Poland,POL,2020,6.166,38171005,High,19.4357,52.0685
Portugal,PRT,2020,5.929,10370519,High,-7.9337,39.6753
Romania,ROU,2020,6.14,19392467,Upper middle,25.0942,45.8245
Russia,RUS,2020,5.477,146371295,Upper middle,98.6705,59.0394
Rwanda,RWA,2020,3.415,13065838,Low,29.9194,-2.0147
Saudi Arabia,SAU,2020,6.494,30991206,High,44.601,24.136
Senegal,SEN,2020,5.132,16789217,Lower middle,-14.6109,14.2289
Serbia,SRB,2020,6.078,6907814,Upper middle,20.8568,44.0268
Sierra Leone,SLE,2020,3.849,7912557,Low,-11.7866,8.5613
Singapore,SGP,2020,6.377,5620151,High,103.8,1.35
Slovakia,SVK,2020,6.331,5455028,High,19.581,48.6981
Slovenia,SVN,2020,6.461,2102421,High,14.8906,46.1376
South Africa,ZAF,2020,4.956,60562374,Upper middle,24.7525,-28.5536
South Korea,KOR,2020,5.845,51858481,High,127.7622,36.4024
Spain,ESP,2020,6.491,47679482,High,-16.538,28.2977
Sri Lanka,LKA,2020,4.325,22561808,Lower middle,80.6693,7.6966
Sweden,SWE,2020,7.363,10353682,High,17.0624,62.7342
Switzerland,CHE,2020,7.571,8640582,High,8.2869,46.7368
Taiwan,TWN,2020,6.584,23663461,High,121.0,23.7
Tajikistan,TJK,2020,5.466,9749312,Lower middle,70.9422,38.5693
Tanzania,TZA,2020,3.623,60972803,Lower middle,34.8183,-6.3558
Thailand,THA,2020,5.985,71641484,Upper middle,101.0868,13.6622
Togo,TGO,2020,4.107,7788058,Low,0.8991,8.6607
Tunisia,TUN,2020,4.596,11974058,Lower middle,9.6559,34.0864
Turkey,TUR,2020,4.948,86091691,Upper middle,35.5689,38.9321
Turkmenistan,TKM,2020,5.066,6949915,Upper middle,58.4577,39.0607
Uganda,UGA,2020,4.636,44457148,Low,32.3437,1.2822
Ukraine,UKR,2020,4.875,44680008,Lower middle,31.2738,48.6575
United Arab Emirates,ARE,2020,6.561,9448529,High,54.2792,24.1825
United Kingdom,GBR,2020,7.064,67351860,High,-2.8529,53.9784
United States,USA,2020,6.951,339436156,High,-96.3316,38.8208
Uruguay,URY,2020,6.431,3398966,High,-56.0192,-32.782
Uzbekistan,UZB,2020,6.179,33586373,Lower middle,63.8548,41.4879
Venezuela,VEN,2020,4.892,28444080,Upper middle,-66.3649,7.1483
Vietnam,VNM,2020,5.411,98079196,Lower middle,105.9134,16.5173
Yemen,YEM,2020,3.658,36134867,Low,47.4682,16.0014
Zambia,ZMB,2020,4.073,19059394,Lower middle,27.7552,-13.1628
Zimbabwe,ZWE,2020,3.145,15526887,Lower middle,29.7178,-18.927
Afghanistan,AFG,2021,2.404,40000410,Low,66.5922,34.134
Albania,ALB,2021,5.199,2849641,Upper middle,20.0611,41.1417
Algeria,DZA,2021,5.122,44761099,Lower middle,2.6558,28.351
Argentina,ARG,2021,5.967,45312282,Upper middle,-64.5324,-35.6973
Armenia,ARM,2021,5.399,2870339,Upper middle,45.0549,40.1784
Australia,AUS,2021,7.162,25956417,High,134.0228,-25.6973
Austria,AUT,2021,7.163,8967053,High,13.7978,47.6319
Azerbaijan,AZE,2021,5.173,10234372,Upper middle,48.6346,40.3921
Bahrain,BHR,2021,6.647,1501762,High,50.5407,26.048
Bangladesh,BGD,2021,5.155,167658855,Lower middle,90.4321,23.6737
Belarus,BLR,2021,5.821,9251368,Upper middle,27.9643,53.4679
Belgium,BEL,2021,6.805,11570843,High,4.675,50.6182
Benin,BEN,2021,4.623,13413423,Lower middle,2.3057,9.503
Bolivia,BOL,2021,5.6,11937369,Lower middle,-64.4521,-16.7312
Bosnia and Herzegovina,BIH,2021,5.768,3244912,Upper middle,17.8347,44.1442
Botswana,BWA,2021,3.471,2401448,Upper middle,23.8578,-22.2366
Brazil,BRA,2021,6.293,209550291,Upper middle,-54.3552,-11.5246
Bulgaria,BGR,2021,5.371,6877222,Upper middle,25.2517,42.8204
Burkina Faso,BFA,2021,4.67,21995249,Low,-1.6933,12.1087
Cambodia,KHM,2021,4.64,16974309,Lower middle,105.0397,12.6992
Cameroon,CMR,2021,5.048,26915765,Lower middle,12.9485,6.2942
Canada,CAN,2021,7.025,38454058,High,-98.4168,57.5505
Chad,TCD,2021,4.251,17828274,Low,18.4271,15.2835
Chile,CHL,2021,6.172,19456323,High,-70.7686,-37.8294
China,CHN,2021,5.585,1426437269,Upper middle,104.6911,38.0733
Colombia,COL,2021,5.781,51188174,Upper middle,-72.6445,4.1878
Comoros,COM,2021,4.609,818178,Lower middle,43.3483,-11.6589
Congo,COG,2021,5.075,5892187,Lower middle,14.8797,-0.7294
Costa Rica,CRI,2021,6.582,5059991,Upper middle,-84.1467,9.8635
Cote d'Ivoire,CIV,2021,5.235,29639737,Lower middle,-5.5717,7.5368
Croatia,HRV,2021,6.125,3924607,High,16.6258,44.9119
Cyprus,CYP,2021,6.221,1317311,High,33.3753,35.117
Czechia,CZE,2021,6.92,10530683,High,15.3833,49.7492
Denmark,DNK,2021,7.636,5856774,High,9.3787,56.0012
Dominican Republic,DOM,2021,5.737,11123480,Upper middle,-70.435,18.7795
Ecuador,ECU,2021,5.533,17682454,Upper middle,-78.463,-1.5643
Egypt,EGY,2021,4.288,110957005,Lower middle,30.2401,26.6052
El Salvador,SLV,2021,6.12,6255780,Lower middle,-88.8591,13.758
Estonia,EST,2021,6.341,1331750,High,25.9169,58.6481
Eswatini,SWZ,2021,4.396,1206598,Lower middle,31.5107,-26.5625
Ethiopia,ETH,2021,4.241,122138588,Low,39.9149,8.7294
Finland,FIN,2021,7.821,5541069,High,25.6574,65.0158
France,FRA,2021,6.687,66083547,High,2.194,46.6424
Gabon,GAB,2021,4.958,2376729,Upper middle,11.8394,-0.6284
Gambia,GMB,2021,5.164,2576015,Low,-15.3834,13.4286
Georgia,GEO,2021,4.973,3788450,Upper middle,43.3789,42.1799
Germany,DEU,2021,7.034,83697080,High,10.4262,51.083
Ghana,GHA,2021,4.872,32518662,Lower middle,-1.2192,7.9453
Greece,GRC,2021,5.948,10579561,High,23.1104,39.4201
Guatemala,GTM,2021,6.262,17598652,Upper middle,-90.3122,15.8209
Guinea,GIN,2021,4.891,13710515,Low,-10.9869,10.256
Honduras,HND,2021,6.022,10289881,Lower middle,-86.4925,14.7404
Hong Kong,HKG,2021,5.425,7484604,High,114.2,22.3
Hungary,HUN,2021,6.086,9707848,High,19.3962,47.2253
Iceland,ISL,2021,7.557,372647,High,-19.0568,65.1236
India,IND,2021,3.777,1414203896,Lower middle,81.173,23.5863
Indonesia,IDN,2021,5.24,276758056,Lower middle,113.9654,0.1559
Iran,IRN,2021,4.888,88455490,Lower middle,54.2371,32.906
Iraq,IRQ,2021,4.941,43071208,Upper middle,43.8325,33.1051
Ireland,IRL,2021,7.041,5028428,High,-8.2411,53.3049
Israel,ISR,2021,7.364,8942925,High,35.0279,31.5135
Italy,ITA,2021,6.467,59729353,High,12.7637,42.982
Jamaica,JAM,2021,5.85,2837680,Upper middle,-77.3036,18.1221
Japan,JPN,2021,6.039,125679342,High,137.4693,36.7674
Jordan,JOR,2021,4.152,11066356,Upper middle,36.9573,31.3871
Kazakhstan,KAZ,2021,6.234,19743607,Upper middle,66.3759,47.6415
Kenya,KEN,2021,4.543,53219167,Lower middle,37.9531,0.6899
Kuwait,KWT,2021,6.106,4360748,High,47.5631,29.2814
Kyrgyzstan,KGZ,2021,5.828,6820483,Lower middle,74.1753,41.357
Laos,LAO,2021,5.14,7453192,Lower middle,103.7638,18.1173
Latvia,LVA,2021,6.18,1885593,High,24.6937,56.8139
Lebanon,LBN,2021,2.955,5718129,Lower middle,35.8965,33.9116
Lesotho,LSO,2021,3.512,2261549,Lower middle,28.2448,-29.6017
Liberia,LBR,2021,5.122,5259327,Low,-9.259,6.5201
Libya,LBY,2021,5.33,7135179,Upper middle,17.9113,27.2029
Lithuania,LTU,2021,6.446,2794490,High,23.946,55.2944
Luxembourg,LUX,2021,7.404,640276,High,6.1032,49.7752
Madagascar,MDG,2021,4.339,29691087,Low,46.6849,-19.0416
Malawi,MWI,2021,3.75,20047264,Low,34.2344,-13.129
Malaysia,MYS,2021,5.711,34282404,Upper middle,114.6333,3.6717
Mali,MLI,2021,4.479,22388637,Low,-4.3464,17.1681
Malta,MLT,2021,6.447,524383,High,14.4419,35.8905
Mauritania,MRT,2021,4.153,4734874,Lower middle,-10.4951,20.4667
Mauritius,MUS,2021,6.071,1279628,Upper middle,57.5642,-20.2814
Mexico,MEX,2021,6.128,127648151,Upper middle,-101.554,23.8744
Moldova,MDA,2021,5.857,3023780,Upper middle,28.3911,47.0726
Mongolia,MNG,2021,5.761,3339676,Lower middle,103.3987,47.0864
Montenegro,MNE,2021,5.547,603854,Upper middle,19.2951,42.7369
Morocco,MAR,2021,5.06,36954443,Lower middle,-8.8172,28.6876
Mozambique,MOZ,2021,5.048,31707798,Low,35.2086,-17.5252
Myanmar,MMR,2021,4.394,53387103,Lower middle,97.0889,19.9012
Namibia,NAM,2021,4.459,2810552,Upper middle,18.1645,-21.9086
Nepal,NPL,2021,5.377,29475016,Lower middle,84.1339,28.3009
Netherlands,NLD,2021,7.415,17730565,High,5.5541,52.1341
New Zealand,NZL,2021,7.2,5107694,High,170.6904,-43.8277
Nicaragua,NIC,2021,6.165,6644745,Lower middle,-85.0161,12.8936
Niger,NER,2021,5.003,24502145,Low,8.8686,17.0811
Nigeria,NGA,2021,4.552,218529286,Lower middle,8.1477,9.6103
North Macedonia,MKD,2021,5.199,1851109,Upper middle,21.71,41.594
Norway,NOR,2021,7.365,5408082,High,16.6703,64.9778
Pakistan,PAK,2021,4.516,239477805,Lower middle,69.0884,30.1162
Palestine,PSE,2021,4.483,5185341,Lower middle,35.2,31.9
Panama,PAN,2021,6.309,4345410,High,-80.1443,8.4395
Paraguay,PRY,2021,5.578,6684184,Upper middle,-58.3891,-23.4219
Peru,PER,2021,5.559,33155883,Upper middle,-74.1142,-8.5227
Philippines,PHL,2021,5.904,113100947,Lower middle,121.8221,15.5865
Poland,POL,2021,6.123,38040303,High,19.4357,52.0685
Portugal,PRT,2021,6.016,10390957,High,-7.9337,39.6753
Romania,ROU,2021,6.477,19248159,High,25.0942,45.8245
Russia,RUS,2021,5.459,145836172,Upper middle,98.6705,59.0394
Rwanda,RWA,2021,3.268,13355260,Low,29.9194,-2.0147
Saudi Arabia,SAU,2021,6.523,31328374,High,44.601,24.136
Senegal,SEN,2021,5.046,17220866,Lower middle,-14.6109,14.2289
Serbia,SRB,2021,6.178,6835429,Upper middle,20.8568,44.0268
Sierra Leone,SLE,2021,3.574,8094603,Low,-11.7866,8.5613
Singapore,SGP,2021,6.48,5546291,High,103.8,1.35
Slovakia,SVK,2021,6.391,5442766,High,19.581,48.6981
Slovenia,SVN,2021,6.63,2113495,High,14.8906,46.1376
South Africa,ZAF,2021,5.194,61502602,Upper middle,24.7525,-28.5536
South Korea,KOR,2021,5.935,51848401,High,127.7622,36.4024
Spain,ESP,2021,6.476,47735670,High,-16.538,28.2977
Sri Lanka,LKA,2021,4.362,22700377,Lower middle,80.6693,7.6966
Sweden,SWE,2021,7.384,10416134,High,17.0624,62.7342
Switzerland,CHE,2021,7.512,8707019,High,8.2869,46.7368
Taiwan,TWN,2021,6.512,23558330,High,121.0,23.7
Tajikistan,TJK,2021,5.377,9966912,Lower middle,70.9422,38.5693
Tanzania,TZA,2021,3.702,62830410,Lower middle,34.8183,-6.3558
Thailand,THA,2021,5.891,71727338,Upper middle,101.0868,13.6622
Togo,TGO,2021,4.112,7936185,Low,0.8991,8.6607
Tunisia,TUN,2021,4.516,12048625,Lower middle,9.6559,34.0864
Turkey,TUR,2021,4.744,86686254,Upper middle,35.5689,38.9321
Turkmenistan,TKM,2021,5.474,7092042,Upper middle,58.4577,39.0607
Uganda,UGA,2021,4.603,45910931,Low,32.3437,1.2822
Ukraine,UKR,2021,5.084,44298642,Lower middle,31.2738,48.6575
United Arab Emirates,ARE,2021,6.576,9789055,High,54.2792,24.1825
United Kingdom,GBR,2021,6.943,67668788,High,-2.8529,53.9784
United States,USA,2021,6.977,340161438,High,-96.3316,38.8208
Uruguay,URY,2021,6.474,3396693,High,-56.0192,-32.782
Uzbekistan,UZB,2021,6.063,34243696,Lower middle,63.8548,41.4879
Venezuela,VEN,2021,4.925,28237830,Upper middle,-66.3649,7.1483
Vietnam,VNM,2021,5.485,98935101,Lower middle,105.9134,16.5173
Yemen,YEM,2021,4.197,37140234,Low,47.4682,16.0014
Zambia,ZMB,2021,3.76,19603610,Low,27.7552,-13.1628
Zimbabwe,ZWE,2021,2.995,15797220,Lower middle,29.7178,-18.927
Afghanistan,AFG,2022,1.859,40578847,Low,66.5922,34.134
Albania,ALB,2022,5.277,2827614,Upper middle,20.0611,41.1417
Algeria,DZA,2022,5.329,45477391,Lower middle,2.6558,28.351
Argentina,ARG,2022,6.024,45407904,Upper middle,-64.5324,-35.6973
Armenia,ARM,2022,5.342,2880880,Upper middle,45.0549,40.1784
Australia,AUS,2022,7.095,26200987,High,134.0228,-25.6973
Austria,AUT,2022,7.097,9064678,High,13.7978,47.6319
Bahrain,BHR,2022,6.173,1533460,High,50.5407,26.048
Bangladesh,BGD,2022,4.282,169384891,Lower middle,90.4321,23.6737
Belgium,BEL,2022,6.859,11641814,High,4.675,50.6182
Benin,BEN,2022,4.374,13759507,Lower middle,2.3057,9.503
Bolivia,BOL,2022,5.684,12077156,Lower middle,-64.4521,-16.7312
Bosnia and Herzegovina,BIH,2022,5.633,3204802,Upper middle,17.8347,44.1442
Botswana,BWA,2022,3.435,2439895,Upper middle,23.8578,-22.2366
Brazil,BRA,2022,6.125,210306411,Upper middle,-54.3552,-11.5246
Bulgaria,BGR,2022,5.466,6825862,Upper middle,25.2517,42.8204
Burkina Faso,BFA,2022,4.638,22509038,Low,-1.6933,12.1087
Cambodia,KHM,2022,4.393,17201721,Lower middle,105.0397,12.6992
Cameroon,CMR,2022,4.973,27632770,Lower middle,12.9485,6.2942
Canada,CAN,2022,6.961,38821259,High,-98.4168,57.5505
Chad,TCD,2022,4.397,18455319,Low,18.4271,15.2835
Chile,CHL,2022,6.334,19553033,High,-70.7686,-37.8294
China,CHN,2022,5.818,1425179562,Upper middle,104.6911,38.0733
Colombia,COL,2022,5.63,51737944,Upper middle,-72.6445,4.1878
Comoros,COM,2022,3.545,834191,Lower middle,43.3483,-11.6589
Congo,COG,2022,5.267,6035104,Lower middle,14.8797,-0.7294
Costa Rica,CRI,2022,6.609,5081764,Upper middle,-84.1467,9.8635
Cote d'Ivoire,CIV,2022,5.053,30395004,Lower middle,-5.5717,7.5368
Croatia,HRV,2022,6.125,3907031,High,16.6258,44.9119
Cyprus,CYP,2022,6.13,1331376,High,33.3753,35.117
Czechia,CZE,2022,6.845,10673216,High,15.3833,49.7492
Democratic Republic of Congo,COD,2022,3.207,102396974,Low,23.4198,-3.3386
Denmark,DNK,2022,7.586,5902901,High,9.3787,56.0012
Dominican Republic,DOM,2022,5.569,11230734,Upper middle,-70.435,18.7795
Ecuador,ECU,2022,5.559,17823900,Upper middle,-78.463,-1.5643
Egypt,EGY,2022,4.17,112618252,Lower middle,30.2401,26.6052
El Salvador,SLV,2022,6.122,6280316,Upper middle,-88.8591,13.758
Estonia,EST,2022,6.455,1350093,High,25.9169,58.6481
Ethiopia,ETH,2022,4.091,125384285,Low,39.9149,8.7294
Finland,FIN,2022,7.804,5569300,High,25.6574,65.0158
France,FRA,2022,6.661,66277412,High,2.194,46.6424
Gabon,GAB,2022,5.035,2430750,Upper middle,11.8394,-0.6284
Gambia,GMB,2022,4.279,2636472,Low,-15.3834,13.4286
Georgia,GEO,2022,5.109,3794782,Upper middle,43.3789,42.1799
Germany,DEU,2022,6.892,84086227,High,10.4262,51.083
Ghana,GHA,2022,4.605,33149152,Lower middle,-1.2192,7.9453
Greece,GRC,2022,5.931,10412481,High,23.1104,39.4201
Guatemala,GTM,2022,6.15,17847877,Upper middle,-90.3122,15.8209
Guinea,GIN,2022,5.072,14055136,Lower middle,-10.9869,10.256
Honduras,HND,2022,6.023,10463880,Lower middle,-86.4925,14.7404
Hong Kong,HKG,2022,5.308,7465913,High,114.2,22.3
Hungary,HUN,2022,6.041,9684308,High,19.3962,47.2253
Iceland,ISL,2022,7.53,380368,High,-19.0568,65.1236
India,IND,2022,4.036,1425423209,Lower middle,81.173,23.5863
Indonesia,IDN,2022,5.277,278830527,Upper middle,113.9654,0.1559
Iran,IRN,2022,4.876,89524247,Lower middle,54.2371,32.906
Iraq,IRQ,2022,4.941,44070556,Upper middle,43.8325,33.1051
Ireland,IRL,2022,6.911,5110015,High,-8.2411,53.3049
Israel,ISR,2022,7.473,9103143,High,35.0279,31.5135
Italy,ITA,2022,6.405,59619106,High,12.7637,42.982
Jamaica,JAM,2022,5.703,2839150,Upper middle,-77.3036,18.1221
Japan,JPN,2022,6.129,124997585,High,137.4693,36.7674
Jordan,JOR,2022,4.12,11256269,Lower middle,36.9573,31.3871
Kazakhstan,KAZ,2022,6.144,20034612,Upper middle,66.3759,47.6415
Kenya,KEN,2022,4.487,54252458,Lower middle,37.9531,0.6899
Kyrgyzstan,KGZ,2022,5.825,6955792,Lower middle,74.1753,41.357
Laos,LAO,2022,5.111,7559008,Lower middle,103.7638,18.1173
Latvia,LVA,2022,6.213,1881059,High,24.6937,56.8139
Lebanon,LBN,2022,2.392,5744492,Lower middle,35.8965,33.9116
Liberia,LBR,2022,4.042,5373297,Low,-9.259,6.5201
Lithuania,LTU,2022,6.763,2816923,High,23.946,55.2944
Luxembourg,LUX,2022,7.228,653315,High,6.1032,49.7752
Madagascar,MDG,2022,4.019,30437261,Low,46.6849,-19.0416
Malawi,MWI,2022,3.495,20568731,Low,34.2344,-13.129
Malaysia,MYS,2022,6.012,34695494,Upper middle,114.6333,3.6717
Mali,MLI,2022,4.198,23072641,Low,-4.3464,17.1681
Malta,MLT,2022,6.3,528194,High,14.4419,35.8905
Mauritania,MRT,2022,4.724,4875644,Lower middle,-10.4951,20.4667
Mauritius,MUS,2022,5.902,1276134,Upper middle,57.5642,-20.2814
Mexico,MEX,2022,6.33,128613116,Upper middle,-101.554,23.8744
Moldova,MDA,2022,5.819,3039986,Upper middle,28.3911,47.0726
Mongolia,MNG,2022,5.84,3386015,Lower middle,103.3987,47.0864
Montenegro,MNE,2022,5.722,614649,Upper middle,19.2951,42.7369
Morocco,MAR,2022,4.903,37329068,Lower middle,-8.8172,28.6876
Mozambique,MOZ,2022,4.954,32656242,Low,35.2086,-17.5252
Myanmar,MMR,2022,4.372,53756791,Lower middle,97.0889,19.9012
Namibia,NAM,2022,4.631,2889668,Upper middle,18.1645,-21.9086
Nepal,NPL,2022,5.36,29715435,Lower middle,84.1339,28.3009
Netherlands,NLD,2022,7.403,17904421,High,5.5541,52.1341
New Zealand,NZL,2022,7.123,5131731,High,170.6904,-43.8277
Nicaragua,NIC,2022,6.259,6730662,Lower middle,-85.0161,12.8936
Niger,NER,2022,4.501,25311978,Low,8.8686,17.0811
Nigeria,NGA,2022,4.981,223150906,Lower middle,8.1477,9.6103
North Macedonia,MKD,2022,5.254,1840236,Upper middle,21.71,41.594
Norway,NOR,2022,7.315,5456796,High,16.6703,64.9778
Pakistan,PAK,2022,4.555,243700667,Lower middle,69.0884,30.1162
Palestine,PSE,2022,4.908,5305274,Upper middle,35.2,31.9
Panama,PAN,2022,6.265,4400775,High,-80.1443,8.4395
Paraguay,PRY,2022,5.738,6760460,Upper middle,-58.3891,-23.4219
Peru,PER,2022,5.526,33475436,Upper middle,-74.1142,-8.5227
Philippines,PHL,2022,5.523,113964343,Lower middle,121.8221,15.5865
Poland,POL,2022,6.26,38385734,High,19.4357,52.0685
Portugal,PRT,2022,5.968,10417074,High,-7.9337,39.6753
Romania,ROU,2022,6.589,19166776,High,25.0942,45.8245
Russia,RUS,2022,5.661,145579889,Upper middle,98.6705,59.0394
Saudi Arabia,SAU,2022,6.463,32175351,High,44.601,24.136
Senegal,SEN,2022,4.855,17651099,Lower middle,-14.6109,14.2289
Serbia,SRB,2022,6.144,6791215,Upper middle,20.8568,44.0268
Sierra Leone,SLE,2022,3.138,8276809,Low,-11.7866,8.5613
Singapore,SGP,2022,6.587,5649888,High,103.8,1.35
Slovakia,SVK,2022,6.469,5473195,High,19.581,48.6981
Slovenia,SVN,2022,6.65,2115231,High,14.8906,46.1376
South Africa,ZAF,2022,5.275,62378417,Upper middle,24.7525,-28.5536
South Korea,KOR,2022,5.951,51782515,High,127.7622,36.4024
Spain,ESP,2022,6.436,47828386,High,-16.538,28.2977
Sri Lanka,LKA,2022,4.442,22834965,Lower middle,80.6693,7.6966
Sweden,SWE,2022,7.395,10487335,High,17.0624,62.7342
Switzerland,CHE,2022,7.24,8792180,High,8.2869,46.7368
Taiwan,TWN,2022,6.535,23420107,High,121.0,23.7
Tajikistan,TJK,2022,5.33,10182228,Lower middle,70.9422,38.5693
Tanzania,TZA,2022,3.694,64711822,Lower middle,34.8183,-6.3558
Thailand,THA,2022,5.843,71735321,Upper middle,101.0868,13.6622
Togo,TGO,2022,4.137,8068616,Low,0.8991,8.6607
Tunisia,TUN,2022,4.497,12119338,Lower middle,9.6559,34.0864
Turkey,TUR,2022,4.614,87058469,Upper middle,35.5689,38.9321
Uganda,UGA,2022,4.432,47312718,Low,32.3437,1.2822
Ukraine,UKR,2022,5.071,41048768,Lower middle,31.2738,48.6575
United Arab Emirates,ARE,2022,6.571,10242085,High,54.2792,24.1825
United Kingdom,GBR,2022,6.796,68179315,High,-2.8529,53.9784
United States,USA,2022,6.894,341534041,High,-96.3316,38.8208
Uruguay,URY,2022,6.494,3390913,High,-56.0192,-32.782
Uzbekistan,UZB,2022,6.014,34938953,Lower middle,63.8548,41.4879
Venezuela,VEN,2022,5.211,28213015,Upper middle,-66.3649,7.1483
Vietnam,VNM,2022,5.763,99680656,Lower middle,105.9134,16.5173
Zambia,ZMB,2022,3.982,20152935,Lower middle,27.7552,-13.1628
Zimbabwe,ZWE,2022,3.204,16069061,Lower middle,29.7178,-18.927
Afghanistan,AFG,2023,1.721,41454762,Low,66.5922,34.134
Albania,ALB,2023,5.304,2811660,Upper middle,20.0611,41.1417
Algeria,DZA,2023,5.364,46164222,Upper middle,2.6558,28.351
Argentina,ARG,2023,6.188,45538402,Upper middle,-64.5324,-35.6973
Armenia,ARM,2023,5.455,2943398,Upper middle,45.0549,40.1784
Australia,AUS,2023,7.057,26451126,High,134.0228,-25.6973
Austria,AUT,2023,6.905,9130434,High,13.7978,47.6319
Azerbaijan,AZE,2023,4.893,10318209,Upper middle,48.6346,40.3921
Bahrain,BHR,2023,5.959,1569674,High,50.5407,26.048
Bangladesh,BGD,2023,3.886,171466986,Lower middle,90.4321,23.6737
Belgium,BEL,2023,6.894,11712891,High,4.675,50.6182
Benin,BEN,2023,4.377,14111035,Lower middle,2.3057,9.503
Bolivia,BOL,2023,5.784,12244161,Lower middle,-64.4521,-16.7312
Bosnia and Herzegovina,BIH,2023,5.877,3185072,Upper middle,17.8347,44.1442
Botswana,BWA,2023,3.383,2480242,Upper middle,23.8578,-22.2366
Brazil,BRA,2023,6.272,211140731,Upper middle,-54.3552,-11.5246
Bulgaria,BGR,2023,5.463,6795805,High,25.2517,42.8204
Burkina Faso,BFA,2023,4.548,23025777,Low,-1.6933,12.1087
Cambodia,KHM,2023,4.341,17423884,Lower middle,105.0397,12.6992
Cameroon,CMR,2023,4.874,28372690,Lower middle,12.9485,6.2942
Canada,CAN,2023,6.9,39299098,High,-98.4168,57.5505
Chad,TCD,2023,4.471,19319075,Low,18.4271,15.2835
Chile,CHL,2023,6.36,19658833,High,-70.7686,-37.8294
China,CHN,2023,5.973,1422584930,Upper middle,104.6911,38.0733
Colombia,COL,2023,5.695,52321152,Upper middle,-72.6445,4.1878
Comoros,COM,2023,3.566,850390,Lower middle,43.3483,-11.6589
Congo,COG,2023,5.221,6182890,Lower middle,14.8797,-0.7294
Costa Rica,CRI,2023,6.955,5105526,Upper middle,-84.1467,9.8635
Cote d'Ivoire,CIV,2023,5.08,31165653,Lower middle,-5.5717,7.5368
Croatia,HRV,2023,5.942,3896023,High,16.6258,44.9119
Cyprus,CYP,2023,6.068,1344981,High,33.3753,35.117
Czechia,CZE,2023,6.822,10809722,High,15.3833,49.7492
Democratic Republic of Congo,COD,2023,3.295,105789733,Low,23.4198,-3.3386
Denmark,DNK,2023,7.583,5948134,High,9.3787,56.0012
Dominican Republic,DOM,2023,5.823,11331269,Upper middle,-70.435,18.7795
Ecuador,ECU,2023,5.725,17980079,Upper middle,-78.463,-1.5643
Egypt,EGY,2023,3.977,114535772,Lower middle,30.2401,26.6052
El Salvador,SLV,2023,6.469,6309629,Upper middle,-88.8591,13.758
Estonia,EST,2023,6.448,1367195,High,25.9169,58.6481
Eswatini,SWZ,2023,3.502,1230507,Lower middle,31.5107,-26.5625
Ethiopia,ETH,2023,3.861,128691695,Low,39.9149,8.7294
Finland,FIN,2023,7.741,5601185,High,25.6574,65.0158
France,FRA,2023,6.609,66438828,High,2.194,46.6424
Gabon,GAB,2023,5.106,2484790,Upper middle,11.8394,-0.6284
Gambia,GMB,2023,4.485,2697846,Low,-15.3834,13.4286
Georgia,GEO,2023,5.185,3807494,Upper middle,43.3789,42.1799
Germany,DEU,2023,6.719,84548233,High,10.4262,51.083
Ghana,GHA,2023,4.289,33787916,Lower middle,-1.2192,7.9453
Greece,GRC,2023,5.934,10242910,High,23.1104,39.4201
Guatemala,GTM,2023,6.287,18124841,Upper middle,-90.3122,15.8209
Guinea,GIN,2023,5.023,14405469,Lower middle,-10.9869,10.256
Honduras,HND,2023,5.968,10644853,Lower middle,-86.4925,14.7404
Hong Kong,HKG,2023,5.316,7442738,High,114.2,22.3
Hungary,HUN,2023,6.017,9686465,High,19.3962,47.2253
Iceland,ISL,2023,7.525,387559,High,-19.0568,65.1236
India,IND,2023,4.054,1438069597,Lower middle,81.173,23.5863
Indonesia,IDN,2023,5.568,281190068,Upper middle,113.9654,0.1559
Iran,IRN,2023,4.923,90608708,Upper middle,54.2371,32.906
Iraq,IRQ,2023,5.166,45074055,Upper middle,43.8325,33.1051
Ireland,IRL,2023,6.838,5196629,High,-8.2411,53.3049
Israel,ISR,2023,7.341,9256311,High,35.0279,31.5135
Italy,ITA,2023,6.324,59499452,High,12.7637,42.982
Jamaica,JAM,2023,5.842,2839785,Upper middle,-77.3036,18.1221
Japan,JPN,2023,6.06,124370947,High,137.4693,36.7674
Jordan,JOR,2023,4.186,11439220,Lower middle,36.9573,31.3871
Kazakhstan,KAZ,2023,6.188,20330109,Upper middle,66.3759,47.6415
Kenya,KEN,2023,4.47,55339007,Lower middle,37.9531,0.6899
Kuwait,KWT,2023,6.951,4838781,High,47.5631,29.2814
Kyrgyzstan,KGZ,2023,5.714,7073523,Lower middle,74.1753,41.357
Laos,LAO,2023,5.139,7665001,Lower middle,103.7638,18.1173
Latvia,LVA,2023,6.234,1882399,High,24.6937,56.8139
Lebanon,LBN,2023,2.707,5773494,Lower middle,35.8965,33.9116
Lesotho,LSO,2023,3.186,2311476,Lower middle,28.2448,-29.6017
Liberia,LBR,2023,4.269,5493035,Low,-9.259,6.5201
Libya,LBY,2023,5.866,7305659,Upper middle,17.9113,27.2029
Lithuania,LTU,2023,6.818,2854104,High,23.946,55.2944
Luxembourg,LUX,2023,7.122,665101,High,6.1032,49.7752
Madagascar,MDG,2023,4.228,31195937,Low,46.6849,-19.0416
Malawi,MWI,2023,3.421,21104480,Low,34.2344,-13.129
Malaysia,MYS,2023,5.975,35126295,Upper middle,114.6333,3.6717
Mali,MLI,2023,4.232,23769130,Low,-4.3464,17.1681
Malta,MLT,2023,6.346,532964,High,14.4419,35.8905
Mauritania,MRT,2023,4.505,5022442,Lower middle,-10.4951,20.4667
Mauritius,MUS,2023,5.816,1273591,Upper middle,57.5642,-20.2814
Mexico,MEX,2023,6.678,129739761,Upper middle,-101.554,23.8744
Moldova,MDA,2023,5.816,3067072,Upper middle,28.3911,47.0726
Mongolia,MNG,2023,5.696,3431938,Upper middle,103.3987,47.0864
Montenegro,MNE,2023,5.707,633553,Upper middle,19.2951,42.7369
Morocco,MAR,2023,4.795,37712516,Lower middle,-8.8172,28.6876
Mozambique,MOZ,2023,5.216,33635163,Low,35.2086,-17.5252
Myanmar,MMR,2023,4.354,54133800,Lower middle,97.0889,19.9012
Namibia,NAM,2023,4.832,2963102,Upper middle,18.1645,-21.9086
Nepal,NPL,2023,5.158,29694614,Lower middle,84.1339,28.3009
Netherlands,NLD,2023,7.319,18092526,High,5.5541,52.1341
New Zealand,NZL,2023,7.029,5172837,High,170.6904,-43.8277
Nicaragua,NIC,2023,6.284,6823619,Lower middle,-85.0161,12.8936
Niger,NER,2023,4.556,26159863,Low,8.8686,17.0811
Nigeria,NGA,2023,4.881,227882949,Lower middle,8.1477,9.6103
North Macedonia,MKD,2023,5.369,1831800,Upper middle,21.71,41.594
Norway,NOR,2023,7.302,5519167,High,16.6703,64.9778
Pakistan,PAK,2023,4.657,247504505,Lower middle,69.0884,30.1162
Palestine,PSE,2023,4.879,5409201,Lower middle,35.2,31.9
Panama,PAN,2023,6.358,4458758,High,-80.1443,8.4395
Paraguay,PRY,2023,5.977,6844150,Upper middle,-58.3891,-23.4219
Peru,PER,2023,5.841,33845616,Upper middle,-74.1142,-8.5227
Philippines,PHL,2023,6.048,114891199,Lower middle,121.8221,15.5865
Poland,POL,2023,6.442,38762847,High,19.4357,52.0685
Portugal,PRT,2023,6.03,10430735,High,-7.9337,39.6753
Romania,ROU,2023,6.491,19118482,High,25.0942,45.8245
Russia,RUS,2023,5.785,145440502,High,98.6705,59.0394
Saudi Arabia,SAU,2023,6.594,33264289,High,44.601,24.136
Senegal,SEN,2023,4.969,18077573,Lower middle,-14.6109,14.2289
Serbia,SRB,2023,6.411,6773204,Upper middle,20.8568,44.0268
Sierra Leone,SLE,2023,3.245,8460523,Low,-11.7866,8.5613
Singapore,SGP,2023,6.523,5789092,High,103.8,1.35
Slovakia,SVK,2023,6.257,5518057,High,19.581,48.6981
Slovenia,SVN,2023,6.743,2118394,High,14.8906,46.1376
South Africa,ZAF,2023,5.422,63212386,Upper middle,24.7525,-28.5536
South Korea,KOR,2023,6.058,51748744,High,127.7622,36.4024
Spain,ESP,2023,6.421,47911583,High,-16.538,28.2977
Sri Lanka,LKA,2023,3.898,22971615,Lower middle,80.6693,7.6966
Sweden,SWE,2023,7.344,10551493,High,17.0624,62.7342
Switzerland,CHE,2023,7.06,8870564,High,8.2869,46.7368
Taiwan,TWN,2023,6.503,23317145,High,121.0,23.7
Tajikistan,TJK,2023,5.281,10389807,Lower middle,70.9422,38.5693
Tanzania,TZA,2023,3.781,66617607,Lower middle,34.8183,-6.3558
Thailand,THA,2023,5.976,71702436,Upper middle,101.0868,13.6622
Togo,TGO,2023,4.214,8223853,Low,0.8991,8.6607
Tunisia,TUN,2023,4.422,12200434,Lower middle,9.6559,34.0864
Turkey,TUR,2023,4.975,87270502,Upper middle,35.5689,38.9321
Uganda,UGA,2023,4.372,48656606,Low,32.3437,1.2822
Ukraine,UKR,2023,4.873,37732833,Upper middle,31.2738,48.6575
United Arab Emirates,ARE,2023,6.733,10642089,High,54.2792,24.1825
United Kingdom,GBR,2023,6.749,68682965,High,-2.8529,53.9784
United States,USA,2023,6.725,343477330,High,-96.3316,38.8208
Uruguay,URY,2023,6.611,3388083,High,-56.0192,-32.782
Uzbekistan,UZB,2023,6.195,35652311,Lower middle,63.8548,41.4879
Venezuela,VEN,2023,5.607,28300861,Lower middle,-66.3649,7.1483
Vietnam,VNM,2023,6.043,100352189,Lower middle,105.9134,16.5173
Yemen,YEM,2023,3.561,39390800,Low,47.4682,16.0014
Zambia,ZMB,2023,3.502,20723967,Lower middle,27.7552,-13.1628
Zimbabwe,ZWE,2023,3.341,16340829,Lower middle,29.7178,-18.927
Afghanistan,AFG,2024,1.364,41454762,Low,66.5922,34.134
Albania,ALB,2024,5.411,2811660,Upper middle,20.0611,41.1417
Algeria,DZA,2024,5.571,46164222,Upper middle,2.6558,28.351
Argentina,ARG,2024,6.397,45538402,Upper middle,-64.5324,-35.6973
Armenia,ARM,2024,5.494,2943398,Upper middle,45.0549,40.1784
Australia,AUS,2024,6.974,26451126,High,134.0228,-25.6973
Austria,AUT,2024,6.81,9130434,High,13.7978,47.6319
Azerbaijan,AZE,2024,4.875,10318209,Upper middle,48.6346,40.3921
Bahrain,BHR,2024,6.03,1569674,High,50.5407,26.048
Bangladesh,BGD,2024,3.851,171466986,Lower middle,90.4321,23.6737
Belgium,BEL,2024,6.91,11712891,High,4.675,50.6182
Belize,BLZ,2024,6.711,411112,Upper middle,-88.6827,17.2425
Benin,BEN,2024,4.357,14111035,Lower middle,2.3057,9.503
Bolivia,BOL,2024,5.868,12244161,Lower middle,-64.4521,-16.7312
Bosnia and Herzegovina,BIH,2024,6.136,3185072,Upper middle,17.8347,44.1442
Botswana,BWA,2024,3.438,2480242,Upper middle,23.8578,-22.2366
Brazil,BRA,2024,6.494,211140731,Upper middle,-54.3552,-11.5246
Bulgaria,BGR,2024,5.554,6795805,High,25.2517,42.8204
Burkina Faso,BFA,2024,4.383,23025777,Low,-1.6933,12.1087
Cambodia,KHM,2024,4.341,17423884,Lower middle,105.0397,12.6992
Cameroon,CMR,2024,4.887,28372690,Lower middle,12.9485,6.2942
Canada,CAN,2024,6.803,39299098,High,-98.4168,57.5505
Chad,TCD,2024,4.384,19319075,Low,18.4271,15.2835
Chile,CHL,2024,6.361,19658833,High,-70.7686,-37.8294
China,CHN,2024,5.921,1422584930,Upper middle,104.6911,38.0733
Colombia,COL,2024,6.004,52321152,Upper middle,-72.6445,4.1878
Comoros,COM,2024,3.754,850390,Lower middle,43.3483,-11.6589
Congo,COG,2024,5.03,6182890,Lower middle,14.8797,-0.7294
Costa Rica,CRI,2024,7.274,5105526,High,-84.1467,9.8635
Cote d'Ivoire,CIV,2024,5.102,31165653,Lower middle,-5.5717,7.5368
Croatia,HRV,2024,5.87,3896023,High,16.6258,44.9119
Cyprus,CYP,2024,5.942,1344981,High,33.3753,35.117
Czechia,CZE,2024,6.775,10809722,High,15.3833,49.7492
Democratic Republic of Congo,COD,2024,3.469,105789733,Low,23.4198,-3.3386
Denmark,DNK,2024,7.521,5948134,High,9.3787,56.0012
Dominican Republic,DOM,2024,5.846,11331269,Upper middle,-70.435,18.7795
Ecuador,ECU,2024,5.965,17980079,Upper middle,-78.463,-1.5643
Egypt,EGY,2024,3.817,114535772,Lower middle,30.2401,26.6052
El Salvador,SLV,2024,6.492,6309629,Upper middle,-88.8591,13.758
Estonia,EST,2024,6.417,1367195,High,25.9169,58.6481
Eswatini,SWZ,2024,3.774,1230507,Lower middle,31.5107,-26.5625
Ethiopia,ETH,2024,3.898,128691695,Low,39.9149,8.7294
Finland,FIN,2024,7.736,5601185,High,25.6574,65.0158
France,FRA,2024,6.593,66438828,High,2.194,46.6424
Gabon,GAB,2024,5.12,2484790,Upper middle,11.8394,-0.6284
Gambia,GMB,2024,4.423,2697846,Low,-15.3834,13.4286
Georgia,GEO,2024,5.4,3807494,Upper middle,43.3789,42.1799
Germany,DEU,2024,6.753,84548233,High,10.4262,51.083
Ghana,GHA,2024,4.34,33787916,Lower middle,-1.2192,7.9453
Greece,GRC,2024,5.776,10242910,High,23.1104,39.4201
Guatemala,GTM,2024,6.362,18124841,Upper middle,-90.3122,15.8209
Guinea,GIN,2024,4.929,14405469,Lower middle,-10.9869,10.256
Honduras,HND,2024,5.964,10644853,Lower middle,-86.4925,14.7404
Hong Kong,HKG,2024,5.491,7442738,High,114.2,22.3
Hungary,HUN,2024,5.915,9686465,High,19.3962,47.2253
Iceland,ISL,2024,7.515,387559,High,-19.0568,65.1236
India,IND,2024,4.389,1438069597,Lower middle,81.173,23.5863
Indonesia,IDN,2024,5.617,281190068,Upper middle,113.9654,0.1559
Iran,IRN,2024,5.093,90608708,Upper middle,54.2371,32.906
Iraq,IRQ,2024,4.976,45074055,Upper middle,43.8325,33.1051
Ireland,IRL,2024,6.889,5196629,High,-8.2411,53.3049
Israel,ISR,2024,7.234,9256311,High,35.0279,31.5135
Italy,ITA,2024,6.415,59499452,High,12.7637,42.982
Jamaica,JAM,2024,5.87,2839785,Upper middle,-77.3036,18.1221
Japan,JPN,2024,6.147,124370947,High,137.4693,36.7674
Jordan,JOR,2024,4.31,11439220,Lower middle,36.9573,31.3871
Kazakhstan,KAZ,2024,6.378,20330109,Upper middle,66.3759,47.6415
Kenya,KEN,2024,4.51,55339007,Lower middle,37.9531,0.6899
Kuwait,KWT,2024,6.629,4838781,High,47.5631,29.2814
Kyrgyzstan,KGZ,2024,5.858,7073523,Lower middle,74.1753,41.357
Laos,LAO,2024,5.301,7665001,Lower middle,103.7638,18.1173
Latvia,LVA,2024,6.207,1882399,High,24.6937,56.8139
Lebanon,LBN,2024,3.188,5773494,Lower middle,35.8965,33.9116
Lesotho,LSO,2024,3.757,2311476,Lower middle,28.2448,-29.6017
Liberia,LBR,2024,4.277,5493035,Low,-9.259,6.5201
Libya,LBY,2024,5.82,7305659,Upper middle,17.9113,27.2029
Lithuania,LTU,2024,6.829,2854104,High,23.946,55.2944
Luxembourg,LUX,2024,7.122,665101,High,6.1032,49.7752
Madagascar,MDG,2024,4.157,31195937,Low,46.6849,-19.0416
Malawi,MWI,2024,3.26,21104480,Low,34.2344,-13.129
Malaysia,MYS,2024,5.955,35126295,Upper middle,114.6333,3.6717
Mali,MLI,2024,4.345,23769130,Low,-4.3464,17.1681
Malta,MLT,2024,6.316,532964,High,14.4419,35.8905
Mauritania,MRT,2024,4.542,5022442,Lower middle,-10.4951,20.4667
Mauritius,MUS,2024,5.832,1273591,Upper middle,57.5642,-20.2814
Mexico,MEX,2024,6.979,129739761,Upper middle,-101.554,23.8744
Moldova,MDA,2024,5.819,3067072,Upper middle,28.3911,47.0726
Mongolia,MNG,2024,5.833,3431938,Upper middle,103.3987,47.0864
Montenegro,MNE,2024,5.877,633553,Upper middle,19.2951,42.7369
Morocco,MAR,2024,4.622,37712516,Lower middle,-8.8172,28.6876
Mozambique,MOZ,2024,5.19,33635163,Low,35.2086,-17.5252
Myanmar,MMR,2024,4.321,54133800,Lower middle,97.0889,19.9012
Namibia,NAM,2024,4.911,2963102,Lower middle,18.1645,-21.9086
Nepal,NPL,2024,5.311,29694614,Lower middle,84.1339,28.3009
Netherlands,NLD,2024,7.306,18092526,High,5.5541,52.1341
New Zealand,NZL,2024,6.952,5172837,High,170.6904,-43.8277
Nicaragua,NIC,2024,6.33,6823619,Lower middle,-85.0161,12.8936
Niger,NER,2024,4.725,26159863,Low,8.8686,17.0811
Nigeria,NGA,2024,4.885,227882949,Lower middle,8.1477,9.6103
North Macedonia,MKD,2024,5.503,1831800,Upper middle,21.71,41.594
Norway,NOR,2024,7.262,5519167,High,16.6703,64.9778
Oman,OMN,2024,6.197,5049267,High,55.8411,20.7243
Pakistan,PAK,2024,4.768,247504505,Lower middle,69.0884,30.1162
Palestine,PSE,2024,4.78,5409201,Lower middle,35.2,31.9
Panama,PAN,2024,6.407,4458758,High,-80.1443,8.4395
Paraguay,PRY,2024,6.172,6844150,Upper middle,-58.3891,-23.4219
Peru,PER,2024,5.947,33845616,Upper middle,-74.1142,-8.5227
Philippines,PHL,2024,6.107,114891199,Lower middle,121.8221,15.5865
Poland,POL,2024,6.673,38762847,High,19.4357,52.0685
Portugal,PRT,2024,6.013,10430735,High,-7.9337,39.6753
Romania,ROU,2024,6.563,19118482,High,25.0942,45.8245
Russia,RUS,2024,5.945,145440502,High,98.6705,59.0394
Saudi Arabia,SAU,2024,6.6,33264289,High,44.601,24.136
Senegal,SEN,2024,4.856,18077573,Lower middle,-14.6109,14.2289
Serbia,SRB,2024,6.606,6773204,Upper middle,20.8568,44.0268
Sierra Leone,SLE,2024,2.998,8460523,Low,-11.7866,8.5613
Singapore,SGP,2024,6.565,5789092,High,103.8,1.35
Slovakia,SVK,2024,6.221,5518057,High,19.581,48.6981
Slovenia,SVN,2024,6.792,2118394,High,14.8906,46.1376
Somalia,SOM,2024,4.347,18358622,Low,45.4004,6.5245
South Africa,ZAF,2024,5.213,63212386,Upper middle,24.7525,-28.5536
South Korea,KOR,2024,6.038,51748744,High,127.7622,36.4024
Spain,ESP,2024,6.466,47911583,High,-16.538,28.2977
Sri Lanka,LKA,2024,3.891,22971615,Lower middle,80.6693,7.6966
Sweden,SWE,2024,7.345,10551493,High,17.0624,62.7342
Switzerland,CHE,2024,6.935,8870564,High,8.2869,46.7368
Taiwan,TWN,2024,6.669,23317145,High,121.0,23.7
Tajikistan,TJK,2024,5.411,10389807,Lower middle,70.9422,38.5693
Tanzania,TZA,2024,3.8,66617607,Lower middle,34.8183,-6.3558
Thailand,THA,2024,6.222,71702436,Upper middle,101.0868,13.6622
Togo,TGO,2024,4.315,8223853,Low,0.8991,8.6607
Trinidad and Tobago,TTO,2024,5.905,1502938,High,-61.3724,10.4155
Tunisia,TUN,2024,4.552,12200434,Lower middle,9.6559,34.0864
Turkey,TUR,2024,5.262,87270502,Upper middle,35.5689,38.9321
Uganda,UGA,2024,4.461,48656606,Low,32.3437,1.2822
Ukraine,UKR,2024,4.68,37732833,Upper middle,31.2738,48.6575
United Arab Emirates,ARE,2024,6.759,10642089,High,54.2792,24.1825
United Kingdom,GBR,2024,6.728,68682965,High,-2.8529,53.9784
United States,USA,2024,6.724,343477330,High,-96.3316,38.8208
Uruguay,URY,2024,6.661,3388083,High,-56.0192,-32.782
Uzbekistan,UZB,2024,6.193,35652311,Lower middle,63.8548,41.4879
Venezuela,VEN,2024,5.683,28300861,Lower middle,-66.3649,7.1483
Vietnam,VNM,2024,6.352,100352189,Lower middle,105.9134,16.5173
Yemen,YEM,2024,3.561,39390800,Low,47.4682,16.0014
Zambia,ZMB,2024,3.912,20723967,Lower middle,27.7552,-13.1628
Zimbabwe,ZWE,2024,3.396,16340829,Lower middle,29.7178,-18.927
Afghanistan,AFG,2025,1.446,41454762,Low,66.5922,34.134
Albania,ALB,2025,5.662,2811660,Upper middle,20.0611,41.1417
Algeria,DZA,2025,5.714,46164222,Upper middle,2.6558,28.351
Argentina,ARG,2025,6.43,45538402,Upper middle,-64.5324,-35.6973
Armenia,ARM,2025,5.584,2943398,Upper middle,45.0549,40.1784
Australia,AUS,2025,6.916,26451126,High,134.0228,-25.6973
Austria,AUT,2025,6.845,9130434,High,13.7978,47.6319
Azerbaijan,AZE,2025,4.993,10318209,Upper middle,48.6346,40.3921
Bahrain,BHR,2025,6.254,1569674,High,50.5407,26.048
Bangladesh,BGD,2025,4.319,171466986,Lower middle,90.4321,23.6737
Belgium,BEL,2025,6.926,11712891,High,4.675,50.6182
Belize,BLZ,2025,6.711,411112,Upper middle,-88.6827,17.2425
Benin,BEN,2025,4.393,14111035,Lower middle,2.3057,9.503
Bolivia,BOL,2025,5.835,12244161,Lower middle,-64.4521,-16.7312
Bosnia and Herzegovina,BIH,2025,6.381,3185072,Upper middle,17.8347,44.1442
Botswana,BWA,2025,3.464,2480242,Upper middle,23.8578,-22.2366
Brazil,BRA,2025,6.634,211140731,Upper middle,-54.3552,-11.5246
Bulgaria,BGR,2025,5.703,6795805,High,25.2517,42.8204
Burkina Faso,BFA,2025,4.455,23025777,Low,-1.6933,12.1087
Cambodia,KHM,2025,4.462,17423884,Lower middle,105.0397,12.6992
Cameroon,CMR,2025,5.083,28372690,Lower middle,12.9485,6.2942
Canada,CAN,2025,6.741,39299098,High,-98.4168,57.5505
Chad,TCD,2025,4.385,19319075,Low,18.4271,15.2835
Chile,CHL,2025,6.302,19658833,High,-70.7686,-37.8294
China,CHN,2025,6.074,1422584930,Upper middle,104.6911,38.0733
Colombia,COL,2025,6.04,52321152,Upper middle,-72.6445,4.1878
Comoros,COM,2025,3.925,850390,Lower middle,43.3483,-11.6589
Congo,COG,2025,4.456,6182890,Lower middle,14.8797,-0.7294
Costa Rica,CRI,2025,7.439,5105526,High,-84.1467,9.8635
Cote d'Ivoire,CIV,2025,5.148,31165653,Lower middle,-5.5717,7.5368
Croatia,HRV,2025,6.009,3896023,High,16.6258,44.9119
Cyprus,CYP,2025,6.126,1344981,High,33.3753,35.117
Czechia,CZE,2025,6.821,10809722,High,15.3833,49.7492
Democratic Republic of Congo,COD,2025,3.761,105789733,Low,23.4198,-3.3386
Denmark,DNK,2025,7.539,5948134,High,9.3787,56.0012
Dominican Republic,DOM,2025,6.093,11331269,Upper middle,-70.435,18.7795
Ecuador,ECU,2025,6.144,17980079,Upper middle,-78.463,-1.5643
Egypt,EGY,2025,3.862,114535772,Lower middle,30.2401,26.6052
El Salvador,SLV,2025,6.578,6309629,Upper middle,-88.8591,13.758
Estonia,EST,2025,6.41,1367195,High,25.9169,58.6481
Eswatini,SWZ,2025,3.909,1230507,Lower middle,31.5107,-26.5625
Ethiopia,ETH,2025,3.985,128691695,Low,39.9149,8.7294
Finland,FIN,2025,7.764,5601185,High,25.6574,65.0158
France,FRA,2025,6.586,66438828,High,2.194,46.6424
Gabon,GAB,2025,5.167,2484790,Upper middle,11.8394,-0.6284
Gambia,GMB,2025,4.306,2697846,Low,-15.3834,13.4286
Georgia,GEO,2025,5.517,3807494,Upper middle,43.3789,42.1799
Germany,DEU,2025,6.882,84548233,High,10.4262,51.083
Ghana,GHA,2025,4.554,33787916,Lower middle,-1.2192,7.9453
Greece,GRC,2025,5.697,10242910,High,23.1104,39.4201
Guatemala,GTM,2025,6.533,18124841,Upper middle,-90.3122,15.8209
Guinea,GIN,2025,4.609,14405469,Lower middle,-10.9869,10.256
Honduras,HND,2025,6.096,10644853,Lower middle,-86.4925,14.7404
Hong Kong,HKG,2025,5.569,7442738,High,114.2,22.3
Hungary,HUN,2025,5.937,9686465,High,19.3962,47.2253
Iceland,ISL,2025,7.54,387559,High,-19.0568,65.1236
India,IND,2025,4.536,1438069597,Lower middle,81.173,23.5863
Indonesia,IDN,2025,5.617,281190068,Upper middle,113.9654,0.1559
Iran,IRN,2025,5.151,90608708,Upper middle,54.2371,32.906
Iraq,IRQ,2025,5.212,45074055,Upper middle,43.8325,33.1051
Ireland,IRL,2025,6.928,5196629,High,-8.2411,53.3049
Israel,ISR,2025,7.187,9256311,High,35.0279,31.5135
Italy,ITA,2025,6.574,59499452,High,12.7637,42.982
Jamaica,JAM,2025,6.305,2839785,Upper middle,-77.3036,18.1221
Japan,JPN,2025,6.13,124370947,High,137.4693,36.7674
Jordan,JOR,2025,4.478,11439220,Upper middle,36.9573,31.3871
Kazakhstan,KAZ,2025,6.633,20330109,Upper middle,66.3759,47.6415
Kenya,KEN,2025,4.674,55339007,Lower middle,37.9531,0.6899
Kuwait,KWT,2025,6.543,4838781,High,47.5631,29.2814
Kyrgyzstan,KGZ,2025,6.049,7073523,Lower middle,74.1753,41.357
Laos,LAO,2025,5.515,7665001,Lower middle,103.7638,18.1173
Latvia,LVA,2025,6.365,1882399,High,24.6937,56.8139
Lebanon,LBN,2025,3.723,5773494,Lower middle,35.8965,33.9116
Lesotho,LSO,2025,4.375,2311476,Lower middle,28.2448,-29.6017
Liberia,LBR,2025,4.28,5493035,Low,-9.259,6.5201
Libya,LBY,2025,5.731,7305659,Upper middle,17.9113,27.2029
Lithuania,LTU,2025,6.704,2854104,High,23.946,55.2944
Luxembourg,LUX,2025,7.063,665101,High,6.1032,49.7752
Madagascar,MDG,2025,4.174,31195937,Low,46.6849,-19.0416
Malawi,MWI,2025,3.284,21104480,Low,34.2344,-13.129
Malaysia,MYS,2025,6.005,35126295,Upper middle,114.6333,3.6717
Mali,MLI,2025,4.588,23769130,Low,-4.3464,17.1681
Malta,MLT,2025,6.436,532964,High,14.4419,35.8905
Mauritania,MRT,2025,4.473,5022442,Lower middle,-10.4951,20.4667
Mauritius,MUS,2025,5.939,1273591,Upper middle,57.5642,-20.2814
Mexico,MEX,2025,6.972,129739761,Upper middle,-101.554,23.8744
Moldova,MDA,2025,5.851,3067072,Upper middle,28.3911,47.0726
Mongolia,MNG,2025,5.936,3431938,Upper middle,103.3987,47.0864
Montenegro,MNE,2025,6.139,633553,Upper middle,19.2951,42.7369
Morocco,MAR,2025,4.646,37712516,Lower middle,-8.8172,28.6876
Mozambique,MOZ,2025,5.336,33635163,Low,35.2086,-17.5252
Myanmar,MMR,2025,4.287,54133800,Lower middle,97.0889,19.9012
Namibia,NAM,2025,4.781,2963102,Lower middle,18.1645,-21.9086
Nepal,NPL,2025,5.147,29694614,Lower middle,84.1339,28.3009
Netherlands,NLD,2025,7.223,18092526,High,5.5541,52.1341
New Zealand,NZL,2025,6.995,5172837,High,170.6904,-43.8277
Nicaragua,NIC,2025,6.301,6823619,Lower middle,-85.0161,12.8936
Niger,NER,2025,4.94,26159863,Low,8.8686,17.0811
Nigeria,NGA,2025,4.788,227882949,Lower middle,8.1477,9.6103
North Macedonia,MKD,2025,5.719,1831800,Upper middle,21.71,41.594
Norway,NOR,2025,7.242,5519167,High,16.6703,64.9778
Oman,OMN,2025,6.197,5049267,High,55.8411,20.7243
Pakistan,PAK,2025,4.868,247504505,Lower middle,69.0884,30.1162
Palestine,PSE,2025,4.694,5409201,Lower middle,35.2,31.9
Panama,PAN,2025,6.547,4458758,High,-80.1443,8.4395
Paraguay,PRY,2025,6.198,6844150,Upper middle,-58.3891,-23.4219
Peru,PER,2025,5.974,33845616,Upper middle,-74.1142,-8.5227
Philippines,PHL,2025,6.206,114891199,Upper middle,121.8221,15.5865
Poland,POL,2025,6.768,38762847,High,19.4357,52.0685
Portugal,PRT,2025,6.029,10430735,High,-7.9337,39.6753
Romania,ROU,2025,6.629,19118482,High,25.0942,45.8245
Russia,RUS,2025,5.834,145440502,High,98.6705,59.0394
Saudi Arabia,SAU,2025,6.817,33264289,High,44.601,24.136
Senegal,SEN,2025,4.787,18077573,Lower middle,-14.6109,14.2289
Serbia,SRB,2025,6.691,6773204,Upper middle,20.8568,44.0268
Sierra Leone,SLE,2025,3.251,8460523,Low,-11.7866,8.5613
Singapore,SGP,2025,6.585,5789092,High,103.8,1.35
Slovakia,SVK,2025,6.255,5518057,High,19.581,48.6981
Slovenia,SVN,2025,6.868,2118394,High,14.8906,46.1376
Somalia,SOM,2025,4.508,18358622,Low,45.4004,6.5245
South Africa,ZAF,2025,5.009,63212386,Upper middle,24.7525,-28.5536
South Korea,KOR,2025,6.04,51748744,High,127.7622,36.4024
Spain,ESP,2025,6.54,47911583,High,-16.538,28.2977
Sri Lanka,LKA,2025,4.013,22971615,Upper middle,80.6693,7.6966
Sweden,SWE,2025,7.255,10551493,High,17.0624,62.7342
Switzerland,CHE,2025,7.018,8870564,High,8.2869,46.7368
Taiwan,TWN,2025,6.714,23317145,High,121.0,23.7
Tajikistan,TJK,2025,5.591,10389807,Lower middle,70.9422,38.5693
Tanzania,TZA,2025,3.902,66617607,Lower middle,34.8183,-6.3558
Thailand,THA,2025,6.296,71702436,Upper middle,101.0868,13.6622
Togo,TGO,2025,4.277,8223853,Lower middle,0.8991,8.6607
Trinidad and Tobago,TTO,2025,5.905,1502938,High,-61.3724,10.4155
Tunisia,TUN,2025,4.798,12200434,Lower middle,9.6559,34.0864
Turkey,TUR,2025,5.3,87270502,Upper middle,35.5689,38.9321
Uganda,UGA,2025,4.491,48656606,Low,32.3437,1.2822
Ukraine,UKR,2025,4.658,37732833,Upper middle,31.2738,48.6575
United Arab Emirates,ARE,2025,6.821,10642089,High,54.2792,24.1825
United Kingdom,GBR,2025,6.694,68682965,High,-2.8529,53.9784
United States,USA,2025,6.816,343477330,High,-96.3316,38.8208
Uruguay,URY,2025,6.635,3388083,High,-56.0192,-32.782
Uzbekistan,UZB,2025,6.283,35652311,Lower middle,63.8548,41.4879
Venezuela,VEN,2025,5.756,28300861,Lower middle,-66.3649,7.1483
Vietnam,VNM,2025,6.428,100352189,Upper middle,105.9134,16.5173
Yemen,YEM,2025,3.532,39390800,Low,47.4682,16.0014
Zambia,ZMB,2025,4.106,20723967,Lower middle,27.7552,-13.1628
Zimbabwe,ZWE,2025,3.346,16340829,Lower middle,29.7178,-18.927
